<?xml version="1.0" encoding="UTF-8"?>
<gpx creator="StravaGPX" version="1.1" xmlns="http://www.topografix.com/GPX/1/1" xmlns:xsi="http://www.w3.org/2001/XMLSchema-instance" xsi:schemaLocation="http://www.topografix.com/GPX/1/1 http://www.topografix.com/GPX/1/1/gpx.xsd">
 <trk>
  <name>Easy Turbine cruise with Sean</name>
  <type>trail_running</type>
  <trkseg>
   <trkpt lat="-41.2906340" lon="174.7794130">
    <ele>16.0</ele>
   </trkpt>
   <trkpt lat="-41.2906340" lon="174.7794130">
    <ele>16.0</ele>
   </trkpt>
   <trkpt lat="-41.2906300" lon="174.7794090">
    <ele>16.0</ele>
   </trkpt>
   <trkpt lat="-41.2906220" lon="174.7794010">
    <ele>16.0</ele>
   </trkpt>
   <trkpt lat="-41.2906150" lon="174.7793930">
    <ele>16.0</ele>
   </trkpt>
   <trkpt lat="-41.2906010" lon="174.7793820">
    <ele>16.0</ele>
   </trkpt>
   <trkpt lat="-41.2905860" lon="174.7793720">
    <ele>16.0</ele>
   </trkpt>
   <trkpt lat="-41.2905670" lon="174.7793600">
    <ele>16.0</ele>
   </trkpt>
   <trkpt lat="-41.2905480" lon="174.7793480">
    <ele>16.0</ele>
   </trkpt>
   <trkpt lat="-41.2905250" lon="174.7793360">
    <ele>16.0</ele>
   </trkpt>
   <trkpt lat="-41.2905020" lon="174.7793250">
    <ele>16.0</ele>
   </trkpt>
   <trkpt lat="-41.2904770" lon="174.7793140">
    <ele>16.0</ele>
   </trkpt>
   <trkpt lat="-41.2904520" lon="174.7793020">
    <ele>16.0</ele>
   </trkpt>
   <trkpt lat="-41.2904270" lon="174.7792900">
    <ele>16.0</ele>
   </trkpt>
   <trkpt lat="-41.2904020" lon="174.7792780">
    <ele>16.0</ele>
   </trkpt>
   <trkpt lat="-41.2903780" lon="174.7792640">
    <ele>16.0</ele>
   </trkpt>
   <trkpt lat="-41.2903530" lon="174.7792500">
    <ele>16.0</ele>
   </trkpt>
   <trkpt lat="-41.2903300" lon="174.7792360">
    <ele>16.0</ele>
   </trkpt>
   <trkpt lat="-41.2903060" lon="174.7792210">
    <ele>16.0</ele>
   </trkpt>
   <trkpt lat="-41.2902820" lon="174.7792070">
    <ele>16.0</ele>
   </trkpt>
   <trkpt lat="-41.2902580" lon="174.7791920">
    <ele>16.0</ele>
   </trkpt>
   <trkpt lat="-41.2902350" lon="174.7791780">
    <ele>16.0</ele>
   </trkpt>
   <trkpt lat="-41.2902120" lon="174.7791640">
    <ele>16.0</ele>
   </trkpt>
   <trkpt lat="-41.2901960" lon="174.7791440">
    <ele>16.0</ele>
   </trkpt>
   <trkpt lat="-41.2901800" lon="174.7791250">
    <ele>16.0</ele>
   </trkpt>
   <trkpt lat="-41.2901680" lon="174.7790970">
    <ele>16.0</ele>
   </trkpt>
   <trkpt lat="-41.2901560" lon="174.7790690">
    <ele>16.0</ele>
   </trkpt>
   <trkpt lat="-41.2901400" lon="174.7790430">
    <ele>16.0</ele>
   </trkpt>
   <trkpt lat="-41.2901230" lon="174.7790170">
    <ele>16.0</ele>
   </trkpt>
   <trkpt lat="-41.2901020" lon="174.7789990">
    <ele>16.0</ele>
   </trkpt>
   <trkpt lat="-41.2900810" lon="174.7789800">
    <ele>16.0</ele>
   </trkpt>
   <trkpt lat="-41.2900570" lon="174.7789670">
    <ele>16.0</ele>
   </trkpt>
   <trkpt lat="-41.2900340" lon="174.7789550">
    <ele>16.0</ele>
   </trkpt>
   <trkpt lat="-41.2900110" lon="174.7789450">
    <ele>16.0</ele>
   </trkpt>
   <trkpt lat="-41.2899890" lon="174.7789350">
    <ele>16.0</ele>
   </trkpt>
   <trkpt lat="-41.2899670" lon="174.7789230">
    <ele>16.0</ele>
   </trkpt>
   <trkpt lat="-41.2899460" lon="174.7789110">
    <ele>16.0</ele>
   </trkpt>
   <trkpt lat="-41.2899240" lon="174.7788990">
    <ele>16.0</ele>
   </trkpt>
   <trkpt lat="-41.2899020" lon="174.7788860">
    <ele>16.0</ele>
   </trkpt>
   <trkpt lat="-41.2898800" lon="174.7788740">
    <ele>16.0</ele>
   </trkpt>
   <trkpt lat="-41.2898590" lon="174.7788620">
    <ele>17.0</ele>
   </trkpt>
   <trkpt lat="-41.2898400" lon="174.7788500">
    <ele>17.0</ele>
   </trkpt>
   <trkpt lat="-41.2898210" lon="174.7788380">
    <ele>17.0</ele>
   </trkpt>
   <trkpt lat="-41.2898110" lon="174.7788230">
    <ele>17.0</ele>
   </trkpt>
   <trkpt lat="-41.2898000" lon="174.7788080">
    <ele>17.0</ele>
   </trkpt>
   <trkpt lat="-41.2898010" lon="174.7787830">
    <ele>18.0</ele>
   </trkpt>
   <trkpt lat="-41.2898020" lon="174.7787580">
    <ele>18.0</ele>
   </trkpt>
   <trkpt lat="-41.2898070" lon="174.7787200">
    <ele>18.0</ele>
   </trkpt>
   <trkpt lat="-41.2898130" lon="174.7786830">
    <ele>18.0</ele>
   </trkpt>
   <trkpt lat="-41.2898210" lon="174.7786430">
    <ele>18.0</ele>
   </trkpt>
   <trkpt lat="-41.2898290" lon="174.7786030">
    <ele>18.0</ele>
   </trkpt>
   <trkpt lat="-41.2898360" lon="174.7785650">
    <ele>17.0</ele>
   </trkpt>
   <trkpt lat="-41.2898430" lon="174.7785270">
    <ele>17.0</ele>
   </trkpt>
   <trkpt lat="-41.2898490" lon="174.7784890">
    <ele>17.0</ele>
   </trkpt>
   <trkpt lat="-41.2898550" lon="174.7784500">
    <ele>17.0</ele>
   </trkpt>
   <trkpt lat="-41.2898590" lon="174.7784110">
    <ele>17.0</ele>
   </trkpt>
   <trkpt lat="-41.2898620" lon="174.7783720">
    <ele>17.0</ele>
   </trkpt>
   <trkpt lat="-41.2898630" lon="174.7783340">
    <ele>17.0</ele>
   </trkpt>
   <trkpt lat="-41.2898640" lon="174.7782950">
    <ele>17.0</ele>
   </trkpt>
   <trkpt lat="-41.2898630" lon="174.7782570">
    <ele>17.0</ele>
   </trkpt>
   <trkpt lat="-41.2898610" lon="174.7782200">
    <ele>17.0</ele>
   </trkpt>
   <trkpt lat="-41.2898570" lon="174.7781850">
    <ele>17.0</ele>
   </trkpt>
   <trkpt lat="-41.2898530" lon="174.7781500">
    <ele>17.0</ele>
   </trkpt>
   <trkpt lat="-41.2898470" lon="174.7781190">
    <ele>17.0</ele>
   </trkpt>
   <trkpt lat="-41.2898400" lon="174.7780880">
    <ele>17.0</ele>
   </trkpt>
   <trkpt lat="-41.2898320" lon="174.7780600">
    <ele>17.0</ele>
   </trkpt>
   <trkpt lat="-41.2898240" lon="174.7780320">
    <ele>17.0</ele>
   </trkpt>
   <trkpt lat="-41.2898170" lon="174.7780090">
    <ele>17.0</ele>
   </trkpt>
   <trkpt lat="-41.2898100" lon="174.7779860">
    <ele>17.0</ele>
   </trkpt>
   <trkpt lat="-41.2898060" lon="174.7779780">
    <ele>17.0</ele>
   </trkpt>
   <trkpt lat="-41.2898030" lon="174.7779690">
    <ele>17.0</ele>
   </trkpt>
   <trkpt lat="-41.2897980" lon="174.7779540">
    <ele>17.0</ele>
   </trkpt>
   <trkpt lat="-41.2897940" lon="174.7779400">
    <ele>17.0</ele>
   </trkpt>
   <trkpt lat="-41.2897910" lon="174.7779210">
    <ele>17.0</ele>
   </trkpt>
   <trkpt lat="-41.2897880" lon="174.7779020">
    <ele>17.0</ele>
   </trkpt>
   <trkpt lat="-41.2897880" lon="174.7779020">
    <ele>17.0</ele>
   </trkpt>
   <trkpt lat="-41.2897880" lon="174.7779020">
    <ele>17.0</ele>
   </trkpt>
   <trkpt lat="-41.2897880" lon="174.7779020">
    <ele>17.0</ele>
   </trkpt>
   <trkpt lat="-41.2897880" lon="174.7779020">
    <ele>17.0</ele>
   </trkpt>
   <trkpt lat="-41.2897880" lon="174.7779020">
    <ele>17.0</ele>
   </trkpt>
   <trkpt lat="-41.2898030" lon="174.7778810">
    <ele>17.0</ele>
   </trkpt>
   <trkpt lat="-41.2898050" lon="174.7778570">
    <ele>17.0</ele>
   </trkpt>
   <trkpt lat="-41.2898070" lon="174.7778330">
    <ele>17.0</ele>
   </trkpt>
   <trkpt lat="-41.2898030" lon="174.7777790">
    <ele>17.0</ele>
   </trkpt>
   <trkpt lat="-41.2898000" lon="174.7777260">
    <ele>17.0</ele>
   </trkpt>
   <trkpt lat="-41.2897890" lon="174.7776740">
    <ele>17.0</ele>
   </trkpt>
   <trkpt lat="-41.2897780" lon="174.7776230">
    <ele>17.0</ele>
   </trkpt>
   <trkpt lat="-41.2897640" lon="174.7775750">
    <ele>17.0</ele>
   </trkpt>
   <trkpt lat="-41.2897500" lon="174.7775280">
    <ele>17.0</ele>
   </trkpt>
   <trkpt lat="-41.2897340" lon="174.7774830">
    <ele>17.0</ele>
   </trkpt>
   <trkpt lat="-41.2897180" lon="174.7774380">
    <ele>17.0</ele>
   </trkpt>
   <trkpt lat="-41.2897010" lon="174.7774000">
    <ele>17.0</ele>
   </trkpt>
   <trkpt lat="-41.2896830" lon="174.7773620">
    <ele>17.0</ele>
   </trkpt>
   <trkpt lat="-41.2896630" lon="174.7773310">
    <ele>17.0</ele>
   </trkpt>
   <trkpt lat="-41.2896440" lon="174.7773000">
    <ele>17.0</ele>
   </trkpt>
   <trkpt lat="-41.2896230" lon="174.7772720">
    <ele>17.0</ele>
   </trkpt>
   <trkpt lat="-41.2896030" lon="174.7772440">
    <ele>17.0</ele>
   </trkpt>
   <trkpt lat="-41.2895830" lon="174.7772160">
    <ele>17.0</ele>
   </trkpt>
   <trkpt lat="-41.2895630" lon="174.7771880">
    <ele>17.0</ele>
   </trkpt>
   <trkpt lat="-41.2895440" lon="174.7771580">
    <ele>17.0</ele>
   </trkpt>
   <trkpt lat="-41.2895250" lon="174.7771290">
    <ele>17.0</ele>
   </trkpt>
   <trkpt lat="-41.2895070" lon="174.7770980">
    <ele>17.0</ele>
   </trkpt>
   <trkpt lat="-41.2894880" lon="174.7770660">
    <ele>17.0</ele>
   </trkpt>
   <trkpt lat="-41.2894700" lon="174.7770330">
    <ele>17.0</ele>
   </trkpt>
   <trkpt lat="-41.2894520" lon="174.7770000">
    <ele>17.0</ele>
   </trkpt>
   <trkpt lat="-41.2894350" lon="174.7769670">
    <ele>17.0</ele>
   </trkpt>
   <trkpt lat="-41.2894180" lon="174.7769350">
    <ele>17.0</ele>
   </trkpt>
   <trkpt lat="-41.2894030" lon="174.7769020">
    <ele>17.0</ele>
   </trkpt>
   <trkpt lat="-41.2893880" lon="174.7768690">
    <ele>17.0</ele>
   </trkpt>
   <trkpt lat="-41.2893740" lon="174.7768360">
    <ele>17.0</ele>
   </trkpt>
   <trkpt lat="-41.2893610" lon="174.7768040">
    <ele>17.0</ele>
   </trkpt>
   <trkpt lat="-41.2893460" lon="174.7767710">
    <ele>17.0</ele>
   </trkpt>
   <trkpt lat="-41.2893320" lon="174.7767370">
    <ele>17.0</ele>
   </trkpt>
   <trkpt lat="-41.2893170" lon="174.7767050">
    <ele>17.0</ele>
   </trkpt>
   <trkpt lat="-41.2893020" lon="174.7766730">
    <ele>17.0</ele>
   </trkpt>
   <trkpt lat="-41.2892850" lon="174.7766430">
    <ele>17.0</ele>
   </trkpt>
   <trkpt lat="-41.2892690" lon="174.7766120">
    <ele>17.0</ele>
   </trkpt>
   <trkpt lat="-41.2892510" lon="174.7765810">
    <ele>17.0</ele>
   </trkpt>
   <trkpt lat="-41.2892330" lon="174.7765500">
    <ele>17.0</ele>
   </trkpt>
   <trkpt lat="-41.2892140" lon="174.7765200">
    <ele>17.0</ele>
   </trkpt>
   <trkpt lat="-41.2891950" lon="174.7764910">
    <ele>17.0</ele>
   </trkpt>
   <trkpt lat="-41.2891770" lon="174.7764620">
    <ele>17.0</ele>
   </trkpt>
   <trkpt lat="-41.2891590" lon="174.7764330">
    <ele>17.0</ele>
   </trkpt>
   <trkpt lat="-41.2891420" lon="174.7764010">
    <ele>17.0</ele>
   </trkpt>
   <trkpt lat="-41.2891240" lon="174.7763690">
    <ele>17.0</ele>
   </trkpt>
   <trkpt lat="-41.2891130" lon="174.7763330">
    <ele>17.0</ele>
   </trkpt>
   <trkpt lat="-41.2891020" lon="174.7762970">
    <ele>17.0</ele>
   </trkpt>
   <trkpt lat="-41.2890970" lon="174.7762540">
    <ele>17.0</ele>
   </trkpt>
   <trkpt lat="-41.2890930" lon="174.7762120">
    <ele>17.0</ele>
   </trkpt>
   <trkpt lat="-41.2890930" lon="174.7761680">
    <ele>17.0</ele>
   </trkpt>
   <trkpt lat="-41.2890930" lon="174.7761240">
    <ele>18.0</ele>
   </trkpt>
   <trkpt lat="-41.2890970" lon="174.7760850">
    <ele>18.0</ele>
   </trkpt>
   <trkpt lat="-41.2891000" lon="174.7760470">
    <ele>18.0</ele>
   </trkpt>
   <trkpt lat="-41.2891060" lon="174.7760180">
    <ele>18.0</ele>
   </trkpt>
   <trkpt lat="-41.2891110" lon="174.7759900">
    <ele>18.0</ele>
   </trkpt>
   <trkpt lat="-41.2891140" lon="174.7759640">
    <ele>18.0</ele>
   </trkpt>
   <trkpt lat="-41.2891160" lon="174.7759370">
    <ele>18.0</ele>
   </trkpt>
   <trkpt lat="-41.2891140" lon="174.7759110">
    <ele>18.0</ele>
   </trkpt>
   <trkpt lat="-41.2891130" lon="174.7758850">
    <ele>18.0</ele>
   </trkpt>
   <trkpt lat="-41.2891110" lon="174.7758540">
    <ele>18.0</ele>
   </trkpt>
   <trkpt lat="-41.2891100" lon="174.7758230">
    <ele>18.0</ele>
   </trkpt>
   <trkpt lat="-41.2891070" lon="174.7757870">
    <ele>18.0</ele>
   </trkpt>
   <trkpt lat="-41.2891040" lon="174.7757510">
    <ele>18.0</ele>
   </trkpt>
   <trkpt lat="-41.2890980" lon="174.7757140">
    <ele>18.0</ele>
   </trkpt>
   <trkpt lat="-41.2890910" lon="174.7756780">
    <ele>18.0</ele>
   </trkpt>
   <trkpt lat="-41.2890770" lon="174.7756430">
    <ele>18.0</ele>
   </trkpt>
   <trkpt lat="-41.2890640" lon="174.7756080">
    <ele>18.0</ele>
   </trkpt>
   <trkpt lat="-41.2890450" lon="174.7755790">
    <ele>18.0</ele>
   </trkpt>
   <trkpt lat="-41.2890270" lon="174.7755510">
    <ele>18.0</ele>
   </trkpt>
   <trkpt lat="-41.2890050" lon="174.7755330">
    <ele>18.0</ele>
   </trkpt>
   <trkpt lat="-41.2889840" lon="174.7755140">
    <ele>19.0</ele>
   </trkpt>
   <trkpt lat="-41.2889630" lon="174.7754980">
    <ele>19.0</ele>
   </trkpt>
   <trkpt lat="-41.2889430" lon="174.7754820">
    <ele>19.0</ele>
   </trkpt>
   <trkpt lat="-41.2889230" lon="174.7754640">
    <ele>19.0</ele>
   </trkpt>
   <trkpt lat="-41.2889040" lon="174.7754450">
    <ele>19.0</ele>
   </trkpt>
   <trkpt lat="-41.2888850" lon="174.7754230">
    <ele>19.0</ele>
   </trkpt>
   <trkpt lat="-41.2888660" lon="174.7754000">
    <ele>19.0</ele>
   </trkpt>
   <trkpt lat="-41.2888450" lon="174.7753760">
    <ele>19.0</ele>
   </trkpt>
   <trkpt lat="-41.2888250" lon="174.7753520">
    <ele>19.0</ele>
   </trkpt>
   <trkpt lat="-41.2888030" lon="174.7753270">
    <ele>19.0</ele>
   </trkpt>
   <trkpt lat="-41.2887820" lon="174.7753030">
    <ele>19.0</ele>
   </trkpt>
   <trkpt lat="-41.2887670" lon="174.7752780">
    <ele>19.0</ele>
   </trkpt>
   <trkpt lat="-41.2887510" lon="174.7752540">
    <ele>19.0</ele>
   </trkpt>
   <trkpt lat="-41.2887470" lon="174.7752310">
    <ele>19.0</ele>
   </trkpt>
   <trkpt lat="-41.2887440" lon="174.7752080">
    <ele>19.0</ele>
   </trkpt>
   <trkpt lat="-41.2887470" lon="174.7751900">
    <ele>19.0</ele>
   </trkpt>
   <trkpt lat="-41.2887500" lon="174.7751710">
    <ele>19.0</ele>
   </trkpt>
   <trkpt lat="-41.2887540" lon="174.7751540">
    <ele>19.0</ele>
   </trkpt>
   <trkpt lat="-41.2887580" lon="174.7751370">
    <ele>19.0</ele>
   </trkpt>
   <trkpt lat="-41.2887630" lon="174.7751180">
    <ele>19.0</ele>
   </trkpt>
   <trkpt lat="-41.2887680" lon="174.7751000">
    <ele>20.0</ele>
   </trkpt>
   <trkpt lat="-41.2887750" lon="174.7750800">
    <ele>20.0</ele>
   </trkpt>
   <trkpt lat="-41.2887820" lon="174.7750600">
    <ele>20.0</ele>
   </trkpt>
   <trkpt lat="-41.2887930" lon="174.7750400">
    <ele>20.0</ele>
   </trkpt>
   <trkpt lat="-41.2888050" lon="174.7750210">
    <ele>20.0</ele>
   </trkpt>
   <trkpt lat="-41.2888230" lon="174.7750050">
    <ele>20.0</ele>
   </trkpt>
   <trkpt lat="-41.2888410" lon="174.7749880">
    <ele>20.0</ele>
   </trkpt>
   <trkpt lat="-41.2888650" lon="174.7749730">
    <ele>20.0</ele>
   </trkpt>
   <trkpt lat="-41.2888890" lon="174.7749580">
    <ele>20.0</ele>
   </trkpt>
   <trkpt lat="-41.2889170" lon="174.7749500">
    <ele>20.0</ele>
   </trkpt>
   <trkpt lat="-41.2889450" lon="174.7749420">
    <ele>20.0</ele>
   </trkpt>
   <trkpt lat="-41.2889760" lon="174.7749270">
    <ele>20.0</ele>
   </trkpt>
   <trkpt lat="-41.2890070" lon="174.7749120">
    <ele>20.0</ele>
   </trkpt>
   <trkpt lat="-41.2890340" lon="174.7748800">
    <ele>20.0</ele>
   </trkpt>
   <trkpt lat="-41.2890610" lon="174.7748480">
    <ele>20.0</ele>
   </trkpt>
   <trkpt lat="-41.2890830" lon="174.7748090">
    <ele>20.0</ele>
   </trkpt>
   <trkpt lat="-41.2891050" lon="174.7747700">
    <ele>20.0</ele>
   </trkpt>
   <trkpt lat="-41.2891250" lon="174.7747330">
    <ele>20.0</ele>
   </trkpt>
   <trkpt lat="-41.2891440" lon="174.7746960">
    <ele>20.0</ele>
   </trkpt>
   <trkpt lat="-41.2891620" lon="174.7746630">
    <ele>20.0</ele>
   </trkpt>
   <trkpt lat="-41.2891790" lon="174.7746310">
    <ele>21.0</ele>
   </trkpt>
   <trkpt lat="-41.2891940" lon="174.7746070">
    <ele>21.0</ele>
   </trkpt>
   <trkpt lat="-41.2892080" lon="174.7745830">
    <ele>21.0</ele>
   </trkpt>
   <trkpt lat="-41.2892240" lon="174.7745660">
    <ele>21.0</ele>
   </trkpt>
   <trkpt lat="-41.2892410" lon="174.7745490">
    <ele>21.0</ele>
   </trkpt>
   <trkpt lat="-41.2892600" lon="174.7745360">
    <ele>22.0</ele>
   </trkpt>
   <trkpt lat="-41.2892800" lon="174.7745240">
    <ele>22.0</ele>
   </trkpt>
   <trkpt lat="-41.2893000" lon="174.7745150">
    <ele>22.0</ele>
   </trkpt>
   <trkpt lat="-41.2893190" lon="174.7745070">
    <ele>22.0</ele>
   </trkpt>
   <trkpt lat="-41.2893390" lon="174.7744990">
    <ele>22.0</ele>
   </trkpt>
   <trkpt lat="-41.2893590" lon="174.7744910">
    <ele>22.0</ele>
   </trkpt>
   <trkpt lat="-41.2893800" lon="174.7744820">
    <ele>22.0</ele>
   </trkpt>
   <trkpt lat="-41.2894010" lon="174.7744740">
    <ele>22.0</ele>
   </trkpt>
   <trkpt lat="-41.2894230" lon="174.7744680">
    <ele>22.0</ele>
   </trkpt>
   <trkpt lat="-41.2894450" lon="174.7744620">
    <ele>22.0</ele>
   </trkpt>
   <trkpt lat="-41.2894720" lon="174.7744560">
    <ele>23.0</ele>
   </trkpt>
   <trkpt lat="-41.2894990" lon="174.7744490">
    <ele>23.0</ele>
   </trkpt>
   <trkpt lat="-41.2895270" lon="174.7744380">
    <ele>23.0</ele>
   </trkpt>
   <trkpt lat="-41.2895550" lon="174.7744280">
    <ele>23.0</ele>
   </trkpt>
   <trkpt lat="-41.2895820" lon="174.7744140">
    <ele>23.0</ele>
   </trkpt>
   <trkpt lat="-41.2896090" lon="174.7744010">
    <ele>24.0</ele>
   </trkpt>
   <trkpt lat="-41.2896340" lon="174.7743890">
    <ele>24.0</ele>
   </trkpt>
   <trkpt lat="-41.2896600" lon="174.7743760">
    <ele>24.0</ele>
   </trkpt>
   <trkpt lat="-41.2896850" lon="174.7743640">
    <ele>24.0</ele>
   </trkpt>
   <trkpt lat="-41.2897110" lon="174.7743520">
    <ele>24.0</ele>
   </trkpt>
   <trkpt lat="-41.2897360" lon="174.7743400">
    <ele>24.0</ele>
   </trkpt>
   <trkpt lat="-41.2897610" lon="174.7743280">
    <ele>24.0</ele>
   </trkpt>
   <trkpt lat="-41.2897860" lon="174.7743140">
    <ele>24.0</ele>
   </trkpt>
   <trkpt lat="-41.2898120" lon="174.7743010">
    <ele>24.0</ele>
   </trkpt>
   <trkpt lat="-41.2898380" lon="174.7742860">
    <ele>24.0</ele>
   </trkpt>
   <trkpt lat="-41.2898650" lon="174.7742710">
    <ele>25.0</ele>
   </trkpt>
   <trkpt lat="-41.2898920" lon="174.7742560">
    <ele>25.0</ele>
   </trkpt>
   <trkpt lat="-41.2899200" lon="174.7742420">
    <ele>25.0</ele>
   </trkpt>
   <trkpt lat="-41.2899460" lon="174.7742290">
    <ele>25.0</ele>
   </trkpt>
   <trkpt lat="-41.2899720" lon="174.7742160">
    <ele>25.0</ele>
   </trkpt>
   <trkpt lat="-41.2899970" lon="174.7742040">
    <ele>26.0</ele>
   </trkpt>
   <trkpt lat="-41.2900210" lon="174.7741930">
    <ele>26.0</ele>
   </trkpt>
   <trkpt lat="-41.2900450" lon="174.7741830">
    <ele>26.0</ele>
   </trkpt>
   <trkpt lat="-41.2900690" lon="174.7741730">
    <ele>26.0</ele>
   </trkpt>
   <trkpt lat="-41.2900940" lon="174.7741630">
    <ele>26.0</ele>
   </trkpt>
   <trkpt lat="-41.2901200" lon="174.7741520">
    <ele>26.0</ele>
   </trkpt>
   <trkpt lat="-41.2901460" lon="174.7741380">
    <ele>26.0</ele>
   </trkpt>
   <trkpt lat="-41.2901720" lon="174.7741240">
    <ele>26.0</ele>
   </trkpt>
   <trkpt lat="-41.2901940" lon="174.7741090">
    <ele>26.0</ele>
   </trkpt>
   <trkpt lat="-41.2902170" lon="174.7740940">
    <ele>26.0</ele>
   </trkpt>
   <trkpt lat="-41.2902380" lon="174.7740800">
    <ele>27.0</ele>
   </trkpt>
   <trkpt lat="-41.2902600" lon="174.7740670">
    <ele>27.0</ele>
   </trkpt>
   <trkpt lat="-41.2902820" lon="174.7740570">
    <ele>27.0</ele>
   </trkpt>
   <trkpt lat="-41.2903030" lon="174.7740480">
    <ele>27.0</ele>
   </trkpt>
   <trkpt lat="-41.2903260" lon="174.7740430">
    <ele>27.0</ele>
   </trkpt>
   <trkpt lat="-41.2903490" lon="174.7740390">
    <ele>27.0</ele>
   </trkpt>
   <trkpt lat="-41.2903730" lon="174.7740390">
    <ele>27.0</ele>
   </trkpt>
   <trkpt lat="-41.2903970" lon="174.7740380">
    <ele>27.0</ele>
   </trkpt>
   <trkpt lat="-41.2904200" lon="174.7740360">
    <ele>27.0</ele>
   </trkpt>
   <trkpt lat="-41.2904440" lon="174.7740330">
    <ele>27.0</ele>
   </trkpt>
   <trkpt lat="-41.2904690" lon="174.7740240">
    <ele>28.0</ele>
   </trkpt>
   <trkpt lat="-41.2904940" lon="174.7740150">
    <ele>28.0</ele>
   </trkpt>
   <trkpt lat="-41.2905190" lon="174.7740010">
    <ele>28.0</ele>
   </trkpt>
   <trkpt lat="-41.2905450" lon="174.7739880">
    <ele>28.0</ele>
   </trkpt>
   <trkpt lat="-41.2905730" lon="174.7739690">
    <ele>28.0</ele>
   </trkpt>
   <trkpt lat="-41.2906000" lon="174.7739500">
    <ele>28.0</ele>
   </trkpt>
   <trkpt lat="-41.2906300" lon="174.7739260">
    <ele>28.0</ele>
   </trkpt>
   <trkpt lat="-41.2906600" lon="174.7739020">
    <ele>28.0</ele>
   </trkpt>
   <trkpt lat="-41.2906880" lon="174.7738820">
    <ele>28.0</ele>
   </trkpt>
   <trkpt lat="-41.2907160" lon="174.7738620">
    <ele>28.0</ele>
   </trkpt>
   <trkpt lat="-41.2907420" lon="174.7738470">
    <ele>29.0</ele>
   </trkpt>
   <trkpt lat="-41.2907680" lon="174.7738330">
    <ele>29.0</ele>
   </trkpt>
   <trkpt lat="-41.2907940" lon="174.7738210">
    <ele>29.0</ele>
   </trkpt>
   <trkpt lat="-41.2908190" lon="174.7738080">
    <ele>29.0</ele>
   </trkpt>
   <trkpt lat="-41.2908440" lon="174.7737950">
    <ele>29.0</ele>
   </trkpt>
   <trkpt lat="-41.2908700" lon="174.7737810">
    <ele>30.0</ele>
   </trkpt>
   <trkpt lat="-41.2908930" lon="174.7737670">
    <ele>30.0</ele>
   </trkpt>
   <trkpt lat="-41.2909170" lon="174.7737520">
    <ele>30.0</ele>
   </trkpt>
   <trkpt lat="-41.2909380" lon="174.7737380">
    <ele>30.0</ele>
   </trkpt>
   <trkpt lat="-41.2909600" lon="174.7737240">
    <ele>30.0</ele>
   </trkpt>
   <trkpt lat="-41.2909780" lon="174.7737110">
    <ele>31.0</ele>
   </trkpt>
   <trkpt lat="-41.2909970" lon="174.7736980">
    <ele>31.0</ele>
   </trkpt>
   <trkpt lat="-41.2910150" lon="174.7736850">
    <ele>31.0</ele>
   </trkpt>
   <trkpt lat="-41.2910330" lon="174.7736730">
    <ele>31.0</ele>
   </trkpt>
   <trkpt lat="-41.2910510" lon="174.7736590">
    <ele>31.0</ele>
   </trkpt>
   <trkpt lat="-41.2910690" lon="174.7736460">
    <ele>31.0</ele>
   </trkpt>
   <trkpt lat="-41.2910900" lon="174.7736320">
    <ele>31.0</ele>
   </trkpt>
   <trkpt lat="-41.2911100" lon="174.7736180">
    <ele>31.0</ele>
   </trkpt>
   <trkpt lat="-41.2911340" lon="174.7736050">
    <ele>31.0</ele>
   </trkpt>
   <trkpt lat="-41.2911570" lon="174.7735920">
    <ele>31.0</ele>
   </trkpt>
   <trkpt lat="-41.2911810" lon="174.7735780">
    <ele>31.0</ele>
   </trkpt>
   <trkpt lat="-41.2912040" lon="174.7735640">
    <ele>31.0</ele>
   </trkpt>
   <trkpt lat="-41.2912280" lon="174.7735490">
    <ele>31.0</ele>
   </trkpt>
   <trkpt lat="-41.2912520" lon="174.7735340">
    <ele>31.0</ele>
   </trkpt>
   <trkpt lat="-41.2912770" lon="174.7735200">
    <ele>31.0</ele>
   </trkpt>
   <trkpt lat="-41.2913020" lon="174.7735050">
    <ele>31.0</ele>
   </trkpt>
   <trkpt lat="-41.2913290" lon="174.7734900">
    <ele>31.0</ele>
   </trkpt>
   <trkpt lat="-41.2913570" lon="174.7734740">
    <ele>31.0</ele>
   </trkpt>
   <trkpt lat="-41.2913870" lon="174.7734600">
    <ele>31.0</ele>
   </trkpt>
   <trkpt lat="-41.2914170" lon="174.7734470">
    <ele>31.0</ele>
   </trkpt>
   <trkpt lat="-41.2914470" lon="174.7734350">
    <ele>31.0</ele>
   </trkpt>
   <trkpt lat="-41.2914770" lon="174.7734240">
    <ele>31.0</ele>
   </trkpt>
   <trkpt lat="-41.2915030" lon="174.7734150">
    <ele>31.0</ele>
   </trkpt>
   <trkpt lat="-41.2915280" lon="174.7734070">
    <ele>31.0</ele>
   </trkpt>
   <trkpt lat="-41.2915510" lon="174.7733970">
    <ele>31.0</ele>
   </trkpt>
   <trkpt lat="-41.2915730" lon="174.7733890">
    <ele>31.0</ele>
   </trkpt>
   <trkpt lat="-41.2916000" lon="174.7733750">
    <ele>31.0</ele>
   </trkpt>
   <trkpt lat="-41.2916270" lon="174.7733610">
    <ele>31.0</ele>
   </trkpt>
   <trkpt lat="-41.2916540" lon="174.7733460">
    <ele>31.0</ele>
   </trkpt>
   <trkpt lat="-41.2916810" lon="174.7733310">
    <ele>31.0</ele>
   </trkpt>
   <trkpt lat="-41.2917060" lon="174.7733170">
    <ele>31.0</ele>
   </trkpt>
   <trkpt lat="-41.2917310" lon="174.7733020">
    <ele>31.0</ele>
   </trkpt>
   <trkpt lat="-41.2917520" lon="174.7732890">
    <ele>31.0</ele>
   </trkpt>
   <trkpt lat="-41.2917740" lon="174.7732750">
    <ele>31.0</ele>
   </trkpt>
   <trkpt lat="-41.2917930" lon="174.7732620">
    <ele>31.0</ele>
   </trkpt>
   <trkpt lat="-41.2918120" lon="174.7732480">
    <ele>32.0</ele>
   </trkpt>
   <trkpt lat="-41.2918310" lon="174.7732340">
    <ele>32.0</ele>
   </trkpt>
   <trkpt lat="-41.2918500" lon="174.7732190">
    <ele>32.0</ele>
   </trkpt>
   <trkpt lat="-41.2918730" lon="174.7732030">
    <ele>32.0</ele>
   </trkpt>
   <trkpt lat="-41.2918960" lon="174.7731860">
    <ele>32.0</ele>
   </trkpt>
   <trkpt lat="-41.2919220" lon="174.7731680">
    <ele>32.0</ele>
   </trkpt>
   <trkpt lat="-41.2919490" lon="174.7731500">
    <ele>32.0</ele>
   </trkpt>
   <trkpt lat="-41.2919760" lon="174.7731290">
    <ele>32.0</ele>
   </trkpt>
   <trkpt lat="-41.2920030" lon="174.7731070">
    <ele>32.0</ele>
   </trkpt>
   <trkpt lat="-41.2920290" lon="174.7730800">
    <ele>32.0</ele>
   </trkpt>
   <trkpt lat="-41.2920540" lon="174.7730530">
    <ele>32.0</ele>
   </trkpt>
   <trkpt lat="-41.2920780" lon="174.7730210">
    <ele>32.0</ele>
   </trkpt>
   <trkpt lat="-41.2921030" lon="174.7729890">
    <ele>32.0</ele>
   </trkpt>
   <trkpt lat="-41.2921220" lon="174.7729550">
    <ele>32.0</ele>
   </trkpt>
   <trkpt lat="-41.2921420" lon="174.7729210">
    <ele>32.0</ele>
   </trkpt>
   <trkpt lat="-41.2921520" lon="174.7728880">
    <ele>32.0</ele>
   </trkpt>
   <trkpt lat="-41.2921630" lon="174.7728540">
    <ele>32.0</ele>
   </trkpt>
   <trkpt lat="-41.2921670" lon="174.7728190">
    <ele>32.0</ele>
   </trkpt>
   <trkpt lat="-41.2921700" lon="174.7727850">
    <ele>32.0</ele>
   </trkpt>
   <trkpt lat="-41.2921680" lon="174.7727490">
    <ele>32.0</ele>
   </trkpt>
   <trkpt lat="-41.2921670" lon="174.7727130">
    <ele>32.0</ele>
   </trkpt>
   <trkpt lat="-41.2921670" lon="174.7726740">
    <ele>32.0</ele>
   </trkpt>
   <trkpt lat="-41.2921660" lon="174.7726340">
    <ele>32.0</ele>
   </trkpt>
   <trkpt lat="-41.2921710" lon="174.7725920">
    <ele>32.0</ele>
   </trkpt>
   <trkpt lat="-41.2921750" lon="174.7725510">
    <ele>32.0</ele>
   </trkpt>
   <trkpt lat="-41.2921820" lon="174.7725120">
    <ele>33.0</ele>
   </trkpt>
   <trkpt lat="-41.2921890" lon="174.7724720">
    <ele>33.0</ele>
   </trkpt>
   <trkpt lat="-41.2922010" lon="174.7724310">
    <ele>33.0</ele>
   </trkpt>
   <trkpt lat="-41.2922120" lon="174.7723890">
    <ele>33.0</ele>
   </trkpt>
   <trkpt lat="-41.2922210" lon="174.7723490">
    <ele>33.0</ele>
   </trkpt>
   <trkpt lat="-41.2922290" lon="174.7723080">
    <ele>34.0</ele>
   </trkpt>
   <trkpt lat="-41.2922310" lon="174.7722710">
    <ele>34.0</ele>
   </trkpt>
   <trkpt lat="-41.2922320" lon="174.7722340">
    <ele>34.0</ele>
   </trkpt>
   <trkpt lat="-41.2922270" lon="174.7722020">
    <ele>34.0</ele>
   </trkpt>
   <trkpt lat="-41.2922210" lon="174.7721700">
    <ele>34.0</ele>
   </trkpt>
   <trkpt lat="-41.2922110" lon="174.7721410">
    <ele>35.0</ele>
   </trkpt>
   <trkpt lat="-41.2922010" lon="174.7721130">
    <ele>35.0</ele>
   </trkpt>
   <trkpt lat="-41.2921880" lon="174.7720870">
    <ele>35.0</ele>
   </trkpt>
   <trkpt lat="-41.2921750" lon="174.7720620">
    <ele>35.0</ele>
   </trkpt>
   <trkpt lat="-41.2921620" lon="174.7720390">
    <ele>35.0</ele>
   </trkpt>
   <trkpt lat="-41.2921480" lon="174.7720160">
    <ele>35.0</ele>
   </trkpt>
   <trkpt lat="-41.2921370" lon="174.7719910">
    <ele>35.0</ele>
   </trkpt>
   <trkpt lat="-41.2921250" lon="174.7719660">
    <ele>35.0</ele>
   </trkpt>
   <trkpt lat="-41.2921160" lon="174.7719380">
    <ele>35.0</ele>
   </trkpt>
   <trkpt lat="-41.2921070" lon="174.7719110">
    <ele>35.0</ele>
   </trkpt>
   <trkpt lat="-41.2920970" lon="174.7718810">
    <ele>36.0</ele>
   </trkpt>
   <trkpt lat="-41.2920880" lon="174.7718520">
    <ele>36.0</ele>
   </trkpt>
   <trkpt lat="-41.2920770" lon="174.7718230">
    <ele>36.0</ele>
   </trkpt>
   <trkpt lat="-41.2920670" lon="174.7717940">
    <ele>36.0</ele>
   </trkpt>
   <trkpt lat="-41.2920570" lon="174.7717650">
    <ele>36.0</ele>
   </trkpt>
   <trkpt lat="-41.2920470" lon="174.7717360">
    <ele>37.0</ele>
   </trkpt>
   <trkpt lat="-41.2920390" lon="174.7717070">
    <ele>37.0</ele>
   </trkpt>
   <trkpt lat="-41.2920310" lon="174.7716790">
    <ele>37.0</ele>
   </trkpt>
   <trkpt lat="-41.2920300" lon="174.7716510">
    <ele>37.0</ele>
   </trkpt>
   <trkpt lat="-41.2920290" lon="174.7716230">
    <ele>37.0</ele>
   </trkpt>
   <trkpt lat="-41.2920390" lon="174.7716000">
    <ele>38.0</ele>
   </trkpt>
   <trkpt lat="-41.2920490" lon="174.7715770">
    <ele>38.0</ele>
   </trkpt>
   <trkpt lat="-41.2920690" lon="174.7715620">
    <ele>38.0</ele>
   </trkpt>
   <trkpt lat="-41.2920880" lon="174.7715460">
    <ele>38.0</ele>
   </trkpt>
   <trkpt lat="-41.2921140" lon="174.7715410">
    <ele>38.0</ele>
   </trkpt>
   <trkpt lat="-41.2921410" lon="174.7715360">
    <ele>39.0</ele>
   </trkpt>
   <trkpt lat="-41.2921710" lon="174.7715370">
    <ele>39.0</ele>
   </trkpt>
   <trkpt lat="-41.2922010" lon="174.7715380">
    <ele>39.0</ele>
   </trkpt>
   <trkpt lat="-41.2922340" lon="174.7715390">
    <ele>39.0</ele>
   </trkpt>
   <trkpt lat="-41.2922670" lon="174.7715410">
    <ele>39.0</ele>
   </trkpt>
   <trkpt lat="-41.2923020" lon="174.7715380">
    <ele>39.0</ele>
   </trkpt>
   <trkpt lat="-41.2923360" lon="174.7715350">
    <ele>39.0</ele>
   </trkpt>
   <trkpt lat="-41.2923680" lon="174.7715280">
    <ele>39.0</ele>
   </trkpt>
   <trkpt lat="-41.2924000" lon="174.7715210">
    <ele>39.0</ele>
   </trkpt>
   <trkpt lat="-41.2924300" lon="174.7715110">
    <ele>39.0</ele>
   </trkpt>
   <trkpt lat="-41.2924600" lon="174.7715010">
    <ele>39.0</ele>
   </trkpt>
   <trkpt lat="-41.2924880" lon="174.7714910">
    <ele>38.0</ele>
   </trkpt>
   <trkpt lat="-41.2925170" lon="174.7714800">
    <ele>38.0</ele>
   </trkpt>
   <trkpt lat="-41.2925440" lon="174.7714690">
    <ele>38.0</ele>
   </trkpt>
   <trkpt lat="-41.2925710" lon="174.7714580">
    <ele>38.0</ele>
   </trkpt>
   <trkpt lat="-41.2925970" lon="174.7714460">
    <ele>38.0</ele>
   </trkpt>
   <trkpt lat="-41.2926230" lon="174.7714340">
    <ele>38.0</ele>
   </trkpt>
   <trkpt lat="-41.2926470" lon="174.7714200">
    <ele>38.0</ele>
   </trkpt>
   <trkpt lat="-41.2926710" lon="174.7714070">
    <ele>38.0</ele>
   </trkpt>
   <trkpt lat="-41.2926950" lon="174.7713920">
    <ele>38.0</ele>
   </trkpt>
   <trkpt lat="-41.2927180" lon="174.7713780">
    <ele>38.0</ele>
   </trkpt>
   <trkpt lat="-41.2927420" lon="174.7713640">
    <ele>38.0</ele>
   </trkpt>
   <trkpt lat="-41.2927650" lon="174.7713490">
    <ele>38.0</ele>
   </trkpt>
   <trkpt lat="-41.2927870" lon="174.7713360">
    <ele>38.0</ele>
   </trkpt>
   <trkpt lat="-41.2928090" lon="174.7713220">
    <ele>38.0</ele>
   </trkpt>
   <trkpt lat="-41.2928310" lon="174.7713100">
    <ele>38.0</ele>
   </trkpt>
   <trkpt lat="-41.2928530" lon="174.7712980">
    <ele>38.0</ele>
   </trkpt>
   <trkpt lat="-41.2928770" lon="174.7712870">
    <ele>38.0</ele>
   </trkpt>
   <trkpt lat="-41.2929000" lon="174.7712770">
    <ele>38.0</ele>
   </trkpt>
   <trkpt lat="-41.2929250" lon="174.7712650">
    <ele>38.0</ele>
   </trkpt>
   <trkpt lat="-41.2929490" lon="174.7712540">
    <ele>39.0</ele>
   </trkpt>
   <trkpt lat="-41.2929740" lon="174.7712420">
    <ele>39.0</ele>
   </trkpt>
   <trkpt lat="-41.2929990" lon="174.7712290">
    <ele>39.0</ele>
   </trkpt>
   <trkpt lat="-41.2930240" lon="174.7712170">
    <ele>39.0</ele>
   </trkpt>
   <trkpt lat="-41.2930490" lon="174.7712040">
    <ele>39.0</ele>
   </trkpt>
   <trkpt lat="-41.2930720" lon="174.7711910">
    <ele>39.0</ele>
   </trkpt>
   <trkpt lat="-41.2930960" lon="174.7711780">
    <ele>39.0</ele>
   </trkpt>
   <trkpt lat="-41.2931190" lon="174.7711640">
    <ele>39.0</ele>
   </trkpt>
   <trkpt lat="-41.2931420" lon="174.7711500">
    <ele>39.0</ele>
   </trkpt>
   <trkpt lat="-41.2931640" lon="174.7711360">
    <ele>39.0</ele>
   </trkpt>
   <trkpt lat="-41.2931860" lon="174.7711220">
    <ele>40.0</ele>
   </trkpt>
   <trkpt lat="-41.2932070" lon="174.7711090">
    <ele>40.0</ele>
   </trkpt>
   <trkpt lat="-41.2932280" lon="174.7710960">
    <ele>40.0</ele>
   </trkpt>
   <trkpt lat="-41.2932480" lon="174.7710840">
    <ele>40.0</ele>
   </trkpt>
   <trkpt lat="-41.2932680" lon="174.7710710">
    <ele>40.0</ele>
   </trkpt>
   <trkpt lat="-41.2932880" lon="174.7710600">
    <ele>40.0</ele>
   </trkpt>
   <trkpt lat="-41.2933080" lon="174.7710480">
    <ele>40.0</ele>
   </trkpt>
   <trkpt lat="-41.2933280" lon="174.7710360">
    <ele>40.0</ele>
   </trkpt>
   <trkpt lat="-41.2933480" lon="174.7710250">
    <ele>40.0</ele>
   </trkpt>
   <trkpt lat="-41.2933690" lon="174.7710140">
    <ele>40.0</ele>
   </trkpt>
   <trkpt lat="-41.2933900" lon="174.7710040">
    <ele>41.0</ele>
   </trkpt>
   <trkpt lat="-41.2934130" lon="174.7709970">
    <ele>41.0</ele>
   </trkpt>
   <trkpt lat="-41.2934350" lon="174.7709890">
    <ele>41.0</ele>
   </trkpt>
   <trkpt lat="-41.2934600" lon="174.7709840">
    <ele>41.0</ele>
   </trkpt>
   <trkpt lat="-41.2934850" lon="174.7709780">
    <ele>41.0</ele>
   </trkpt>
   <trkpt lat="-41.2935120" lon="174.7709730">
    <ele>42.0</ele>
   </trkpt>
   <trkpt lat="-41.2935400" lon="174.7709680">
    <ele>42.0</ele>
   </trkpt>
   <trkpt lat="-41.2935680" lon="174.7709600">
    <ele>42.0</ele>
   </trkpt>
   <trkpt lat="-41.2935950" lon="174.7709510">
    <ele>42.0</ele>
   </trkpt>
   <trkpt lat="-41.2936230" lon="174.7709420">
    <ele>42.0</ele>
   </trkpt>
   <trkpt lat="-41.2936500" lon="174.7709330">
    <ele>43.0</ele>
   </trkpt>
   <trkpt lat="-41.2936780" lon="174.7709300">
    <ele>43.0</ele>
   </trkpt>
   <trkpt lat="-41.2937050" lon="174.7709270">
    <ele>43.0</ele>
   </trkpt>
   <trkpt lat="-41.2937330" lon="174.7709290">
    <ele>43.0</ele>
   </trkpt>
   <trkpt lat="-41.2937610" lon="174.7709320">
    <ele>43.0</ele>
   </trkpt>
   <trkpt lat="-41.2937880" lon="174.7709320">
    <ele>43.0</ele>
   </trkpt>
   <trkpt lat="-41.2938150" lon="174.7709320">
    <ele>43.0</ele>
   </trkpt>
   <trkpt lat="-41.2938410" lon="174.7709260">
    <ele>43.0</ele>
   </trkpt>
   <trkpt lat="-41.2938670" lon="174.7709200">
    <ele>43.0</ele>
   </trkpt>
   <trkpt lat="-41.2938920" lon="174.7709090">
    <ele>43.0</ele>
   </trkpt>
   <trkpt lat="-41.2939170" lon="174.7708990">
    <ele>43.0</ele>
   </trkpt>
   <trkpt lat="-41.2939410" lon="174.7708860">
    <ele>43.0</ele>
   </trkpt>
   <trkpt lat="-41.2939660" lon="174.7708720">
    <ele>43.0</ele>
   </trkpt>
   <trkpt lat="-41.2939910" lon="174.7708570">
    <ele>43.0</ele>
   </trkpt>
   <trkpt lat="-41.2940160" lon="174.7708410">
    <ele>43.0</ele>
   </trkpt>
   <trkpt lat="-41.2940410" lon="174.7708250">
    <ele>43.0</ele>
   </trkpt>
   <trkpt lat="-41.2940660" lon="174.7708090">
    <ele>43.0</ele>
   </trkpt>
   <trkpt lat="-41.2940920" lon="174.7707940">
    <ele>43.0</ele>
   </trkpt>
   <trkpt lat="-41.2941180" lon="174.7707790">
    <ele>43.0</ele>
   </trkpt>
   <trkpt lat="-41.2941440" lon="174.7707660">
    <ele>43.0</ele>
   </trkpt>
   <trkpt lat="-41.2941700" lon="174.7707520">
    <ele>44.0</ele>
   </trkpt>
   <trkpt lat="-41.2941970" lon="174.7707370">
    <ele>44.0</ele>
   </trkpt>
   <trkpt lat="-41.2942240" lon="174.7707220">
    <ele>44.0</ele>
   </trkpt>
   <trkpt lat="-41.2942470" lon="174.7707010">
    <ele>44.0</ele>
   </trkpt>
   <trkpt lat="-41.2942690" lon="174.7706800">
    <ele>44.0</ele>
   </trkpt>
   <trkpt lat="-41.2942780" lon="174.7706500">
    <ele>44.0</ele>
   </trkpt>
   <trkpt lat="-41.2942880" lon="174.7706210">
    <ele>44.0</ele>
   </trkpt>
   <trkpt lat="-41.2942840" lon="174.7705850">
    <ele>44.0</ele>
   </trkpt>
   <trkpt lat="-41.2942790" lon="174.7705490">
    <ele>44.0</ele>
   </trkpt>
   <trkpt lat="-41.2942710" lon="174.7705130">
    <ele>44.0</ele>
   </trkpt>
   <trkpt lat="-41.2942630" lon="174.7704770">
    <ele>44.0</ele>
   </trkpt>
   <trkpt lat="-41.2942630" lon="174.7704450">
    <ele>43.0</ele>
   </trkpt>
   <trkpt lat="-41.2942640" lon="174.7704130">
    <ele>43.0</ele>
   </trkpt>
   <trkpt lat="-41.2942770" lon="174.7703890">
    <ele>43.0</ele>
   </trkpt>
   <trkpt lat="-41.2942900" lon="174.7703650">
    <ele>43.0</ele>
   </trkpt>
   <trkpt lat="-41.2943120" lon="174.7703450">
    <ele>43.0</ele>
   </trkpt>
   <trkpt lat="-41.2943340" lon="174.7703250">
    <ele>43.0</ele>
   </trkpt>
   <trkpt lat="-41.2943610" lon="174.7703050">
    <ele>43.0</ele>
   </trkpt>
   <trkpt lat="-41.2943880" lon="174.7702850">
    <ele>43.0</ele>
   </trkpt>
   <trkpt lat="-41.2944160" lon="174.7702650">
    <ele>43.0</ele>
   </trkpt>
   <trkpt lat="-41.2944450" lon="174.7702450">
    <ele>43.0</ele>
   </trkpt>
   <trkpt lat="-41.2944730" lon="174.7702260">
    <ele>43.0</ele>
   </trkpt>
   <trkpt lat="-41.2945020" lon="174.7702060">
    <ele>43.0</ele>
   </trkpt>
   <trkpt lat="-41.2945310" lon="174.7701900">
    <ele>43.0</ele>
   </trkpt>
   <trkpt lat="-41.2945600" lon="174.7701740">
    <ele>43.0</ele>
   </trkpt>
   <trkpt lat="-41.2945890" lon="174.7701590">
    <ele>43.0</ele>
   </trkpt>
   <trkpt lat="-41.2946180" lon="174.7701450">
    <ele>43.0</ele>
   </trkpt>
   <trkpt lat="-41.2946450" lon="174.7701320">
    <ele>43.0</ele>
   </trkpt>
   <trkpt lat="-41.2946730" lon="174.7701180">
    <ele>43.0</ele>
   </trkpt>
   <trkpt lat="-41.2947000" lon="174.7701060">
    <ele>43.0</ele>
   </trkpt>
   <trkpt lat="-41.2947270" lon="174.7700930">
    <ele>43.0</ele>
   </trkpt>
   <trkpt lat="-41.2947540" lon="174.7700800">
    <ele>43.0</ele>
   </trkpt>
   <trkpt lat="-41.2947810" lon="174.7700680">
    <ele>43.0</ele>
   </trkpt>
   <trkpt lat="-41.2948070" lon="174.7700530">
    <ele>43.0</ele>
   </trkpt>
   <trkpt lat="-41.2948320" lon="174.7700390">
    <ele>43.0</ele>
   </trkpt>
   <trkpt lat="-41.2948530" lon="174.7700210">
    <ele>43.0</ele>
   </trkpt>
   <trkpt lat="-41.2948740" lon="174.7700030">
    <ele>43.0</ele>
   </trkpt>
   <trkpt lat="-41.2948900" lon="174.7699800">
    <ele>43.0</ele>
   </trkpt>
   <trkpt lat="-41.2949050" lon="174.7699570">
    <ele>43.0</ele>
   </trkpt>
   <trkpt lat="-41.2949150" lon="174.7699290">
    <ele>43.0</ele>
   </trkpt>
   <trkpt lat="-41.2949250" lon="174.7699020">
    <ele>43.0</ele>
   </trkpt>
   <trkpt lat="-41.2949360" lon="174.7698770">
    <ele>43.0</ele>
   </trkpt>
   <trkpt lat="-41.2949460" lon="174.7698510">
    <ele>43.0</ele>
   </trkpt>
   <trkpt lat="-41.2949630" lon="174.7698310">
    <ele>43.0</ele>
   </trkpt>
   <trkpt lat="-41.2949790" lon="174.7698110">
    <ele>43.0</ele>
   </trkpt>
   <trkpt lat="-41.2950020" lon="174.7697950">
    <ele>43.0</ele>
   </trkpt>
   <trkpt lat="-41.2950240" lon="174.7697790">
    <ele>43.0</ele>
   </trkpt>
   <trkpt lat="-41.2950510" lon="174.7697630">
    <ele>43.0</ele>
   </trkpt>
   <trkpt lat="-41.2950780" lon="174.7697480">
    <ele>43.0</ele>
   </trkpt>
   <trkpt lat="-41.2951060" lon="174.7697330">
    <ele>43.0</ele>
   </trkpt>
   <trkpt lat="-41.2951340" lon="174.7697180">
    <ele>43.0</ele>
   </trkpt>
   <trkpt lat="-41.2951620" lon="174.7697010">
    <ele>43.0</ele>
   </trkpt>
   <trkpt lat="-41.2951890" lon="174.7696850">
    <ele>43.0</ele>
   </trkpt>
   <trkpt lat="-41.2952130" lon="174.7696630">
    <ele>43.0</ele>
   </trkpt>
   <trkpt lat="-41.2952370" lon="174.7696410">
    <ele>43.0</ele>
   </trkpt>
   <trkpt lat="-41.2952520" lon="174.7696110">
    <ele>43.0</ele>
   </trkpt>
   <trkpt lat="-41.2952670" lon="174.7695810">
    <ele>43.0</ele>
   </trkpt>
   <trkpt lat="-41.2952690" lon="174.7695460">
    <ele>43.0</ele>
   </trkpt>
   <trkpt lat="-41.2952720" lon="174.7695100">
    <ele>43.0</ele>
   </trkpt>
   <trkpt lat="-41.2952650" lon="174.7694750">
    <ele>43.0</ele>
   </trkpt>
   <trkpt lat="-41.2952590" lon="174.7694390">
    <ele>43.0</ele>
   </trkpt>
   <trkpt lat="-41.2952490" lon="174.7694060">
    <ele>43.0</ele>
   </trkpt>
   <trkpt lat="-41.2952390" lon="174.7693730">
    <ele>43.0</ele>
   </trkpt>
   <trkpt lat="-41.2952270" lon="174.7693420">
    <ele>43.0</ele>
   </trkpt>
   <trkpt lat="-41.2952160" lon="174.7693120">
    <ele>43.0</ele>
   </trkpt>
   <trkpt lat="-41.2952010" lon="174.7692870">
    <ele>43.0</ele>
   </trkpt>
   <trkpt lat="-41.2951860" lon="174.7692610">
    <ele>43.0</ele>
   </trkpt>
   <trkpt lat="-41.2951690" lon="174.7692380">
    <ele>43.0</ele>
   </trkpt>
   <trkpt lat="-41.2951520" lon="174.7692150">
    <ele>43.0</ele>
   </trkpt>
   <trkpt lat="-41.2951370" lon="174.7691910">
    <ele>43.0</ele>
   </trkpt>
   <trkpt lat="-41.2951220" lon="174.7691660">
    <ele>43.0</ele>
   </trkpt>
   <trkpt lat="-41.2951100" lon="174.7691380">
    <ele>43.0</ele>
   </trkpt>
   <trkpt lat="-41.2950980" lon="174.7691100">
    <ele>43.0</ele>
   </trkpt>
   <trkpt lat="-41.2950960" lon="174.7690810">
    <ele>43.0</ele>
   </trkpt>
   <trkpt lat="-41.2950930" lon="174.7690520">
    <ele>43.0</ele>
   </trkpt>
   <trkpt lat="-41.2951010" lon="174.7690210">
    <ele>44.0</ele>
   </trkpt>
   <trkpt lat="-41.2951090" lon="174.7689890">
    <ele>44.0</ele>
   </trkpt>
   <trkpt lat="-41.2951230" lon="174.7689540">
    <ele>44.0</ele>
   </trkpt>
   <trkpt lat="-41.2951370" lon="174.7689190">
    <ele>44.0</ele>
   </trkpt>
   <trkpt lat="-41.2951530" lon="174.7688850">
    <ele>44.0</ele>
   </trkpt>
   <trkpt lat="-41.2951700" lon="174.7688510">
    <ele>44.0</ele>
   </trkpt>
   <trkpt lat="-41.2951870" lon="174.7688200">
    <ele>44.0</ele>
   </trkpt>
   <trkpt lat="-41.2952040" lon="174.7687890">
    <ele>44.0</ele>
   </trkpt>
   <trkpt lat="-41.2952200" lon="174.7687580">
    <ele>44.0</ele>
   </trkpt>
   <trkpt lat="-41.2952350" lon="174.7687270">
    <ele>44.0</ele>
   </trkpt>
   <trkpt lat="-41.2952470" lon="174.7686930">
    <ele>44.0</ele>
   </trkpt>
   <trkpt lat="-41.2952590" lon="174.7686600">
    <ele>44.0</ele>
   </trkpt>
   <trkpt lat="-41.2952670" lon="174.7686230">
    <ele>44.0</ele>
   </trkpt>
   <trkpt lat="-41.2952750" lon="174.7685880">
    <ele>44.0</ele>
   </trkpt>
   <trkpt lat="-41.2952770" lon="174.7685510">
    <ele>44.0</ele>
   </trkpt>
   <trkpt lat="-41.2952790" lon="174.7685150">
    <ele>44.0</ele>
   </trkpt>
   <trkpt lat="-41.2952800" lon="174.7684790">
    <ele>44.0</ele>
   </trkpt>
   <trkpt lat="-41.2952800" lon="174.7684420">
    <ele>44.0</ele>
   </trkpt>
   <trkpt lat="-41.2952820" lon="174.7684060">
    <ele>44.0</ele>
   </trkpt>
   <trkpt lat="-41.2952830" lon="174.7683690">
    <ele>44.0</ele>
   </trkpt>
   <trkpt lat="-41.2952870" lon="174.7683340">
    <ele>44.0</ele>
   </trkpt>
   <trkpt lat="-41.2952910" lon="174.7682990">
    <ele>44.0</ele>
   </trkpt>
   <trkpt lat="-41.2952980" lon="174.7682660">
    <ele>44.0</ele>
   </trkpt>
   <trkpt lat="-41.2953050" lon="174.7682330">
    <ele>44.0</ele>
   </trkpt>
   <trkpt lat="-41.2953150" lon="174.7682020">
    <ele>44.0</ele>
   </trkpt>
   <trkpt lat="-41.2953240" lon="174.7681720">
    <ele>45.0</ele>
   </trkpt>
   <trkpt lat="-41.2953360" lon="174.7681430">
    <ele>45.0</ele>
   </trkpt>
   <trkpt lat="-41.2953470" lon="174.7681130">
    <ele>45.0</ele>
   </trkpt>
   <trkpt lat="-41.2953570" lon="174.7680800">
    <ele>45.0</ele>
   </trkpt>
   <trkpt lat="-41.2953660" lon="174.7680480">
    <ele>45.0</ele>
   </trkpt>
   <trkpt lat="-41.2953700" lon="174.7680120">
    <ele>45.0</ele>
   </trkpt>
   <trkpt lat="-41.2953740" lon="174.7679750">
    <ele>45.0</ele>
   </trkpt>
   <trkpt lat="-41.2953730" lon="174.7679370">
    <ele>45.0</ele>
   </trkpt>
   <trkpt lat="-41.2953720" lon="174.7678980">
    <ele>45.0</ele>
   </trkpt>
   <trkpt lat="-41.2953690" lon="174.7678580">
    <ele>45.0</ele>
   </trkpt>
   <trkpt lat="-41.2953660" lon="174.7678190">
    <ele>46.0</ele>
   </trkpt>
   <trkpt lat="-41.2953630" lon="174.7677770">
    <ele>46.0</ele>
   </trkpt>
   <trkpt lat="-41.2953590" lon="174.7677360">
    <ele>46.0</ele>
   </trkpt>
   <trkpt lat="-41.2953560" lon="174.7676930">
    <ele>46.0</ele>
   </trkpt>
   <trkpt lat="-41.2953530" lon="174.7676500">
    <ele>46.0</ele>
   </trkpt>
   <trkpt lat="-41.2953490" lon="174.7676060">
    <ele>46.0</ele>
   </trkpt>
   <trkpt lat="-41.2953460" lon="174.7675620">
    <ele>46.0</ele>
   </trkpt>
   <trkpt lat="-41.2953420" lon="174.7675200">
    <ele>46.0</ele>
   </trkpt>
   <trkpt lat="-41.2953380" lon="174.7674780">
    <ele>46.0</ele>
   </trkpt>
   <trkpt lat="-41.2953350" lon="174.7674360">
    <ele>46.0</ele>
   </trkpt>
   <trkpt lat="-41.2953320" lon="174.7673950">
    <ele>46.0</ele>
   </trkpt>
   <trkpt lat="-41.2953290" lon="174.7673530">
    <ele>46.0</ele>
   </trkpt>
   <trkpt lat="-41.2953260" lon="174.7673100">
    <ele>46.0</ele>
   </trkpt>
   <trkpt lat="-41.2953220" lon="174.7672680">
    <ele>46.0</ele>
   </trkpt>
   <trkpt lat="-41.2953180" lon="174.7672260">
    <ele>46.0</ele>
   </trkpt>
   <trkpt lat="-41.2953130" lon="174.7671860">
    <ele>47.0</ele>
   </trkpt>
   <trkpt lat="-41.2953080" lon="174.7671450">
    <ele>47.0</ele>
   </trkpt>
   <trkpt lat="-41.2953040" lon="174.7671080">
    <ele>47.0</ele>
   </trkpt>
   <trkpt lat="-41.2953010" lon="174.7670710">
    <ele>47.0</ele>
   </trkpt>
   <trkpt lat="-41.2952990" lon="174.7670350">
    <ele>47.0</ele>
   </trkpt>
   <trkpt lat="-41.2952980" lon="174.7670000">
    <ele>47.0</ele>
   </trkpt>
   <trkpt lat="-41.2952980" lon="174.7669650">
    <ele>47.0</ele>
   </trkpt>
   <trkpt lat="-41.2952990" lon="174.7669300">
    <ele>47.0</ele>
   </trkpt>
   <trkpt lat="-41.2953010" lon="174.7668950">
    <ele>47.0</ele>
   </trkpt>
   <trkpt lat="-41.2953030" lon="174.7668610">
    <ele>47.0</ele>
   </trkpt>
   <trkpt lat="-41.2953060" lon="174.7668270">
    <ele>47.0</ele>
   </trkpt>
   <trkpt lat="-41.2953100" lon="174.7667920">
    <ele>47.0</ele>
   </trkpt>
   <trkpt lat="-41.2953130" lon="174.7667560">
    <ele>47.0</ele>
   </trkpt>
   <trkpt lat="-41.2953160" lon="174.7667200">
    <ele>47.0</ele>
   </trkpt>
   <trkpt lat="-41.2953190" lon="174.7666820">
    <ele>47.0</ele>
   </trkpt>
   <trkpt lat="-41.2953210" lon="174.7666450">
    <ele>47.0</ele>
   </trkpt>
   <trkpt lat="-41.2953200" lon="174.7666070">
    <ele>47.0</ele>
   </trkpt>
   <trkpt lat="-41.2953200" lon="174.7665690">
    <ele>47.0</ele>
   </trkpt>
   <trkpt lat="-41.2953190" lon="174.7665320">
    <ele>47.0</ele>
   </trkpt>
   <trkpt lat="-41.2953180" lon="174.7664950">
    <ele>47.0</ele>
   </trkpt>
   <trkpt lat="-41.2953180" lon="174.7664620">
    <ele>47.0</ele>
   </trkpt>
   <trkpt lat="-41.2953180" lon="174.7664290">
    <ele>47.0</ele>
   </trkpt>
   <trkpt lat="-41.2953200" lon="174.7663960">
    <ele>47.0</ele>
   </trkpt>
   <trkpt lat="-41.2953210" lon="174.7663640">
    <ele>47.0</ele>
   </trkpt>
   <trkpt lat="-41.2953230" lon="174.7663300">
    <ele>47.0</ele>
   </trkpt>
   <trkpt lat="-41.2953240" lon="174.7662950">
    <ele>48.0</ele>
   </trkpt>
   <trkpt lat="-41.2953250" lon="174.7662580">
    <ele>48.0</ele>
   </trkpt>
   <trkpt lat="-41.2953250" lon="174.7662210">
    <ele>48.0</ele>
   </trkpt>
   <trkpt lat="-41.2953220" lon="174.7661820">
    <ele>48.0</ele>
   </trkpt>
   <trkpt lat="-41.2953200" lon="174.7661430">
    <ele>48.0</ele>
   </trkpt>
   <trkpt lat="-41.2953160" lon="174.7661040">
    <ele>48.0</ele>
   </trkpt>
   <trkpt lat="-41.2953120" lon="174.7660650">
    <ele>48.0</ele>
   </trkpt>
   <trkpt lat="-41.2953060" lon="174.7660280">
    <ele>48.0</ele>
   </trkpt>
   <trkpt lat="-41.2953000" lon="174.7659910">
    <ele>48.0</ele>
   </trkpt>
   <trkpt lat="-41.2952930" lon="174.7659570">
    <ele>48.0</ele>
   </trkpt>
   <trkpt lat="-41.2952870" lon="174.7659230">
    <ele>49.0</ele>
   </trkpt>
   <trkpt lat="-41.2952810" lon="174.7658880">
    <ele>49.0</ele>
   </trkpt>
   <trkpt lat="-41.2952750" lon="174.7658540">
    <ele>49.0</ele>
   </trkpt>
   <trkpt lat="-41.2952700" lon="174.7658170">
    <ele>49.0</ele>
   </trkpt>
   <trkpt lat="-41.2952660" lon="174.7657800">
    <ele>49.0</ele>
   </trkpt>
   <trkpt lat="-41.2952620" lon="174.7657410">
    <ele>49.0</ele>
   </trkpt>
   <trkpt lat="-41.2952590" lon="174.7657030">
    <ele>49.0</ele>
   </trkpt>
   <trkpt lat="-41.2952550" lon="174.7656640">
    <ele>49.0</ele>
   </trkpt>
   <trkpt lat="-41.2952510" lon="174.7656250">
    <ele>49.0</ele>
   </trkpt>
   <trkpt lat="-41.2952480" lon="174.7655870">
    <ele>49.0</ele>
   </trkpt>
   <trkpt lat="-41.2952450" lon="174.7655480">
    <ele>50.0</ele>
   </trkpt>
   <trkpt lat="-41.2952400" lon="174.7655100">
    <ele>50.0</ele>
   </trkpt>
   <trkpt lat="-41.2952360" lon="174.7654720">
    <ele>50.0</ele>
   </trkpt>
   <trkpt lat="-41.2952300" lon="174.7654350">
    <ele>50.0</ele>
   </trkpt>
   <trkpt lat="-41.2952250" lon="174.7653970">
    <ele>50.0</ele>
   </trkpt>
   <trkpt lat="-41.2952210" lon="174.7653600">
    <ele>50.0</ele>
   </trkpt>
   <trkpt lat="-41.2952160" lon="174.7653240">
    <ele>50.0</ele>
   </trkpt>
   <trkpt lat="-41.2952120" lon="174.7652860">
    <ele>50.0</ele>
   </trkpt>
   <trkpt lat="-41.2952080" lon="174.7652480">
    <ele>50.0</ele>
   </trkpt>
   <trkpt lat="-41.2952050" lon="174.7652100">
    <ele>50.0</ele>
   </trkpt>
   <trkpt lat="-41.2952030" lon="174.7651720">
    <ele>51.0</ele>
   </trkpt>
   <trkpt lat="-41.2952000" lon="174.7651330">
    <ele>51.0</ele>
   </trkpt>
   <trkpt lat="-41.2951980" lon="174.7650950">
    <ele>51.0</ele>
   </trkpt>
   <trkpt lat="-41.2951950" lon="174.7650560">
    <ele>51.0</ele>
   </trkpt>
   <trkpt lat="-41.2951920" lon="174.7650170">
    <ele>51.0</ele>
   </trkpt>
   <trkpt lat="-41.2951890" lon="174.7649780">
    <ele>51.0</ele>
   </trkpt>
   <trkpt lat="-41.2951860" lon="174.7649380">
    <ele>51.0</ele>
   </trkpt>
   <trkpt lat="-41.2951820" lon="174.7648980">
    <ele>51.0</ele>
   </trkpt>
   <trkpt lat="-41.2951790" lon="174.7648580">
    <ele>51.0</ele>
   </trkpt>
   <trkpt lat="-41.2951760" lon="174.7648190">
    <ele>51.0</ele>
   </trkpt>
   <trkpt lat="-41.2951740" lon="174.7647810">
    <ele>52.0</ele>
   </trkpt>
   <trkpt lat="-41.2951730" lon="174.7647430">
    <ele>52.0</ele>
   </trkpt>
   <trkpt lat="-41.2951720" lon="174.7647060">
    <ele>52.0</ele>
   </trkpt>
   <trkpt lat="-41.2951720" lon="174.7646700">
    <ele>52.0</ele>
   </trkpt>
   <trkpt lat="-41.2951720" lon="174.7646350">
    <ele>52.0</ele>
   </trkpt>
   <trkpt lat="-41.2951720" lon="174.7645990">
    <ele>53.0</ele>
   </trkpt>
   <trkpt lat="-41.2951710" lon="174.7645640">
    <ele>53.0</ele>
   </trkpt>
   <trkpt lat="-41.2951690" lon="174.7645290">
    <ele>53.0</ele>
   </trkpt>
   <trkpt lat="-41.2951660" lon="174.7644940">
    <ele>53.0</ele>
   </trkpt>
   <trkpt lat="-41.2951620" lon="174.7644600">
    <ele>53.0</ele>
   </trkpt>
   <trkpt lat="-41.2951590" lon="174.7644250">
    <ele>53.0</ele>
   </trkpt>
   <trkpt lat="-41.2951540" lon="174.7643900">
    <ele>53.0</ele>
   </trkpt>
   <trkpt lat="-41.2951490" lon="174.7643550">
    <ele>53.0</ele>
   </trkpt>
   <trkpt lat="-41.2951460" lon="174.7643200">
    <ele>53.0</ele>
   </trkpt>
   <trkpt lat="-41.2951420" lon="174.7642850">
    <ele>53.0</ele>
   </trkpt>
   <trkpt lat="-41.2951420" lon="174.7642510">
    <ele>54.0</ele>
   </trkpt>
   <trkpt lat="-41.2951410" lon="174.7642170">
    <ele>54.0</ele>
   </trkpt>
   <trkpt lat="-41.2951400" lon="174.7641830">
    <ele>54.0</ele>
   </trkpt>
   <trkpt lat="-41.2951400" lon="174.7641500">
    <ele>54.0</ele>
   </trkpt>
   <trkpt lat="-41.2951380" lon="174.7641150">
    <ele>54.0</ele>
   </trkpt>
   <trkpt lat="-41.2951360" lon="174.7640800">
    <ele>54.0</ele>
   </trkpt>
   <trkpt lat="-41.2951320" lon="174.7640440">
    <ele>54.0</ele>
   </trkpt>
   <trkpt lat="-41.2951280" lon="174.7640070">
    <ele>54.0</ele>
   </trkpt>
   <trkpt lat="-41.2951220" lon="174.7639710">
    <ele>54.0</ele>
   </trkpt>
   <trkpt lat="-41.2951160" lon="174.7639340">
    <ele>54.0</ele>
   </trkpt>
   <trkpt lat="-41.2951090" lon="174.7638980">
    <ele>54.0</ele>
   </trkpt>
   <trkpt lat="-41.2951020" lon="174.7638620">
    <ele>54.0</ele>
   </trkpt>
   <trkpt lat="-41.2950930" lon="174.7638250">
    <ele>54.0</ele>
   </trkpt>
   <trkpt lat="-41.2950850" lon="174.7637890">
    <ele>54.0</ele>
   </trkpt>
   <trkpt lat="-41.2950760" lon="174.7637520">
    <ele>54.0</ele>
   </trkpt>
   <trkpt lat="-41.2950660" lon="174.7637160">
    <ele>55.0</ele>
   </trkpt>
   <trkpt lat="-41.2950550" lon="174.7636810">
    <ele>55.0</ele>
   </trkpt>
   <trkpt lat="-41.2950440" lon="174.7636450">
    <ele>55.0</ele>
   </trkpt>
   <trkpt lat="-41.2950320" lon="174.7636110">
    <ele>55.0</ele>
   </trkpt>
   <trkpt lat="-41.2950200" lon="174.7635770">
    <ele>55.0</ele>
   </trkpt>
   <trkpt lat="-41.2950060" lon="174.7635440">
    <ele>55.0</ele>
   </trkpt>
   <trkpt lat="-41.2949920" lon="174.7635110">
    <ele>55.0</ele>
   </trkpt>
   <trkpt lat="-41.2949750" lon="174.7634810">
    <ele>55.0</ele>
   </trkpt>
   <trkpt lat="-41.2949570" lon="174.7634510">
    <ele>55.0</ele>
   </trkpt>
   <trkpt lat="-41.2949360" lon="174.7634240">
    <ele>55.0</ele>
   </trkpt>
   <trkpt lat="-41.2949150" lon="174.7633980">
    <ele>55.0</ele>
   </trkpt>
   <trkpt lat="-41.2948920" lon="174.7633760">
    <ele>55.0</ele>
   </trkpt>
   <trkpt lat="-41.2948690" lon="174.7633550">
    <ele>55.0</ele>
   </trkpt>
   <trkpt lat="-41.2948450" lon="174.7633360">
    <ele>55.0</ele>
   </trkpt>
   <trkpt lat="-41.2948220" lon="174.7633160">
    <ele>55.0</ele>
   </trkpt>
   <trkpt lat="-41.2947990" lon="174.7632950">
    <ele>56.0</ele>
   </trkpt>
   <trkpt lat="-41.2947750" lon="174.7632740">
    <ele>56.0</ele>
   </trkpt>
   <trkpt lat="-41.2947540" lon="174.7632510">
    <ele>56.0</ele>
   </trkpt>
   <trkpt lat="-41.2947320" lon="174.7632280">
    <ele>56.0</ele>
   </trkpt>
   <trkpt lat="-41.2947130" lon="174.7632010">
    <ele>56.0</ele>
   </trkpt>
   <trkpt lat="-41.2946950" lon="174.7631750">
    <ele>56.0</ele>
   </trkpt>
   <trkpt lat="-41.2946790" lon="174.7631470">
    <ele>56.0</ele>
   </trkpt>
   <trkpt lat="-41.2946630" lon="174.7631190">
    <ele>56.0</ele>
   </trkpt>
   <trkpt lat="-41.2946490" lon="174.7630900">
    <ele>56.0</ele>
   </trkpt>
   <trkpt lat="-41.2946350" lon="174.7630620">
    <ele>56.0</ele>
   </trkpt>
   <trkpt lat="-41.2946220" lon="174.7630340">
    <ele>57.0</ele>
   </trkpt>
   <trkpt lat="-41.2946080" lon="174.7630050">
    <ele>57.0</ele>
   </trkpt>
   <trkpt lat="-41.2945930" lon="174.7629750">
    <ele>57.0</ele>
   </trkpt>
   <trkpt lat="-41.2945770" lon="174.7629460">
    <ele>57.0</ele>
   </trkpt>
   <trkpt lat="-41.2945600" lon="174.7629140">
    <ele>57.0</ele>
   </trkpt>
   <trkpt lat="-41.2945430" lon="174.7628830">
    <ele>57.0</ele>
   </trkpt>
   <trkpt lat="-41.2945270" lon="174.7628490">
    <ele>57.0</ele>
   </trkpt>
   <trkpt lat="-41.2945100" lon="174.7628160">
    <ele>57.0</ele>
   </trkpt>
   <trkpt lat="-41.2944940" lon="174.7627830">
    <ele>57.0</ele>
   </trkpt>
   <trkpt lat="-41.2944790" lon="174.7627500">
    <ele>57.0</ele>
   </trkpt>
   <trkpt lat="-41.2944630" lon="174.7627180">
    <ele>58.0</ele>
   </trkpt>
   <trkpt lat="-41.2944480" lon="174.7626860">
    <ele>58.0</ele>
   </trkpt>
   <trkpt lat="-41.2944330" lon="174.7626540">
    <ele>58.0</ele>
   </trkpt>
   <trkpt lat="-41.2944180" lon="174.7626230">
    <ele>58.0</ele>
   </trkpt>
   <trkpt lat="-41.2944020" lon="174.7625900">
    <ele>58.0</ele>
   </trkpt>
   <trkpt lat="-41.2943870" lon="174.7625580">
    <ele>58.0</ele>
   </trkpt>
   <trkpt lat="-41.2943710" lon="174.7625260">
    <ele>58.0</ele>
   </trkpt>
   <trkpt lat="-41.2943550" lon="174.7624940">
    <ele>58.0</ele>
   </trkpt>
   <trkpt lat="-41.2943390" lon="174.7624620">
    <ele>58.0</ele>
   </trkpt>
   <trkpt lat="-41.2943230" lon="174.7624300">
    <ele>58.0</ele>
   </trkpt>
   <trkpt lat="-41.2943060" lon="174.7623980">
    <ele>59.0</ele>
   </trkpt>
   <trkpt lat="-41.2942890" lon="174.7623670">
    <ele>59.0</ele>
   </trkpt>
   <trkpt lat="-41.2942720" lon="174.7623360">
    <ele>59.0</ele>
   </trkpt>
   <trkpt lat="-41.2942550" lon="174.7623050">
    <ele>59.0</ele>
   </trkpt>
   <trkpt lat="-41.2942390" lon="174.7622740">
    <ele>59.0</ele>
   </trkpt>
   <trkpt lat="-41.2942220" lon="174.7622440">
    <ele>60.0</ele>
   </trkpt>
   <trkpt lat="-41.2942070" lon="174.7622140">
    <ele>60.0</ele>
   </trkpt>
   <trkpt lat="-41.2941920" lon="174.7621840">
    <ele>60.0</ele>
   </trkpt>
   <trkpt lat="-41.2941780" lon="174.7621540">
    <ele>60.0</ele>
   </trkpt>
   <trkpt lat="-41.2941650" lon="174.7621230">
    <ele>60.0</ele>
   </trkpt>
   <trkpt lat="-41.2941520" lon="174.7620920">
    <ele>60.0</ele>
   </trkpt>
   <trkpt lat="-41.2941400" lon="174.7620620">
    <ele>60.0</ele>
   </trkpt>
   <trkpt lat="-41.2941260" lon="174.7620310">
    <ele>60.0</ele>
   </trkpt>
   <trkpt lat="-41.2941130" lon="174.7620010">
    <ele>60.0</ele>
   </trkpt>
   <trkpt lat="-41.2940990" lon="174.7619730">
    <ele>60.0</ele>
   </trkpt>
   <trkpt lat="-41.2940840" lon="174.7619450">
    <ele>60.0</ele>
   </trkpt>
   <trkpt lat="-41.2940690" lon="174.7619200">
    <ele>60.0</ele>
   </trkpt>
   <trkpt lat="-41.2940540" lon="174.7618950">
    <ele>60.0</ele>
   </trkpt>
   <trkpt lat="-41.2940390" lon="174.7618700">
    <ele>60.0</ele>
   </trkpt>
   <trkpt lat="-41.2940230" lon="174.7618460">
    <ele>60.0</ele>
   </trkpt>
   <trkpt lat="-41.2940090" lon="174.7618190">
    <ele>61.0</ele>
   </trkpt>
   <trkpt lat="-41.2939950" lon="174.7617910">
    <ele>61.0</ele>
   </trkpt>
   <trkpt lat="-41.2939860" lon="174.7617590">
    <ele>61.0</ele>
   </trkpt>
   <trkpt lat="-41.2939780" lon="174.7617260">
    <ele>61.0</ele>
   </trkpt>
   <trkpt lat="-41.2939690" lon="174.7616940">
    <ele>61.0</ele>
   </trkpt>
   <trkpt lat="-41.2939610" lon="174.7616620">
    <ele>62.0</ele>
   </trkpt>
   <trkpt lat="-41.2939500" lon="174.7616310">
    <ele>62.0</ele>
   </trkpt>
   <trkpt lat="-41.2939400" lon="174.7616000">
    <ele>62.0</ele>
   </trkpt>
   <trkpt lat="-41.2939280" lon="174.7615690">
    <ele>62.0</ele>
   </trkpt>
   <trkpt lat="-41.2939160" lon="174.7615380">
    <ele>62.0</ele>
   </trkpt>
   <trkpt lat="-41.2939030" lon="174.7615080">
    <ele>62.0</ele>
   </trkpt>
   <trkpt lat="-41.2938900" lon="174.7614790">
    <ele>62.0</ele>
   </trkpt>
   <trkpt lat="-41.2938770" lon="174.7614550">
    <ele>62.0</ele>
   </trkpt>
   <trkpt lat="-41.2938640" lon="174.7614310">
    <ele>62.0</ele>
   </trkpt>
   <trkpt lat="-41.2938480" lon="174.7614080">
    <ele>62.0</ele>
   </trkpt>
   <trkpt lat="-41.2938310" lon="174.7613840">
    <ele>63.0</ele>
   </trkpt>
   <trkpt lat="-41.2938530" lon="174.7613350">
    <ele>63.0</ele>
   </trkpt>
   <trkpt lat="-41.2938610" lon="174.7613430">
    <ele>63.0</ele>
   </trkpt>
   <trkpt lat="-41.2938690" lon="174.7613510">
    <ele>63.0</ele>
   </trkpt>
   <trkpt lat="-41.2938820" lon="174.7613630">
    <ele>63.0</ele>
   </trkpt>
   <trkpt lat="-41.2938950" lon="174.7613750">
    <ele>65.0</ele>
   </trkpt>
   <trkpt lat="-41.2939130" lon="174.7613880">
    <ele>64.0</ele>
   </trkpt>
   <trkpt lat="-41.2939310" lon="174.7614010">
    <ele>64.0</ele>
   </trkpt>
   <trkpt lat="-41.2939530" lon="174.7614140">
    <ele>64.0</ele>
   </trkpt>
   <trkpt lat="-41.2939750" lon="174.7614260">
    <ele>64.0</ele>
   </trkpt>
   <trkpt lat="-41.2940010" lon="174.7614370">
    <ele>64.0</ele>
   </trkpt>
   <trkpt lat="-41.2940260" lon="174.7614470">
    <ele>64.0</ele>
   </trkpt>
   <trkpt lat="-41.2940530" lon="174.7614550">
    <ele>64.0</ele>
   </trkpt>
   <trkpt lat="-41.2940800" lon="174.7614620">
    <ele>64.0</ele>
   </trkpt>
   <trkpt lat="-41.2941060" lon="174.7614650">
    <ele>64.0</ele>
   </trkpt>
   <trkpt lat="-41.2941330" lon="174.7614680">
    <ele>65.0</ele>
   </trkpt>
   <trkpt lat="-41.2941600" lon="174.7614630">
    <ele>65.0</ele>
   </trkpt>
   <trkpt lat="-41.2941860" lon="174.7614590">
    <ele>65.0</ele>
   </trkpt>
   <trkpt lat="-41.2942110" lon="174.7614500">
    <ele>65.0</ele>
   </trkpt>
   <trkpt lat="-41.2942360" lon="174.7614410">
    <ele>65.0</ele>
   </trkpt>
   <trkpt lat="-41.2942610" lon="174.7614330">
    <ele>65.0</ele>
   </trkpt>
   <trkpt lat="-41.2942850" lon="174.7614260">
    <ele>65.0</ele>
   </trkpt>
   <trkpt lat="-41.2943090" lon="174.7614210">
    <ele>65.0</ele>
   </trkpt>
   <trkpt lat="-41.2943320" lon="174.7614170">
    <ele>65.0</ele>
   </trkpt>
   <trkpt lat="-41.2943520" lon="174.7614140">
    <ele>65.0</ele>
   </trkpt>
   <trkpt lat="-41.2943730" lon="174.7614110">
    <ele>65.0</ele>
   </trkpt>
   <trkpt lat="-41.2943920" lon="174.7614070">
    <ele>65.0</ele>
   </trkpt>
   <trkpt lat="-41.2944100" lon="174.7614030">
    <ele>65.0</ele>
   </trkpt>
   <trkpt lat="-41.2944270" lon="174.7614000">
    <ele>65.0</ele>
   </trkpt>
   <trkpt lat="-41.2944430" lon="174.7613970">
    <ele>65.0</ele>
   </trkpt>
   <trkpt lat="-41.2944590" lon="174.7613960">
    <ele>65.0</ele>
   </trkpt>
   <trkpt lat="-41.2944750" lon="174.7613940">
    <ele>65.0</ele>
   </trkpt>
   <trkpt lat="-41.2944900" lon="174.7613910">
    <ele>65.0</ele>
   </trkpt>
   <trkpt lat="-41.2945040" lon="174.7613880">
    <ele>65.0</ele>
   </trkpt>
   <trkpt lat="-41.2945170" lon="174.7613820">
    <ele>65.0</ele>
   </trkpt>
   <trkpt lat="-41.2945310" lon="174.7613760">
    <ele>65.0</ele>
   </trkpt>
   <trkpt lat="-41.2945450" lon="174.7613700">
    <ele>65.0</ele>
   </trkpt>
   <trkpt lat="-41.2945600" lon="174.7613640">
    <ele>65.0</ele>
   </trkpt>
   <trkpt lat="-41.2945780" lon="174.7613600">
    <ele>65.0</ele>
   </trkpt>
   <trkpt lat="-41.2945960" lon="174.7613560">
    <ele>65.0</ele>
   </trkpt>
   <trkpt lat="-41.2946170" lon="174.7613520">
    <ele>66.0</ele>
   </trkpt>
   <trkpt lat="-41.2946380" lon="174.7613480">
    <ele>66.0</ele>
   </trkpt>
   <trkpt lat="-41.2946600" lon="174.7613430">
    <ele>66.0</ele>
   </trkpt>
   <trkpt lat="-41.2946820" lon="174.7613390">
    <ele>66.0</ele>
   </trkpt>
   <trkpt lat="-41.2947050" lon="174.7613370">
    <ele>66.0</ele>
   </trkpt>
   <trkpt lat="-41.2947270" lon="174.7613350">
    <ele>67.0</ele>
   </trkpt>
   <trkpt lat="-41.2947480" lon="174.7613350">
    <ele>67.0</ele>
   </trkpt>
   <trkpt lat="-41.2947690" lon="174.7613360">
    <ele>67.0</ele>
   </trkpt>
   <trkpt lat="-41.2947840" lon="174.7613390">
    <ele>67.0</ele>
   </trkpt>
   <trkpt lat="-41.2948000" lon="174.7613420">
    <ele>67.0</ele>
   </trkpt>
   <trkpt lat="-41.2948130" lon="174.7613430">
    <ele>68.0</ele>
   </trkpt>
   <trkpt lat="-41.2948260" lon="174.7613440">
    <ele>68.0</ele>
   </trkpt>
   <trkpt lat="-41.2948380" lon="174.7613420">
    <ele>68.0</ele>
   </trkpt>
   <trkpt lat="-41.2948500" lon="174.7613390">
    <ele>68.0</ele>
   </trkpt>
   <trkpt lat="-41.2948640" lon="174.7613320">
    <ele>68.0</ele>
   </trkpt>
   <trkpt lat="-41.2948780" lon="174.7613250">
    <ele>69.0</ele>
   </trkpt>
   <trkpt lat="-41.2948950" lon="174.7613140">
    <ele>69.0</ele>
   </trkpt>
   <trkpt lat="-41.2949120" lon="174.7613030">
    <ele>69.0</ele>
   </trkpt>
   <trkpt lat="-41.2949300" lon="174.7612900">
    <ele>70.0</ele>
   </trkpt>
   <trkpt lat="-41.2949490" lon="174.7612770">
    <ele>70.0</ele>
   </trkpt>
   <trkpt lat="-41.2949730" lon="174.7612630">
    <ele>71.0</ele>
   </trkpt>
   <trkpt lat="-41.2949960" lon="174.7612490">
    <ele>71.0</ele>
   </trkpt>
   <trkpt lat="-41.2950220" lon="174.7612360">
    <ele>71.0</ele>
   </trkpt>
   <trkpt lat="-41.2950470" lon="174.7612230">
    <ele>71.0</ele>
   </trkpt>
   <trkpt lat="-41.2950700" lon="174.7612110">
    <ele>71.0</ele>
   </trkpt>
   <trkpt lat="-41.2950930" lon="174.7612000">
    <ele>72.0</ele>
   </trkpt>
   <trkpt lat="-41.2951130" lon="174.7611900">
    <ele>72.0</ele>
   </trkpt>
   <trkpt lat="-41.2951340" lon="174.7611820">
    <ele>72.0</ele>
   </trkpt>
   <trkpt lat="-41.2951530" lon="174.7611710">
    <ele>73.0</ele>
   </trkpt>
   <trkpt lat="-41.2951710" lon="174.7611610">
    <ele>73.0</ele>
   </trkpt>
   <trkpt lat="-41.2951900" lon="174.7611500">
    <ele>74.0</ele>
   </trkpt>
   <trkpt lat="-41.2952080" lon="174.7611390">
    <ele>74.0</ele>
   </trkpt>
   <trkpt lat="-41.2952270" lon="174.7611310">
    <ele>74.0</ele>
   </trkpt>
   <trkpt lat="-41.2952450" lon="174.7611240">
    <ele>74.0</ele>
   </trkpt>
   <trkpt lat="-41.2952660" lon="174.7611190">
    <ele>74.0</ele>
   </trkpt>
   <trkpt lat="-41.2952870" lon="174.7611140">
    <ele>74.0</ele>
   </trkpt>
   <trkpt lat="-41.2953100" lon="174.7611060">
    <ele>74.0</ele>
   </trkpt>
   <trkpt lat="-41.2953320" lon="174.7610980">
    <ele>74.0</ele>
   </trkpt>
   <trkpt lat="-41.2953500" lon="174.7610870">
    <ele>74.0</ele>
   </trkpt>
   <trkpt lat="-41.2953690" lon="174.7610760">
    <ele>74.0</ele>
   </trkpt>
   <trkpt lat="-41.2953840" lon="174.7610640">
    <ele>75.0</ele>
   </trkpt>
   <trkpt lat="-41.2953990" lon="174.7610530">
    <ele>75.0</ele>
   </trkpt>
   <trkpt lat="-41.2954060" lon="174.7610490">
    <ele>75.0</ele>
   </trkpt>
   <trkpt lat="-41.2954130" lon="174.7610440">
    <ele>75.0</ele>
   </trkpt>
   <trkpt lat="-41.2954190" lon="174.7610400">
    <ele>75.0</ele>
   </trkpt>
   <trkpt lat="-41.2954210" lon="174.7610410">
    <ele>76.0</ele>
   </trkpt>
   <trkpt lat="-41.2954230" lon="174.7610420">
    <ele>76.0</ele>
   </trkpt>
   <trkpt lat="-41.2954210" lon="174.7610480">
    <ele>76.0</ele>
   </trkpt>
   <trkpt lat="-41.2954180" lon="174.7610540">
    <ele>76.0</ele>
   </trkpt>
   <trkpt lat="-41.2954150" lon="174.7610630">
    <ele>76.0</ele>
   </trkpt>
   <trkpt lat="-41.2954110" lon="174.7610730">
    <ele>77.0</ele>
   </trkpt>
   <trkpt lat="-41.2954040" lon="174.7610820">
    <ele>77.0</ele>
   </trkpt>
   <trkpt lat="-41.2953980" lon="174.7610920">
    <ele>77.0</ele>
   </trkpt>
   <trkpt lat="-41.2953890" lon="174.7610990">
    <ele>77.0</ele>
   </trkpt>
   <trkpt lat="-41.2953800" lon="174.7611070">
    <ele>77.0</ele>
   </trkpt>
   <trkpt lat="-41.2953690" lon="174.7611130">
    <ele>77.0</ele>
   </trkpt>
   <trkpt lat="-41.2953590" lon="174.7611190">
    <ele>77.0</ele>
   </trkpt>
   <trkpt lat="-41.2953470" lon="174.7611250">
    <ele>77.0</ele>
   </trkpt>
   <trkpt lat="-41.2953360" lon="174.7611310">
    <ele>77.0</ele>
   </trkpt>
   <trkpt lat="-41.2953270" lon="174.7611390">
    <ele>77.0</ele>
   </trkpt>
   <trkpt lat="-41.2953190" lon="174.7611470">
    <ele>78.0</ele>
   </trkpt>
   <trkpt lat="-41.2953130" lon="174.7611570">
    <ele>78.0</ele>
   </trkpt>
   <trkpt lat="-41.2953060" lon="174.7611680">
    <ele>78.0</ele>
   </trkpt>
   <trkpt lat="-41.2953010" lon="174.7611810">
    <ele>78.0</ele>
   </trkpt>
   <trkpt lat="-41.2952950" lon="174.7611940">
    <ele>78.0</ele>
   </trkpt>
   <trkpt lat="-41.2952880" lon="174.7612060">
    <ele>79.0</ele>
   </trkpt>
   <trkpt lat="-41.2952810" lon="174.7612170">
    <ele>79.0</ele>
   </trkpt>
   <trkpt lat="-41.2952720" lon="174.7612270">
    <ele>79.0</ele>
   </trkpt>
   <trkpt lat="-41.2952620" lon="174.7612360">
    <ele>79.0</ele>
   </trkpt>
   <trkpt lat="-41.2952480" lon="174.7612430">
    <ele>79.0</ele>
   </trkpt>
   <trkpt lat="-41.2952340" lon="174.7612510">
    <ele>80.0</ele>
   </trkpt>
   <trkpt lat="-41.2952160" lon="174.7612600">
    <ele>80.0</ele>
   </trkpt>
   <trkpt lat="-41.2951980" lon="174.7612690">
    <ele>80.0</ele>
   </trkpt>
   <trkpt lat="-41.2951800" lon="174.7612830">
    <ele>80.0</ele>
   </trkpt>
   <trkpt lat="-41.2951620" lon="174.7612970">
    <ele>80.0</ele>
   </trkpt>
   <trkpt lat="-41.2951460" lon="174.7613160">
    <ele>80.0</ele>
   </trkpt>
   <trkpt lat="-41.2951310" lon="174.7613350">
    <ele>80.0</ele>
   </trkpt>
   <trkpt lat="-41.2951170" lon="174.7613560">
    <ele>80.0</ele>
   </trkpt>
   <trkpt lat="-41.2951030" lon="174.7613760">
    <ele>80.0</ele>
   </trkpt>
   <trkpt lat="-41.2950940" lon="174.7613950">
    <ele>80.0</ele>
   </trkpt>
   <trkpt lat="-41.2950850" lon="174.7614150">
    <ele>81.0</ele>
   </trkpt>
   <trkpt lat="-41.2950800" lon="174.7614320">
    <ele>81.0</ele>
   </trkpt>
   <trkpt lat="-41.2950760" lon="174.7614490">
    <ele>81.0</ele>
   </trkpt>
   <trkpt lat="-41.2950760" lon="174.7614640">
    <ele>81.0</ele>
   </trkpt>
   <trkpt lat="-41.2950760" lon="174.7614790">
    <ele>81.0</ele>
   </trkpt>
   <trkpt lat="-41.2950780" lon="174.7614920">
    <ele>82.0</ele>
   </trkpt>
   <trkpt lat="-41.2950800" lon="174.7615060">
    <ele>82.0</ele>
   </trkpt>
   <trkpt lat="-41.2950850" lon="174.7615210">
    <ele>82.0</ele>
   </trkpt>
   <trkpt lat="-41.2950890" lon="174.7615370">
    <ele>82.0</ele>
   </trkpt>
   <trkpt lat="-41.2950930" lon="174.7615540">
    <ele>82.0</ele>
   </trkpt>
   <trkpt lat="-41.2950960" lon="174.7615720">
    <ele>82.0</ele>
   </trkpt>
   <trkpt lat="-41.2950950" lon="174.7615900">
    <ele>82.0</ele>
   </trkpt>
   <trkpt lat="-41.2950940" lon="174.7616090">
    <ele>82.0</ele>
   </trkpt>
   <trkpt lat="-41.2950870" lon="174.7616270">
    <ele>82.0</ele>
   </trkpt>
   <trkpt lat="-41.2950790" lon="174.7616450">
    <ele>82.0</ele>
   </trkpt>
   <trkpt lat="-41.2950660" lon="174.7616620">
    <ele>83.0</ele>
   </trkpt>
   <trkpt lat="-41.2950530" lon="174.7616790">
    <ele>83.0</ele>
   </trkpt>
   <trkpt lat="-41.2950370" lon="174.7616910">
    <ele>83.0</ele>
   </trkpt>
   <trkpt lat="-41.2950200" lon="174.7617040">
    <ele>83.0</ele>
   </trkpt>
   <trkpt lat="-41.2950030" lon="174.7617120">
    <ele>83.0</ele>
   </trkpt>
   <trkpt lat="-41.2949870" lon="174.7617200">
    <ele>84.0</ele>
   </trkpt>
   <trkpt lat="-41.2949730" lon="174.7617260">
    <ele>84.0</ele>
   </trkpt>
   <trkpt lat="-41.2949590" lon="174.7617330">
    <ele>84.0</ele>
   </trkpt>
   <trkpt lat="-41.2949440" lon="174.7617360">
    <ele>84.0</ele>
   </trkpt>
   <trkpt lat="-41.2949300" lon="174.7617400">
    <ele>84.0</ele>
   </trkpt>
   <trkpt lat="-41.2949130" lon="174.7617390">
    <ele>85.0</ele>
   </trkpt>
   <trkpt lat="-41.2948970" lon="174.7617380">
    <ele>85.0</ele>
   </trkpt>
   <trkpt lat="-41.2948800" lon="174.7617350">
    <ele>85.0</ele>
   </trkpt>
   <trkpt lat="-41.2948620" lon="174.7617320">
    <ele>85.0</ele>
   </trkpt>
   <trkpt lat="-41.2948430" lon="174.7617330">
    <ele>85.0</ele>
   </trkpt>
   <trkpt lat="-41.2948240" lon="174.7617340">
    <ele>86.0</ele>
   </trkpt>
   <trkpt lat="-41.2948060" lon="174.7617400">
    <ele>86.0</ele>
   </trkpt>
   <trkpt lat="-41.2947870" lon="174.7617460">
    <ele>86.0</ele>
   </trkpt>
   <trkpt lat="-41.2947700" lon="174.7617540">
    <ele>86.0</ele>
   </trkpt>
   <trkpt lat="-41.2947530" lon="174.7617630">
    <ele>86.0</ele>
   </trkpt>
   <trkpt lat="-41.2947380" lon="174.7617780">
    <ele>87.0</ele>
   </trkpt>
   <trkpt lat="-41.2947230" lon="174.7617920">
    <ele>87.0</ele>
   </trkpt>
   <trkpt lat="-41.2947130" lon="174.7618110">
    <ele>87.0</ele>
   </trkpt>
   <trkpt lat="-41.2947030" lon="174.7618300">
    <ele>87.0</ele>
   </trkpt>
   <trkpt lat="-41.2947010" lon="174.7618490">
    <ele>87.0</ele>
   </trkpt>
   <trkpt lat="-41.2947000" lon="174.7618680">
    <ele>88.0</ele>
   </trkpt>
   <trkpt lat="-41.2947070" lon="174.7618820">
    <ele>88.0</ele>
   </trkpt>
   <trkpt lat="-41.2947140" lon="174.7618960">
    <ele>88.0</ele>
   </trkpt>
   <trkpt lat="-41.2947250" lon="174.7619040">
    <ele>88.0</ele>
   </trkpt>
   <trkpt lat="-41.2947370" lon="174.7619130">
    <ele>88.0</ele>
   </trkpt>
   <trkpt lat="-41.2947520" lon="174.7619180">
    <ele>89.0</ele>
   </trkpt>
   <trkpt lat="-41.2947660" lon="174.7619230">
    <ele>89.0</ele>
   </trkpt>
   <trkpt lat="-41.2947800" lon="174.7619280">
    <ele>89.0</ele>
   </trkpt>
   <trkpt lat="-41.2947940" lon="174.7619310">
    <ele>89.0</ele>
   </trkpt>
   <trkpt lat="-41.2948090" lon="174.7619320">
    <ele>89.0</ele>
   </trkpt>
   <trkpt lat="-41.2948230" lon="174.7619330">
    <ele>89.0</ele>
   </trkpt>
   <trkpt lat="-41.2948390" lon="174.7619310">
    <ele>89.0</ele>
   </trkpt>
   <trkpt lat="-41.2948550" lon="174.7619300">
    <ele>89.0</ele>
   </trkpt>
   <trkpt lat="-41.2948720" lon="174.7619300">
    <ele>89.0</ele>
   </trkpt>
   <trkpt lat="-41.2948900" lon="174.7619290">
    <ele>89.0</ele>
   </trkpt>
   <trkpt lat="-41.2949080" lon="174.7619320">
    <ele>90.0</ele>
   </trkpt>
   <trkpt lat="-41.2949250" lon="174.7619350">
    <ele>90.0</ele>
   </trkpt>
   <trkpt lat="-41.2949430" lon="174.7619380">
    <ele>90.0</ele>
   </trkpt>
   <trkpt lat="-41.2949610" lon="174.7619420">
    <ele>90.0</ele>
   </trkpt>
   <trkpt lat="-41.2949800" lon="174.7619440">
    <ele>90.0</ele>
   </trkpt>
   <trkpt lat="-41.2949990" lon="174.7619470">
    <ele>91.0</ele>
   </trkpt>
   <trkpt lat="-41.2950160" lon="174.7619420">
    <ele>91.0</ele>
   </trkpt>
   <trkpt lat="-41.2950330" lon="174.7619380">
    <ele>91.0</ele>
   </trkpt>
   <trkpt lat="-41.2950480" lon="174.7619230">
    <ele>91.0</ele>
   </trkpt>
   <trkpt lat="-41.2950640" lon="174.7619080">
    <ele>91.0</ele>
   </trkpt>
   <trkpt lat="-41.2950790" lon="174.7618860">
    <ele>92.0</ele>
   </trkpt>
   <trkpt lat="-41.2950930" lon="174.7618650">
    <ele>92.0</ele>
   </trkpt>
   <trkpt lat="-41.2951070" lon="174.7618400">
    <ele>92.0</ele>
   </trkpt>
   <trkpt lat="-41.2951200" lon="174.7618160">
    <ele>92.0</ele>
   </trkpt>
   <trkpt lat="-41.2951320" lon="174.7617900">
    <ele>92.0</ele>
   </trkpt>
   <trkpt lat="-41.2951440" lon="174.7617640">
    <ele>92.0</ele>
   </trkpt>
   <trkpt lat="-41.2951540" lon="174.7617390">
    <ele>92.0</ele>
   </trkpt>
   <trkpt lat="-41.2951640" lon="174.7617140">
    <ele>92.0</ele>
   </trkpt>
   <trkpt lat="-41.2951710" lon="174.7616880">
    <ele>92.0</ele>
   </trkpt>
   <trkpt lat="-41.2951780" lon="174.7616620">
    <ele>92.0</ele>
   </trkpt>
   <trkpt lat="-41.2951810" lon="174.7616370">
    <ele>93.0</ele>
   </trkpt>
   <trkpt lat="-41.2951840" lon="174.7616120">
    <ele>93.0</ele>
   </trkpt>
   <trkpt lat="-41.2951850" lon="174.7615860">
    <ele>93.0</ele>
   </trkpt>
   <trkpt lat="-41.2951870" lon="174.7615610">
    <ele>93.0</ele>
   </trkpt>
   <trkpt lat="-41.2951920" lon="174.7615360">
    <ele>93.0</ele>
   </trkpt>
   <trkpt lat="-41.2951970" lon="174.7615110">
    <ele>93.0</ele>
   </trkpt>
   <trkpt lat="-41.2952090" lon="174.7614880">
    <ele>92.0</ele>
   </trkpt>
   <trkpt lat="-41.2952210" lon="174.7614650">
    <ele>92.0</ele>
   </trkpt>
   <trkpt lat="-41.2952360" lon="174.7614470">
    <ele>92.0</ele>
   </trkpt>
   <trkpt lat="-41.2952500" lon="174.7614290">
    <ele>92.0</ele>
   </trkpt>
   <trkpt lat="-41.2952650" lon="174.7614190">
    <ele>92.0</ele>
   </trkpt>
   <trkpt lat="-41.2952790" lon="174.7614090">
    <ele>92.0</ele>
   </trkpt>
   <trkpt lat="-41.2952940" lon="174.7614030">
    <ele>92.0</ele>
   </trkpt>
   <trkpt lat="-41.2953080" lon="174.7613970">
    <ele>92.0</ele>
   </trkpt>
   <trkpt lat="-41.2953230" lon="174.7613910">
    <ele>92.0</ele>
   </trkpt>
   <trkpt lat="-41.2953380" lon="174.7613850">
    <ele>92.0</ele>
   </trkpt>
   <trkpt lat="-41.2953550" lon="174.7613730">
    <ele>92.0</ele>
   </trkpt>
   <trkpt lat="-41.2953720" lon="174.7613620">
    <ele>92.0</ele>
   </trkpt>
   <trkpt lat="-41.2953900" lon="174.7613490">
    <ele>92.0</ele>
   </trkpt>
   <trkpt lat="-41.2954070" lon="174.7613350">
    <ele>92.0</ele>
   </trkpt>
   <trkpt lat="-41.2954240" lon="174.7613220">
    <ele>92.0</ele>
   </trkpt>
   <trkpt lat="-41.2954410" lon="174.7613090">
    <ele>92.0</ele>
   </trkpt>
   <trkpt lat="-41.2954590" lon="174.7612950">
    <ele>92.0</ele>
   </trkpt>
   <trkpt lat="-41.2954760" lon="174.7612810">
    <ele>92.0</ele>
   </trkpt>
   <trkpt lat="-41.2954950" lon="174.7612700">
    <ele>92.0</ele>
   </trkpt>
   <trkpt lat="-41.2955130" lon="174.7612580">
    <ele>93.0</ele>
   </trkpt>
   <trkpt lat="-41.2955320" lon="174.7612490">
    <ele>93.0</ele>
   </trkpt>
   <trkpt lat="-41.2955510" lon="174.7612390">
    <ele>93.0</ele>
   </trkpt>
   <trkpt lat="-41.2955710" lon="174.7612310">
    <ele>93.0</ele>
   </trkpt>
   <trkpt lat="-41.2955900" lon="174.7612240">
    <ele>93.0</ele>
   </trkpt>
   <trkpt lat="-41.2956070" lon="174.7612160">
    <ele>94.0</ele>
   </trkpt>
   <trkpt lat="-41.2956230" lon="174.7612090">
    <ele>94.0</ele>
   </trkpt>
   <trkpt lat="-41.2956370" lon="174.7612030">
    <ele>94.0</ele>
   </trkpt>
   <trkpt lat="-41.2956510" lon="174.7611980">
    <ele>94.0</ele>
   </trkpt>
   <trkpt lat="-41.2956640" lon="174.7611970">
    <ele>94.0</ele>
   </trkpt>
   <trkpt lat="-41.2956780" lon="174.7611950">
    <ele>95.0</ele>
   </trkpt>
   <trkpt lat="-41.2956900" lon="174.7611940">
    <ele>95.0</ele>
   </trkpt>
   <trkpt lat="-41.2957020" lon="174.7611930">
    <ele>95.0</ele>
   </trkpt>
   <trkpt lat="-41.2957120" lon="174.7611910">
    <ele>95.0</ele>
   </trkpt>
   <trkpt lat="-41.2957230" lon="174.7611890">
    <ele>95.0</ele>
   </trkpt>
   <trkpt lat="-41.2957320" lon="174.7611840">
    <ele>95.0</ele>
   </trkpt>
   <trkpt lat="-41.2957410" lon="174.7611800">
    <ele>95.0</ele>
   </trkpt>
   <trkpt lat="-41.2957520" lon="174.7611710">
    <ele>95.0</ele>
   </trkpt>
   <trkpt lat="-41.2957630" lon="174.7611630">
    <ele>95.0</ele>
   </trkpt>
   <trkpt lat="-41.2957750" lon="174.7611520">
    <ele>95.0</ele>
   </trkpt>
   <trkpt lat="-41.2957870" lon="174.7611410">
    <ele>96.0</ele>
   </trkpt>
   <trkpt lat="-41.2958010" lon="174.7611270">
    <ele>96.0</ele>
   </trkpt>
   <trkpt lat="-41.2958140" lon="174.7611140">
    <ele>96.0</ele>
   </trkpt>
   <trkpt lat="-41.2958300" lon="174.7610990">
    <ele>96.0</ele>
   </trkpt>
   <trkpt lat="-41.2958450" lon="174.7610840">
    <ele>96.0</ele>
   </trkpt>
   <trkpt lat="-41.2958650" lon="174.7610750">
    <ele>96.0</ele>
   </trkpt>
   <trkpt lat="-41.2958840" lon="174.7610660">
    <ele>96.0</ele>
   </trkpt>
   <trkpt lat="-41.2959070" lon="174.7610640">
    <ele>96.0</ele>
   </trkpt>
   <trkpt lat="-41.2959290" lon="174.7610620">
    <ele>96.0</ele>
   </trkpt>
   <trkpt lat="-41.2959510" lon="174.7610660">
    <ele>96.0</ele>
   </trkpt>
   <trkpt lat="-41.2959730" lon="174.7610700">
    <ele>96.0</ele>
   </trkpt>
   <trkpt lat="-41.2959930" lon="174.7610730">
    <ele>96.0</ele>
   </trkpt>
   <trkpt lat="-41.2960130" lon="174.7610760">
    <ele>96.0</ele>
   </trkpt>
   <trkpt lat="-41.2960310" lon="174.7610750">
    <ele>96.0</ele>
   </trkpt>
   <trkpt lat="-41.2960490" lon="174.7610740">
    <ele>96.0</ele>
   </trkpt>
   <trkpt lat="-41.2960660" lon="174.7610680">
    <ele>97.0</ele>
   </trkpt>
   <trkpt lat="-41.2960820" lon="174.7610630">
    <ele>97.0</ele>
   </trkpt>
   <trkpt lat="-41.2960990" lon="174.7610530">
    <ele>97.0</ele>
   </trkpt>
   <trkpt lat="-41.2961160" lon="174.7610420">
    <ele>97.0</ele>
   </trkpt>
   <trkpt lat="-41.2961320" lon="174.7610270">
    <ele>97.0</ele>
   </trkpt>
   <trkpt lat="-41.2961480" lon="174.7610120">
    <ele>98.0</ele>
   </trkpt>
   <trkpt lat="-41.2961640" lon="174.7609950">
    <ele>98.0</ele>
   </trkpt>
   <trkpt lat="-41.2961800" lon="174.7609780">
    <ele>98.0</ele>
   </trkpt>
   <trkpt lat="-41.2961950" lon="174.7609620">
    <ele>98.0</ele>
   </trkpt>
   <trkpt lat="-41.2962090" lon="174.7609470">
    <ele>98.0</ele>
   </trkpt>
   <trkpt lat="-41.2962240" lon="174.7609350">
    <ele>99.0</ele>
   </trkpt>
   <trkpt lat="-41.2962380" lon="174.7609220">
    <ele>99.0</ele>
   </trkpt>
   <trkpt lat="-41.2962510" lon="174.7609120">
    <ele>99.0</ele>
   </trkpt>
   <trkpt lat="-41.2962640" lon="174.7609020">
    <ele>99.0</ele>
   </trkpt>
   <trkpt lat="-41.2962770" lon="174.7608920">
    <ele>99.0</ele>
   </trkpt>
   <trkpt lat="-41.2962900" lon="174.7608810">
    <ele>100.0</ele>
   </trkpt>
   <trkpt lat="-41.2963060" lon="174.7608710">
    <ele>100.0</ele>
   </trkpt>
   <trkpt lat="-41.2963230" lon="174.7608600">
    <ele>100.0</ele>
   </trkpt>
   <trkpt lat="-41.2963420" lon="174.7608470">
    <ele>100.0</ele>
   </trkpt>
   <trkpt lat="-41.2963620" lon="174.7608350">
    <ele>100.0</ele>
   </trkpt>
   <trkpt lat="-41.2963810" lon="174.7608180">
    <ele>100.0</ele>
   </trkpt>
   <trkpt lat="-41.2964010" lon="174.7608020">
    <ele>100.0</ele>
   </trkpt>
   <trkpt lat="-41.2964220" lon="174.7607840">
    <ele>100.0</ele>
   </trkpt>
   <trkpt lat="-41.2964430" lon="174.7607660">
    <ele>100.0</ele>
   </trkpt>
   <trkpt lat="-41.2964630" lon="174.7607530">
    <ele>100.0</ele>
   </trkpt>
   <trkpt lat="-41.2964840" lon="174.7607390">
    <ele>101.0</ele>
   </trkpt>
   <trkpt lat="-41.2965030" lon="174.7607310">
    <ele>101.0</ele>
   </trkpt>
   <trkpt lat="-41.2965220" lon="174.7607230">
    <ele>101.0</ele>
   </trkpt>
   <trkpt lat="-41.2965410" lon="174.7607190">
    <ele>101.0</ele>
   </trkpt>
   <trkpt lat="-41.2965590" lon="174.7607160">
    <ele>101.0</ele>
   </trkpt>
   <trkpt lat="-41.2965770" lon="174.7607130">
    <ele>101.0</ele>
   </trkpt>
   <trkpt lat="-41.2965960" lon="174.7607100">
    <ele>101.0</ele>
   </trkpt>
   <trkpt lat="-41.2966140" lon="174.7607090">
    <ele>101.0</ele>
   </trkpt>
   <trkpt lat="-41.2966320" lon="174.7607080">
    <ele>101.0</ele>
   </trkpt>
   <trkpt lat="-41.2966470" lon="174.7607120">
    <ele>101.0</ele>
   </trkpt>
   <trkpt lat="-41.2966620" lon="174.7607160">
    <ele>102.0</ele>
   </trkpt>
   <trkpt lat="-41.2966760" lon="174.7607280">
    <ele>102.0</ele>
   </trkpt>
   <trkpt lat="-41.2966900" lon="174.7607410">
    <ele>102.0</ele>
   </trkpt>
   <trkpt lat="-41.2967030" lon="174.7607540">
    <ele>102.0</ele>
   </trkpt>
   <trkpt lat="-41.2967170" lon="174.7607670">
    <ele>102.0</ele>
   </trkpt>
   <trkpt lat="-41.2967300" lon="174.7607730">
    <ele>102.0</ele>
   </trkpt>
   <trkpt lat="-41.2967430" lon="174.7607800">
    <ele>102.0</ele>
   </trkpt>
   <trkpt lat="-41.2967540" lon="174.7607770">
    <ele>102.0</ele>
   </trkpt>
   <trkpt lat="-41.2967660" lon="174.7607750">
    <ele>102.0</ele>
   </trkpt>
   <trkpt lat="-41.2967750" lon="174.7607650">
    <ele>102.0</ele>
   </trkpt>
   <trkpt lat="-41.2967840" lon="174.7607560">
    <ele>102.0</ele>
   </trkpt>
   <trkpt lat="-41.2967920" lon="174.7607420">
    <ele>102.0</ele>
   </trkpt>
   <trkpt lat="-41.2968000" lon="174.7607290">
    <ele>102.0</ele>
   </trkpt>
   <trkpt lat="-41.2968100" lon="174.7607120">
    <ele>102.0</ele>
   </trkpt>
   <trkpt lat="-41.2968210" lon="174.7606940">
    <ele>102.0</ele>
   </trkpt>
   <trkpt lat="-41.2968370" lon="174.7606750">
    <ele>102.0</ele>
   </trkpt>
   <trkpt lat="-41.2968520" lon="174.7606560">
    <ele>102.0</ele>
   </trkpt>
   <trkpt lat="-41.2968690" lon="174.7606400">
    <ele>102.0</ele>
   </trkpt>
   <trkpt lat="-41.2968860" lon="174.7606230">
    <ele>102.0</ele>
   </trkpt>
   <trkpt lat="-41.2969050" lon="174.7606090">
    <ele>102.0</ele>
   </trkpt>
   <trkpt lat="-41.2969240" lon="174.7605940">
    <ele>103.0</ele>
   </trkpt>
   <trkpt lat="-41.2969440" lon="174.7605790">
    <ele>103.0</ele>
   </trkpt>
   <trkpt lat="-41.2969640" lon="174.7605650">
    <ele>103.0</ele>
   </trkpt>
   <trkpt lat="-41.2969830" lon="174.7605510">
    <ele>103.0</ele>
   </trkpt>
   <trkpt lat="-41.2970020" lon="174.7605370">
    <ele>103.0</ele>
   </trkpt>
   <trkpt lat="-41.2970200" lon="174.7605230">
    <ele>103.0</ele>
   </trkpt>
   <trkpt lat="-41.2970370" lon="174.7605090">
    <ele>103.0</ele>
   </trkpt>
   <trkpt lat="-41.2970550" lon="174.7604980">
    <ele>103.0</ele>
   </trkpt>
   <trkpt lat="-41.2970720" lon="174.7604870">
    <ele>103.0</ele>
   </trkpt>
   <trkpt lat="-41.2970900" lon="174.7604790">
    <ele>103.0</ele>
   </trkpt>
   <trkpt lat="-41.2971090" lon="174.7604700">
    <ele>103.0</ele>
   </trkpt>
   <trkpt lat="-41.2971290" lon="174.7604630">
    <ele>103.0</ele>
   </trkpt>
   <trkpt lat="-41.2971490" lon="174.7604560">
    <ele>103.0</ele>
   </trkpt>
   <trkpt lat="-41.2971680" lon="174.7604510">
    <ele>103.0</ele>
   </trkpt>
   <trkpt lat="-41.2971880" lon="174.7604450">
    <ele>103.0</ele>
   </trkpt>
   <trkpt lat="-41.2972040" lon="174.7604410">
    <ele>104.0</ele>
   </trkpt>
   <trkpt lat="-41.2972200" lon="174.7604370">
    <ele>104.0</ele>
   </trkpt>
   <trkpt lat="-41.2972340" lon="174.7604330">
    <ele>104.0</ele>
   </trkpt>
   <trkpt lat="-41.2972470" lon="174.7604280">
    <ele>104.0</ele>
   </trkpt>
   <trkpt lat="-41.2972600" lon="174.7604220">
    <ele>104.0</ele>
   </trkpt>
   <trkpt lat="-41.2972720" lon="174.7604160">
    <ele>105.0</ele>
   </trkpt>
   <trkpt lat="-41.2972820" lon="174.7604090">
    <ele>105.0</ele>
   </trkpt>
   <trkpt lat="-41.2972930" lon="174.7604020">
    <ele>105.0</ele>
   </trkpt>
   <trkpt lat="-41.2973040" lon="174.7603930">
    <ele>105.0</ele>
   </trkpt>
   <trkpt lat="-41.2973140" lon="174.7603850">
    <ele>105.0</ele>
   </trkpt>
   <trkpt lat="-41.2973250" lon="174.7603750">
    <ele>105.0</ele>
   </trkpt>
   <trkpt lat="-41.2973370" lon="174.7603650">
    <ele>105.0</ele>
   </trkpt>
   <trkpt lat="-41.2973490" lon="174.7603570">
    <ele>105.0</ele>
   </trkpt>
   <trkpt lat="-41.2973610" lon="174.7603490">
    <ele>105.0</ele>
   </trkpt>
   <trkpt lat="-41.2973720" lon="174.7603410">
    <ele>105.0</ele>
   </trkpt>
   <trkpt lat="-41.2973830" lon="174.7603330">
    <ele>105.0</ele>
   </trkpt>
   <trkpt lat="-41.2973920" lon="174.7603220">
    <ele>105.0</ele>
   </trkpt>
   <trkpt lat="-41.2974020" lon="174.7603110">
    <ele>105.0</ele>
   </trkpt>
   <trkpt lat="-41.2974120" lon="174.7602980">
    <ele>105.0</ele>
   </trkpt>
   <trkpt lat="-41.2974220" lon="174.7602840">
    <ele>105.0</ele>
   </trkpt>
   <trkpt lat="-41.2974340" lon="174.7602720">
    <ele>105.0</ele>
   </trkpt>
   <trkpt lat="-41.2974460" lon="174.7602600">
    <ele>105.0</ele>
   </trkpt>
   <trkpt lat="-41.2974600" lon="174.7602520">
    <ele>105.0</ele>
   </trkpt>
   <trkpt lat="-41.2974740" lon="174.7602440">
    <ele>105.0</ele>
   </trkpt>
   <trkpt lat="-41.2974870" lon="174.7602390">
    <ele>105.0</ele>
   </trkpt>
   <trkpt lat="-41.2975010" lon="174.7602330">
    <ele>106.0</ele>
   </trkpt>
   <trkpt lat="-41.2975140" lon="174.7602310">
    <ele>106.0</ele>
   </trkpt>
   <trkpt lat="-41.2975270" lon="174.7602280">
    <ele>106.0</ele>
   </trkpt>
   <trkpt lat="-41.2975400" lon="174.7602260">
    <ele>106.0</ele>
   </trkpt>
   <trkpt lat="-41.2975520" lon="174.7602240">
    <ele>106.0</ele>
   </trkpt>
   <trkpt lat="-41.2975650" lon="174.7602230">
    <ele>107.0</ele>
   </trkpt>
   <trkpt lat="-41.2975780" lon="174.7602230">
    <ele>107.0</ele>
   </trkpt>
   <trkpt lat="-41.2975930" lon="174.7602210">
    <ele>107.0</ele>
   </trkpt>
   <trkpt lat="-41.2976090" lon="174.7602200">
    <ele>107.0</ele>
   </trkpt>
   <trkpt lat="-41.2976280" lon="174.7602180">
    <ele>107.0</ele>
   </trkpt>
   <trkpt lat="-41.2976460" lon="174.7602160">
    <ele>108.0</ele>
   </trkpt>
   <trkpt lat="-41.2976660" lon="174.7602170">
    <ele>108.0</ele>
   </trkpt>
   <trkpt lat="-41.2976860" lon="174.7602170">
    <ele>108.0</ele>
   </trkpt>
   <trkpt lat="-41.2977050" lon="174.7602170">
    <ele>108.0</ele>
   </trkpt>
   <trkpt lat="-41.2977230" lon="174.7602170">
    <ele>108.0</ele>
   </trkpt>
   <trkpt lat="-41.2977390" lon="174.7602160">
    <ele>108.0</ele>
   </trkpt>
   <trkpt lat="-41.2977550" lon="174.7602150">
    <ele>108.0</ele>
   </trkpt>
   <trkpt lat="-41.2977680" lon="174.7602120">
    <ele>108.0</ele>
   </trkpt>
   <trkpt lat="-41.2977820" lon="174.7602090">
    <ele>108.0</ele>
   </trkpt>
   <trkpt lat="-41.2977950" lon="174.7602020">
    <ele>108.0</ele>
   </trkpt>
   <trkpt lat="-41.2978080" lon="174.7601960">
    <ele>109.0</ele>
   </trkpt>
   <trkpt lat="-41.2978210" lon="174.7601860">
    <ele>109.0</ele>
   </trkpt>
   <trkpt lat="-41.2978340" lon="174.7601760">
    <ele>109.0</ele>
   </trkpt>
   <trkpt lat="-41.2978470" lon="174.7601610">
    <ele>109.0</ele>
   </trkpt>
   <trkpt lat="-41.2978600" lon="174.7601460">
    <ele>109.0</ele>
   </trkpt>
   <trkpt lat="-41.2978740" lon="174.7601280">
    <ele>109.0</ele>
   </trkpt>
   <trkpt lat="-41.2978870" lon="174.7601100">
    <ele>109.0</ele>
   </trkpt>
   <trkpt lat="-41.2979000" lon="174.7600910">
    <ele>109.0</ele>
   </trkpt>
   <trkpt lat="-41.2979140" lon="174.7600730">
    <ele>109.0</ele>
   </trkpt>
   <trkpt lat="-41.2979280" lon="174.7600550">
    <ele>109.0</ele>
   </trkpt>
   <trkpt lat="-41.2979410" lon="174.7600380">
    <ele>109.0</ele>
   </trkpt>
   <trkpt lat="-41.2979530" lon="174.7600210">
    <ele>109.0</ele>
   </trkpt>
   <trkpt lat="-41.2979660" lon="174.7600040">
    <ele>109.0</ele>
   </trkpt>
   <trkpt lat="-41.2979690" lon="174.7599990">
    <ele>109.0</ele>
   </trkpt>
   <trkpt lat="-41.2979730" lon="174.7599950">
    <ele>109.0</ele>
   </trkpt>
   <trkpt lat="-41.2979770" lon="174.7599910">
    <ele>110.0</ele>
   </trkpt>
   <trkpt lat="-41.2979810" lon="174.7599880">
    <ele>110.0</ele>
   </trkpt>
   <trkpt lat="-41.2979860" lon="174.7599860">
    <ele>110.0</ele>
   </trkpt>
   <trkpt lat="-41.2979880" lon="174.7599900">
    <ele>110.0</ele>
   </trkpt>
   <trkpt lat="-41.2979900" lon="174.7599940">
    <ele>110.0</ele>
   </trkpt>
   <trkpt lat="-41.2979900" lon="174.7600020">
    <ele>110.0</ele>
   </trkpt>
   <trkpt lat="-41.2979910" lon="174.7600100">
    <ele>110.0</ele>
   </trkpt>
   <trkpt lat="-41.2979910" lon="174.7600210">
    <ele>110.0</ele>
   </trkpt>
   <trkpt lat="-41.2979910" lon="174.7600320">
    <ele>110.0</ele>
   </trkpt>
   <trkpt lat="-41.2979890" lon="174.7600440">
    <ele>110.0</ele>
   </trkpt>
   <trkpt lat="-41.2979870" lon="174.7600570">
    <ele>111.0</ele>
   </trkpt>
   <trkpt lat="-41.2979850" lon="174.7600700">
    <ele>111.0</ele>
   </trkpt>
   <trkpt lat="-41.2979830" lon="174.7600840">
    <ele>111.0</ele>
   </trkpt>
   <trkpt lat="-41.2979820" lon="174.7600980">
    <ele>111.0</ele>
   </trkpt>
   <trkpt lat="-41.2979800" lon="174.7601120">
    <ele>111.0</ele>
   </trkpt>
   <trkpt lat="-41.2979760" lon="174.7601240">
    <ele>112.0</ele>
   </trkpt>
   <trkpt lat="-41.2979730" lon="174.7601360">
    <ele>112.0</ele>
   </trkpt>
   <trkpt lat="-41.2979660" lon="174.7601430">
    <ele>112.0</ele>
   </trkpt>
   <trkpt lat="-41.2979590" lon="174.7601500">
    <ele>112.0</ele>
   </trkpt>
   <trkpt lat="-41.2979490" lon="174.7601520">
    <ele>112.0</ele>
   </trkpt>
   <trkpt lat="-41.2979400" lon="174.7601550">
    <ele>112.0</ele>
   </trkpt>
   <trkpt lat="-41.2979260" lon="174.7601580">
    <ele>112.0</ele>
   </trkpt>
   <trkpt lat="-41.2979120" lon="174.7601600">
    <ele>112.0</ele>
   </trkpt>
   <trkpt lat="-41.2978940" lon="174.7601660">
    <ele>112.0</ele>
   </trkpt>
   <trkpt lat="-41.2978760" lon="174.7601720">
    <ele>112.0</ele>
   </trkpt>
   <trkpt lat="-41.2978590" lon="174.7601780">
    <ele>113.0</ele>
   </trkpt>
   <trkpt lat="-41.2978410" lon="174.7601850">
    <ele>113.0</ele>
   </trkpt>
   <trkpt lat="-41.2978290" lon="174.7601910">
    <ele>113.0</ele>
   </trkpt>
   <trkpt lat="-41.2978160" lon="174.7601970">
    <ele>113.0</ele>
   </trkpt>
   <trkpt lat="-41.2978110" lon="174.7602050">
    <ele>113.0</ele>
   </trkpt>
   <trkpt lat="-41.2978060" lon="174.7602140">
    <ele>113.0</ele>
   </trkpt>
   <trkpt lat="-41.2978060" lon="174.7602250">
    <ele>113.0</ele>
   </trkpt>
   <trkpt lat="-41.2978070" lon="174.7602360">
    <ele>113.0</ele>
   </trkpt>
   <trkpt lat="-41.2978130" lon="174.7602450">
    <ele>113.0</ele>
   </trkpt>
   <trkpt lat="-41.2978190" lon="174.7602540">
    <ele>113.0</ele>
   </trkpt>
   <trkpt lat="-41.2978280" lon="174.7602590">
    <ele>114.0</ele>
   </trkpt>
   <trkpt lat="-41.2978380" lon="174.7602640">
    <ele>114.0</ele>
   </trkpt>
   <trkpt lat="-41.2978470" lon="174.7602670">
    <ele>114.0</ele>
   </trkpt>
   <trkpt lat="-41.2978570" lon="174.7602690">
    <ele>114.0</ele>
   </trkpt>
   <trkpt lat="-41.2978670" lon="174.7602710">
    <ele>114.0</ele>
   </trkpt>
   <trkpt lat="-41.2978770" lon="174.7602730">
    <ele>115.0</ele>
   </trkpt>
   <trkpt lat="-41.2978870" lon="174.7602740">
    <ele>115.0</ele>
   </trkpt>
   <trkpt lat="-41.2978980" lon="174.7602750">
    <ele>115.0</ele>
   </trkpt>
   <trkpt lat="-41.2979090" lon="174.7602780">
    <ele>115.0</ele>
   </trkpt>
   <trkpt lat="-41.2979210" lon="174.7602810">
    <ele>115.0</ele>
   </trkpt>
   <trkpt lat="-41.2979320" lon="174.7602840">
    <ele>116.0</ele>
   </trkpt>
   <trkpt lat="-41.2979440" lon="174.7602860">
    <ele>116.0</ele>
   </trkpt>
   <trkpt lat="-41.2979570" lon="174.7602870">
    <ele>116.0</ele>
   </trkpt>
   <trkpt lat="-41.2979710" lon="174.7602870">
    <ele>116.0</ele>
   </trkpt>
   <trkpt lat="-41.2979860" lon="174.7602880">
    <ele>116.0</ele>
   </trkpt>
   <trkpt lat="-41.2980010" lon="174.7602900">
    <ele>117.0</ele>
   </trkpt>
   <trkpt lat="-41.2980130" lon="174.7602950">
    <ele>117.0</ele>
   </trkpt>
   <trkpt lat="-41.2980240" lon="174.7603000">
    <ele>117.0</ele>
   </trkpt>
   <trkpt lat="-41.2980260" lon="174.7603090">
    <ele>117.0</ele>
   </trkpt>
   <trkpt lat="-41.2980280" lon="174.7603170">
    <ele>117.0</ele>
   </trkpt>
   <trkpt lat="-41.2980230" lon="174.7603270">
    <ele>117.0</ele>
   </trkpt>
   <trkpt lat="-41.2980170" lon="174.7603370">
    <ele>117.0</ele>
   </trkpt>
   <trkpt lat="-41.2980080" lon="174.7603440">
    <ele>117.0</ele>
   </trkpt>
   <trkpt lat="-41.2979980" lon="174.7603510">
    <ele>117.0</ele>
   </trkpt>
   <trkpt lat="-41.2979880" lon="174.7603550">
    <ele>117.0</ele>
   </trkpt>
   <trkpt lat="-41.2979770" lon="174.7603590">
    <ele>118.0</ele>
   </trkpt>
   <trkpt lat="-41.2979650" lon="174.7603610">
    <ele>118.0</ele>
   </trkpt>
   <trkpt lat="-41.2979540" lon="174.7603630">
    <ele>118.0</ele>
   </trkpt>
   <trkpt lat="-41.2979390" lon="174.7603680">
    <ele>118.0</ele>
   </trkpt>
   <trkpt lat="-41.2979250" lon="174.7603720">
    <ele>118.0</ele>
   </trkpt>
   <trkpt lat="-41.2979110" lon="174.7603820">
    <ele>118.0</ele>
   </trkpt>
   <trkpt lat="-41.2978970" lon="174.7603910">
    <ele>118.0</ele>
   </trkpt>
   <trkpt lat="-41.2978860" lon="174.7604040">
    <ele>118.0</ele>
   </trkpt>
   <trkpt lat="-41.2978750" lon="174.7604170">
    <ele>118.0</ele>
   </trkpt>
   <trkpt lat="-41.2978640" lon="174.7604310">
    <ele>118.0</ele>
   </trkpt>
   <trkpt lat="-41.2978520" lon="174.7604450">
    <ele>119.0</ele>
   </trkpt>
   <trkpt lat="-41.2978390" lon="174.7604550">
    <ele>119.0</ele>
   </trkpt>
   <trkpt lat="-41.2978250" lon="174.7604650">
    <ele>119.0</ele>
   </trkpt>
   <trkpt lat="-41.2978090" lon="174.7604650">
    <ele>119.0</ele>
   </trkpt>
   <trkpt lat="-41.2977920" lon="174.7604650">
    <ele>119.0</ele>
   </trkpt>
   <trkpt lat="-41.2977750" lon="174.7604550">
    <ele>120.0</ele>
   </trkpt>
   <trkpt lat="-41.2977570" lon="174.7604440">
    <ele>120.0</ele>
   </trkpt>
   <trkpt lat="-41.2977410" lon="174.7604270">
    <ele>120.0</ele>
   </trkpt>
   <trkpt lat="-41.2977250" lon="174.7604100">
    <ele>120.0</ele>
   </trkpt>
   <trkpt lat="-41.2977100" lon="174.7603920">
    <ele>120.0</ele>
   </trkpt>
   <trkpt lat="-41.2976950" lon="174.7603740">
    <ele>120.0</ele>
   </trkpt>
   <trkpt lat="-41.2976800" lon="174.7603630">
    <ele>120.0</ele>
   </trkpt>
   <trkpt lat="-41.2976660" lon="174.7603510">
    <ele>120.0</ele>
   </trkpt>
   <trkpt lat="-41.2976500" lon="174.7603500">
    <ele>120.0</ele>
   </trkpt>
   <trkpt lat="-41.2976340" lon="174.7603490">
    <ele>120.0</ele>
   </trkpt>
   <trkpt lat="-41.2976180" lon="174.7603570">
    <ele>121.0</ele>
   </trkpt>
   <trkpt lat="-41.2976030" lon="174.7603650">
    <ele>121.0</ele>
   </trkpt>
   <trkpt lat="-41.2975900" lon="174.7603790">
    <ele>121.0</ele>
   </trkpt>
   <trkpt lat="-41.2975760" lon="174.7603920">
    <ele>121.0</ele>
   </trkpt>
   <trkpt lat="-41.2975650" lon="174.7604070">
    <ele>121.0</ele>
   </trkpt>
   <trkpt lat="-41.2975530" lon="174.7604220">
    <ele>122.0</ele>
   </trkpt>
   <trkpt lat="-41.2975420" lon="174.7604390">
    <ele>122.0</ele>
   </trkpt>
   <trkpt lat="-41.2975300" lon="174.7604570">
    <ele>122.0</ele>
   </trkpt>
   <trkpt lat="-41.2975200" lon="174.7604750">
    <ele>122.0</ele>
   </trkpt>
   <trkpt lat="-41.2975100" lon="174.7604930">
    <ele>122.0</ele>
   </trkpt>
   <trkpt lat="-41.2975000" lon="174.7605070">
    <ele>122.0</ele>
   </trkpt>
   <trkpt lat="-41.2974900" lon="174.7605210">
    <ele>122.0</ele>
   </trkpt>
   <trkpt lat="-41.2974760" lon="174.7605320">
    <ele>122.0</ele>
   </trkpt>
   <trkpt lat="-41.2974630" lon="174.7605440">
    <ele>122.0</ele>
   </trkpt>
   <trkpt lat="-41.2974490" lon="174.7605570">
    <ele>122.0</ele>
   </trkpt>
   <trkpt lat="-41.2974350" lon="174.7605700">
    <ele>123.0</ele>
   </trkpt>
   <trkpt lat="-41.2974200" lon="174.7605830">
    <ele>123.0</ele>
   </trkpt>
   <trkpt lat="-41.2974050" lon="174.7605970">
    <ele>123.0</ele>
   </trkpt>
   <trkpt lat="-41.2973890" lon="174.7606130">
    <ele>123.0</ele>
   </trkpt>
   <trkpt lat="-41.2973720" lon="174.7606280">
    <ele>123.0</ele>
   </trkpt>
   <trkpt lat="-41.2973610" lon="174.7606450">
    <ele>124.0</ele>
   </trkpt>
   <trkpt lat="-41.2973490" lon="174.7606620">
    <ele>124.0</ele>
   </trkpt>
   <trkpt lat="-41.2973460" lon="174.7606810">
    <ele>124.0</ele>
   </trkpt>
   <trkpt lat="-41.2973420" lon="174.7607000">
    <ele>124.0</ele>
   </trkpt>
   <trkpt lat="-41.2973440" lon="174.7607210">
    <ele>124.0</ele>
   </trkpt>
   <trkpt lat="-41.2973470" lon="174.7607410">
    <ele>125.0</ele>
   </trkpt>
   <trkpt lat="-41.2973490" lon="174.7607640">
    <ele>125.0</ele>
   </trkpt>
   <trkpt lat="-41.2973510" lon="174.7607860">
    <ele>125.0</ele>
   </trkpt>
   <trkpt lat="-41.2973500" lon="174.7608090">
    <ele>125.0</ele>
   </trkpt>
   <trkpt lat="-41.2973480" lon="174.7608320">
    <ele>125.0</ele>
   </trkpt>
   <trkpt lat="-41.2973440" lon="174.7608510">
    <ele>125.0</ele>
   </trkpt>
   <trkpt lat="-41.2973390" lon="174.7608710">
    <ele>125.0</ele>
   </trkpt>
   <trkpt lat="-41.2973330" lon="174.7608910">
    <ele>125.0</ele>
   </trkpt>
   <trkpt lat="-41.2973270" lon="174.7609110">
    <ele>125.0</ele>
   </trkpt>
   <trkpt lat="-41.2973210" lon="174.7609330">
    <ele>125.0</ele>
   </trkpt>
   <trkpt lat="-41.2973150" lon="174.7609550">
    <ele>126.0</ele>
   </trkpt>
   <trkpt lat="-41.2973070" lon="174.7609790">
    <ele>126.0</ele>
   </trkpt>
   <trkpt lat="-41.2972990" lon="174.7610030">
    <ele>126.0</ele>
   </trkpt>
   <trkpt lat="-41.2972900" lon="174.7610270">
    <ele>126.0</ele>
   </trkpt>
   <trkpt lat="-41.2972810" lon="174.7610510">
    <ele>126.0</ele>
   </trkpt>
   <trkpt lat="-41.2972720" lon="174.7610730">
    <ele>127.0</ele>
   </trkpt>
   <trkpt lat="-41.2972640" lon="174.7610960">
    <ele>127.0</ele>
   </trkpt>
   <trkpt lat="-41.2972530" lon="174.7611180">
    <ele>127.0</ele>
   </trkpt>
   <trkpt lat="-41.2972430" lon="174.7611400">
    <ele>127.0</ele>
   </trkpt>
   <trkpt lat="-41.2972300" lon="174.7611640">
    <ele>127.0</ele>
   </trkpt>
   <trkpt lat="-41.2972170" lon="174.7611870">
    <ele>128.0</ele>
   </trkpt>
   <trkpt lat="-41.2972030" lon="174.7612120">
    <ele>128.0</ele>
   </trkpt>
   <trkpt lat="-41.2971900" lon="174.7612370">
    <ele>128.0</ele>
   </trkpt>
   <trkpt lat="-41.2971770" lon="174.7612620">
    <ele>128.0</ele>
   </trkpt>
   <trkpt lat="-41.2971640" lon="174.7612870">
    <ele>128.0</ele>
   </trkpt>
   <trkpt lat="-41.2971510" lon="174.7613130">
    <ele>128.0</ele>
   </trkpt>
   <trkpt lat="-41.2971390" lon="174.7613380">
    <ele>128.0</ele>
   </trkpt>
   <trkpt lat="-41.2971300" lon="174.7613630">
    <ele>128.0</ele>
   </trkpt>
   <trkpt lat="-41.2971210" lon="174.7613890">
    <ele>128.0</ele>
   </trkpt>
   <trkpt lat="-41.2971210" lon="174.7614060">
    <ele>128.0</ele>
   </trkpt>
   <trkpt lat="-41.2971220" lon="174.7614230">
    <ele>129.0</ele>
   </trkpt>
   <trkpt lat="-41.2971290" lon="174.7614280">
    <ele>129.0</ele>
   </trkpt>
   <trkpt lat="-41.2971360" lon="174.7614340">
    <ele>129.0</ele>
   </trkpt>
   <trkpt lat="-41.2971450" lon="174.7614310">
    <ele>129.0</ele>
   </trkpt>
   <trkpt lat="-41.2971550" lon="174.7614280">
    <ele>129.0</ele>
   </trkpt>
   <trkpt lat="-41.2971640" lon="174.7614230">
    <ele>129.0</ele>
   </trkpt>
   <trkpt lat="-41.2971730" lon="174.7614170">
    <ele>129.0</ele>
   </trkpt>
   <trkpt lat="-41.2971820" lon="174.7614090">
    <ele>129.0</ele>
   </trkpt>
   <trkpt lat="-41.2971910" lon="174.7614010">
    <ele>129.0</ele>
   </trkpt>
   <trkpt lat="-41.2972000" lon="174.7613920">
    <ele>129.0</ele>
   </trkpt>
   <trkpt lat="-41.2972100" lon="174.7613830">
    <ele>130.0</ele>
   </trkpt>
   <trkpt lat="-41.2972190" lon="174.7613730">
    <ele>130.0</ele>
   </trkpt>
   <trkpt lat="-41.2972280" lon="174.7613620">
    <ele>130.0</ele>
   </trkpt>
   <trkpt lat="-41.2972360" lon="174.7613500">
    <ele>130.0</ele>
   </trkpt>
   <trkpt lat="-41.2972440" lon="174.7613390">
    <ele>130.0</ele>
   </trkpt>
   <trkpt lat="-41.2972510" lon="174.7613260">
    <ele>130.0</ele>
   </trkpt>
   <trkpt lat="-41.2972580" lon="174.7613130">
    <ele>130.0</ele>
   </trkpt>
   <trkpt lat="-41.2972630" lon="174.7612990">
    <ele>130.0</ele>
   </trkpt>
   <trkpt lat="-41.2972670" lon="174.7612840">
    <ele>130.0</ele>
   </trkpt>
   <trkpt lat="-41.2972710" lon="174.7612700">
    <ele>130.0</ele>
   </trkpt>
   <trkpt lat="-41.2972740" lon="174.7612550">
    <ele>130.0</ele>
   </trkpt>
   <trkpt lat="-41.2972790" lon="174.7612420">
    <ele>130.0</ele>
   </trkpt>
   <trkpt lat="-41.2972840" lon="174.7612300">
    <ele>130.0</ele>
   </trkpt>
   <trkpt lat="-41.2972910" lon="174.7612190">
    <ele>130.0</ele>
   </trkpt>
   <trkpt lat="-41.2972970" lon="174.7612080">
    <ele>130.0</ele>
   </trkpt>
   <trkpt lat="-41.2973050" lon="174.7611950">
    <ele>130.0</ele>
   </trkpt>
   <trkpt lat="-41.2973130" lon="174.7611820">
    <ele>130.0</ele>
   </trkpt>
   <trkpt lat="-41.2973200" lon="174.7611670">
    <ele>130.0</ele>
   </trkpt>
   <trkpt lat="-41.2973280" lon="174.7611530">
    <ele>130.0</ele>
   </trkpt>
   <trkpt lat="-41.2973350" lon="174.7611390">
    <ele>130.0</ele>
   </trkpt>
   <trkpt lat="-41.2973410" lon="174.7611260">
    <ele>130.0</ele>
   </trkpt>
   <trkpt lat="-41.2973490" lon="174.7611140">
    <ele>130.0</ele>
   </trkpt>
   <trkpt lat="-41.2973560" lon="174.7611030">
    <ele>130.0</ele>
   </trkpt>
   <trkpt lat="-41.2973650" lon="174.7610930">
    <ele>130.0</ele>
   </trkpt>
   <trkpt lat="-41.2973730" lon="174.7610830">
    <ele>130.0</ele>
   </trkpt>
   <trkpt lat="-41.2973830" lon="174.7610720">
    <ele>131.0</ele>
   </trkpt>
   <trkpt lat="-41.2973920" lon="174.7610610">
    <ele>131.0</ele>
   </trkpt>
   <trkpt lat="-41.2974020" lon="174.7610470">
    <ele>131.0</ele>
   </trkpt>
   <trkpt lat="-41.2974120" lon="174.7610330">
    <ele>131.0</ele>
   </trkpt>
   <trkpt lat="-41.2974210" lon="174.7610150">
    <ele>131.0</ele>
   </trkpt>
   <trkpt lat="-41.2974290" lon="174.7609970">
    <ele>131.0</ele>
   </trkpt>
   <trkpt lat="-41.2974390" lon="174.7609780">
    <ele>131.0</ele>
   </trkpt>
   <trkpt lat="-41.2974480" lon="174.7609590">
    <ele>131.0</ele>
   </trkpt>
   <trkpt lat="-41.2974620" lon="174.7609450">
    <ele>131.0</ele>
   </trkpt>
   <trkpt lat="-41.2974760" lon="174.7609300">
    <ele>131.0</ele>
   </trkpt>
   <trkpt lat="-41.2974970" lon="174.7609250">
    <ele>131.0</ele>
   </trkpt>
   <trkpt lat="-41.2975180" lon="174.7609200">
    <ele>131.0</ele>
   </trkpt>
   <trkpt lat="-41.2975440" lon="174.7609220">
    <ele>131.0</ele>
   </trkpt>
   <trkpt lat="-41.2975690" lon="174.7609240">
    <ele>131.0</ele>
   </trkpt>
   <trkpt lat="-41.2975960" lon="174.7609280">
    <ele>131.0</ele>
   </trkpt>
   <trkpt lat="-41.2976230" lon="174.7609320">
    <ele>132.0</ele>
   </trkpt>
   <trkpt lat="-41.2976490" lon="174.7609340">
    <ele>132.0</ele>
   </trkpt>
   <trkpt lat="-41.2976750" lon="174.7609360">
    <ele>132.0</ele>
   </trkpt>
   <trkpt lat="-41.2976990" lon="174.7609350">
    <ele>132.0</ele>
   </trkpt>
   <trkpt lat="-41.2977240" lon="174.7609330">
    <ele>132.0</ele>
   </trkpt>
   <trkpt lat="-41.2977470" lon="174.7609290">
    <ele>132.0</ele>
   </trkpt>
   <trkpt lat="-41.2977700" lon="174.7609250">
    <ele>132.0</ele>
   </trkpt>
   <trkpt lat="-41.2977930" lon="174.7609200">
    <ele>132.0</ele>
   </trkpt>
   <trkpt lat="-41.2978160" lon="174.7609150">
    <ele>132.0</ele>
   </trkpt>
   <trkpt lat="-41.2978390" lon="174.7609110">
    <ele>132.0</ele>
   </trkpt>
   <trkpt lat="-41.2978630" lon="174.7609080">
    <ele>133.0</ele>
   </trkpt>
   <trkpt lat="-41.2978860" lon="174.7609050">
    <ele>133.0</ele>
   </trkpt>
   <trkpt lat="-41.2979090" lon="174.7609020">
    <ele>133.0</ele>
   </trkpt>
   <trkpt lat="-41.2979330" lon="174.7609010">
    <ele>133.0</ele>
   </trkpt>
   <trkpt lat="-41.2979560" lon="174.7608990">
    <ele>133.0</ele>
   </trkpt>
   <trkpt lat="-41.2979790" lon="174.7608990">
    <ele>134.0</ele>
   </trkpt>
   <trkpt lat="-41.2980020" lon="174.7608990">
    <ele>134.0</ele>
   </trkpt>
   <trkpt lat="-41.2980240" lon="174.7608990">
    <ele>134.0</ele>
   </trkpt>
   <trkpt lat="-41.2980460" lon="174.7609000">
    <ele>134.0</ele>
   </trkpt>
   <trkpt lat="-41.2980650" lon="174.7609030">
    <ele>134.0</ele>
   </trkpt>
   <trkpt lat="-41.2980840" lon="174.7609050">
    <ele>135.0</ele>
   </trkpt>
   <trkpt lat="-41.2981000" lon="174.7609080">
    <ele>135.0</ele>
   </trkpt>
   <trkpt lat="-41.2981160" lon="174.7609100">
    <ele>135.0</ele>
   </trkpt>
   <trkpt lat="-41.2981300" lon="174.7609070">
    <ele>135.0</ele>
   </trkpt>
   <trkpt lat="-41.2981440" lon="174.7609040">
    <ele>135.0</ele>
   </trkpt>
   <trkpt lat="-41.2981580" lon="174.7608950">
    <ele>135.0</ele>
   </trkpt>
   <trkpt lat="-41.2981730" lon="174.7608870">
    <ele>135.0</ele>
   </trkpt>
   <trkpt lat="-41.2981850" lon="174.7608730">
    <ele>135.0</ele>
   </trkpt>
   <trkpt lat="-41.2981980" lon="174.7608590">
    <ele>135.0</ele>
   </trkpt>
   <trkpt lat="-41.2982100" lon="174.7608410">
    <ele>135.0</ele>
   </trkpt>
   <trkpt lat="-41.2982210" lon="174.7608230">
    <ele>136.0</ele>
   </trkpt>
   <trkpt lat="-41.2982320" lon="174.7608010">
    <ele>136.0</ele>
   </trkpt>
   <trkpt lat="-41.2982420" lon="174.7607800">
    <ele>136.0</ele>
   </trkpt>
   <trkpt lat="-41.2982500" lon="174.7607560">
    <ele>136.0</ele>
   </trkpt>
   <trkpt lat="-41.2982580" lon="174.7607320">
    <ele>136.0</ele>
   </trkpt>
   <trkpt lat="-41.2982640" lon="174.7607060">
    <ele>137.0</ele>
   </trkpt>
   <trkpt lat="-41.2982700" lon="174.7606800">
    <ele>137.0</ele>
   </trkpt>
   <trkpt lat="-41.2982760" lon="174.7606540">
    <ele>137.0</ele>
   </trkpt>
   <trkpt lat="-41.2982810" lon="174.7606290">
    <ele>137.0</ele>
   </trkpt>
   <trkpt lat="-41.2982860" lon="174.7606060">
    <ele>137.0</ele>
   </trkpt>
   <trkpt lat="-41.2982910" lon="174.7605830">
    <ele>138.0</ele>
   </trkpt>
   <trkpt lat="-41.2982960" lon="174.7605620">
    <ele>138.0</ele>
   </trkpt>
   <trkpt lat="-41.2983020" lon="174.7605410">
    <ele>138.0</ele>
   </trkpt>
   <trkpt lat="-41.2983080" lon="174.7605200">
    <ele>138.0</ele>
   </trkpt>
   <trkpt lat="-41.2983140" lon="174.7604990">
    <ele>138.0</ele>
   </trkpt>
   <trkpt lat="-41.2983200" lon="174.7604750">
    <ele>138.0</ele>
   </trkpt>
   <trkpt lat="-41.2983260" lon="174.7604510">
    <ele>138.0</ele>
   </trkpt>
   <trkpt lat="-41.2983350" lon="174.7604270">
    <ele>138.0</ele>
   </trkpt>
   <trkpt lat="-41.2983430" lon="174.7604030">
    <ele>138.0</ele>
   </trkpt>
   <trkpt lat="-41.2983520" lon="174.7603790">
    <ele>138.0</ele>
   </trkpt>
   <trkpt lat="-41.2983620" lon="174.7603560">
    <ele>139.0</ele>
   </trkpt>
   <trkpt lat="-41.2983730" lon="174.7603360">
    <ele>139.0</ele>
   </trkpt>
   <trkpt lat="-41.2983840" lon="174.7603150">
    <ele>139.0</ele>
   </trkpt>
   <trkpt lat="-41.2983970" lon="174.7603020">
    <ele>139.0</ele>
   </trkpt>
   <trkpt lat="-41.2984090" lon="174.7602890">
    <ele>139.0</ele>
   </trkpt>
   <trkpt lat="-41.2984150" lon="174.7602890">
    <ele>140.0</ele>
   </trkpt>
   <trkpt lat="-41.2984210" lon="174.7602900">
    <ele>140.0</ele>
   </trkpt>
   <trkpt lat="-41.2984190" lon="174.7603000">
    <ele>140.0</ele>
   </trkpt>
   <trkpt lat="-41.2984160" lon="174.7603110">
    <ele>140.0</ele>
   </trkpt>
   <trkpt lat="-41.2984090" lon="174.7603260">
    <ele>140.0</ele>
   </trkpt>
   <trkpt lat="-41.2984020" lon="174.7603420">
    <ele>140.0</ele>
   </trkpt>
   <trkpt lat="-41.2983950" lon="174.7603580">
    <ele>140.0</ele>
   </trkpt>
   <trkpt lat="-41.2983890" lon="174.7603750">
    <ele>140.0</ele>
   </trkpt>
   <trkpt lat="-41.2983830" lon="174.7603900">
    <ele>140.0</ele>
   </trkpt>
   <trkpt lat="-41.2983780" lon="174.7604060">
    <ele>140.0</ele>
   </trkpt>
   <trkpt lat="-41.2983740" lon="174.7604210">
    <ele>141.0</ele>
   </trkpt>
   <trkpt lat="-41.2983710" lon="174.7604360">
    <ele>141.0</ele>
   </trkpt>
   <trkpt lat="-41.2983690" lon="174.7604510">
    <ele>141.0</ele>
   </trkpt>
   <trkpt lat="-41.2983680" lon="174.7604670">
    <ele>141.0</ele>
   </trkpt>
   <trkpt lat="-41.2983690" lon="174.7604830">
    <ele>141.0</ele>
   </trkpt>
   <trkpt lat="-41.2983710" lon="174.7604990">
    <ele>141.0</ele>
   </trkpt>
   <trkpt lat="-41.2983730" lon="174.7605140">
    <ele>141.0</ele>
   </trkpt>
   <trkpt lat="-41.2983760" lon="174.7605290">
    <ele>141.0</ele>
   </trkpt>
   <trkpt lat="-41.2983780" lon="174.7605430">
    <ele>141.0</ele>
   </trkpt>
   <trkpt lat="-41.2983810" lon="174.7605580">
    <ele>141.0</ele>
   </trkpt>
   <trkpt lat="-41.2983800" lon="174.7605710">
    <ele>142.0</ele>
   </trkpt>
   <trkpt lat="-41.2983800" lon="174.7605840">
    <ele>142.0</ele>
   </trkpt>
   <trkpt lat="-41.2983770" lon="174.7605970">
    <ele>142.0</ele>
   </trkpt>
   <trkpt lat="-41.2983740" lon="174.7606100">
    <ele>142.0</ele>
   </trkpt>
   <trkpt lat="-41.2983710" lon="174.7606250">
    <ele>142.0</ele>
   </trkpt>
   <trkpt lat="-41.2983680" lon="174.7606390">
    <ele>143.0</ele>
   </trkpt>
   <trkpt lat="-41.2983670" lon="174.7606550">
    <ele>143.0</ele>
   </trkpt>
   <trkpt lat="-41.2983660" lon="174.7606710">
    <ele>143.0</ele>
   </trkpt>
   <trkpt lat="-41.2983660" lon="174.7606860">
    <ele>143.0</ele>
   </trkpt>
   <trkpt lat="-41.2983660" lon="174.7607010">
    <ele>143.0</ele>
   </trkpt>
   <trkpt lat="-41.2983650" lon="174.7607160">
    <ele>143.0</ele>
   </trkpt>
   <trkpt lat="-41.2983640" lon="174.7607300">
    <ele>143.0</ele>
   </trkpt>
   <trkpt lat="-41.2983630" lon="174.7607480">
    <ele>143.0</ele>
   </trkpt>
   <trkpt lat="-41.2983630" lon="174.7607660">
    <ele>143.0</ele>
   </trkpt>
   <trkpt lat="-41.2983660" lon="174.7607850">
    <ele>143.0</ele>
   </trkpt>
   <trkpt lat="-41.2983690" lon="174.7608050">
    <ele>144.0</ele>
   </trkpt>
   <trkpt lat="-41.2983750" lon="174.7608240">
    <ele>144.0</ele>
   </trkpt>
   <trkpt lat="-41.2983820" lon="174.7608440">
    <ele>144.0</ele>
   </trkpt>
   <trkpt lat="-41.2983880" lon="174.7608620">
    <ele>144.0</ele>
   </trkpt>
   <trkpt lat="-41.2983940" lon="174.7608810">
    <ele>144.0</ele>
   </trkpt>
   <trkpt lat="-41.2983960" lon="174.7608990">
    <ele>145.0</ele>
   </trkpt>
   <trkpt lat="-41.2983980" lon="174.7609170">
    <ele>145.0</ele>
   </trkpt>
   <trkpt lat="-41.2983990" lon="174.7609360">
    <ele>145.0</ele>
   </trkpt>
   <trkpt lat="-41.2984000" lon="174.7609540">
    <ele>145.0</ele>
   </trkpt>
   <trkpt lat="-41.2984020" lon="174.7609730">
    <ele>145.0</ele>
   </trkpt>
   <trkpt lat="-41.2984050" lon="174.7609910">
    <ele>146.0</ele>
   </trkpt>
   <trkpt lat="-41.2984100" lon="174.7610100">
    <ele>146.0</ele>
   </trkpt>
   <trkpt lat="-41.2984150" lon="174.7610280">
    <ele>146.0</ele>
   </trkpt>
   <trkpt lat="-41.2984220" lon="174.7610490">
    <ele>146.0</ele>
   </trkpt>
   <trkpt lat="-41.2984290" lon="174.7610700">
    <ele>146.0</ele>
   </trkpt>
   <trkpt lat="-41.2984380" lon="174.7610940">
    <ele>147.0</ele>
   </trkpt>
   <trkpt lat="-41.2984470" lon="174.7611180">
    <ele>147.0</ele>
   </trkpt>
   <trkpt lat="-41.2984540" lon="174.7611420">
    <ele>147.0</ele>
   </trkpt>
   <trkpt lat="-41.2984620" lon="174.7611660">
    <ele>147.0</ele>
   </trkpt>
   <trkpt lat="-41.2984670" lon="174.7611920">
    <ele>147.0</ele>
   </trkpt>
   <trkpt lat="-41.2984710" lon="174.7612170">
    <ele>147.0</ele>
   </trkpt>
   <trkpt lat="-41.2984700" lon="174.7612440">
    <ele>147.0</ele>
   </trkpt>
   <trkpt lat="-41.2984690" lon="174.7612700">
    <ele>147.0</ele>
   </trkpt>
   <trkpt lat="-41.2984650" lon="174.7612970">
    <ele>147.0</ele>
   </trkpt>
   <trkpt lat="-41.2984600" lon="174.7613240">
    <ele>147.0</ele>
   </trkpt>
   <trkpt lat="-41.2984540" lon="174.7613490">
    <ele>148.0</ele>
   </trkpt>
   <trkpt lat="-41.2984490" lon="174.7613740">
    <ele>148.0</ele>
   </trkpt>
   <trkpt lat="-41.2984480" lon="174.7613950">
    <ele>148.0</ele>
   </trkpt>
   <trkpt lat="-41.2984470" lon="174.7614150">
    <ele>148.0</ele>
   </trkpt>
   <trkpt lat="-41.2984530" lon="174.7614240">
    <ele>148.0</ele>
   </trkpt>
   <trkpt lat="-41.2984580" lon="174.7614320">
    <ele>149.0</ele>
   </trkpt>
   <trkpt lat="-41.2984640" lon="174.7614270">
    <ele>149.0</ele>
   </trkpt>
   <trkpt lat="-41.2984710" lon="174.7614230">
    <ele>149.0</ele>
   </trkpt>
   <trkpt lat="-41.2984800" lon="174.7614110">
    <ele>149.0</ele>
   </trkpt>
   <trkpt lat="-41.2984880" lon="174.7613980">
    <ele>149.0</ele>
   </trkpt>
   <trkpt lat="-41.2984980" lon="174.7613820">
    <ele>150.0</ele>
   </trkpt>
   <trkpt lat="-41.2985080" lon="174.7613670">
    <ele>150.0</ele>
   </trkpt>
   <trkpt lat="-41.2985170" lon="174.7613490">
    <ele>150.0</ele>
   </trkpt>
   <trkpt lat="-41.2985260" lon="174.7613310">
    <ele>150.0</ele>
   </trkpt>
   <trkpt lat="-41.2985310" lon="174.7613110">
    <ele>150.0</ele>
   </trkpt>
   <trkpt lat="-41.2985360" lon="174.7612910">
    <ele>150.0</ele>
   </trkpt>
   <trkpt lat="-41.2985360" lon="174.7612700">
    <ele>150.0</ele>
   </trkpt>
   <trkpt lat="-41.2985370" lon="174.7612480">
    <ele>150.0</ele>
   </trkpt>
   <trkpt lat="-41.2985350" lon="174.7612260">
    <ele>150.0</ele>
   </trkpt>
   <trkpt lat="-41.2985330" lon="174.7612040">
    <ele>150.0</ele>
   </trkpt>
   <trkpt lat="-41.2985310" lon="174.7611800">
    <ele>151.0</ele>
   </trkpt>
   <trkpt lat="-41.2985290" lon="174.7611560">
    <ele>151.0</ele>
   </trkpt>
   <trkpt lat="-41.2985300" lon="174.7611310">
    <ele>151.0</ele>
   </trkpt>
   <trkpt lat="-41.2985310" lon="174.7611050">
    <ele>151.0</ele>
   </trkpt>
   <trkpt lat="-41.2985360" lon="174.7610790">
    <ele>151.0</ele>
   </trkpt>
   <trkpt lat="-41.2985410" lon="174.7610540">
    <ele>152.0</ele>
   </trkpt>
   <trkpt lat="-41.2985490" lon="174.7610290">
    <ele>152.0</ele>
   </trkpt>
   <trkpt lat="-41.2985560" lon="174.7610050">
    <ele>152.0</ele>
   </trkpt>
   <trkpt lat="-41.2985620" lon="174.7609820">
    <ele>152.0</ele>
   </trkpt>
   <trkpt lat="-41.2985690" lon="174.7609590">
    <ele>152.0</ele>
   </trkpt>
   <trkpt lat="-41.2985730" lon="174.7609360">
    <ele>153.0</ele>
   </trkpt>
   <trkpt lat="-41.2985780" lon="174.7609130">
    <ele>153.0</ele>
   </trkpt>
   <trkpt lat="-41.2985770" lon="174.7608910">
    <ele>153.0</ele>
   </trkpt>
   <trkpt lat="-41.2985770" lon="174.7608680">
    <ele>153.0</ele>
   </trkpt>
   <trkpt lat="-41.2985720" lon="174.7608490">
    <ele>153.0</ele>
   </trkpt>
   <trkpt lat="-41.2985680" lon="174.7608300">
    <ele>153.0</ele>
   </trkpt>
   <trkpt lat="-41.2985620" lon="174.7608120">
    <ele>153.0</ele>
   </trkpt>
   <trkpt lat="-41.2985560" lon="174.7607950">
    <ele>153.0</ele>
   </trkpt>
   <trkpt lat="-41.2985510" lon="174.7607770">
    <ele>153.0</ele>
   </trkpt>
   <trkpt lat="-41.2985460" lon="174.7607590">
    <ele>153.0</ele>
   </trkpt>
   <trkpt lat="-41.2985430" lon="174.7607390">
    <ele>154.0</ele>
   </trkpt>
   <trkpt lat="-41.2985390" lon="174.7607200">
    <ele>154.0</ele>
   </trkpt>
   <trkpt lat="-41.2985400" lon="174.7607010">
    <ele>154.0</ele>
   </trkpt>
   <trkpt lat="-41.2985410" lon="174.7606830">
    <ele>154.0</ele>
   </trkpt>
   <trkpt lat="-41.2985470" lon="174.7606660">
    <ele>154.0</ele>
   </trkpt>
   <trkpt lat="-41.2985530" lon="174.7606500">
    <ele>155.0</ele>
   </trkpt>
   <trkpt lat="-41.2985630" lon="174.7606360">
    <ele>155.0</ele>
   </trkpt>
   <trkpt lat="-41.2985740" lon="174.7606230">
    <ele>155.0</ele>
   </trkpt>
   <trkpt lat="-41.2985900" lon="174.7606150">
    <ele>155.0</ele>
   </trkpt>
   <trkpt lat="-41.2986050" lon="174.7606070">
    <ele>155.0</ele>
   </trkpt>
   <trkpt lat="-41.2986240" lon="174.7606090">
    <ele>155.0</ele>
   </trkpt>
   <trkpt lat="-41.2986420" lon="174.7606110">
    <ele>155.0</ele>
   </trkpt>
   <trkpt lat="-41.2986610" lon="174.7606190">
    <ele>155.0</ele>
   </trkpt>
   <trkpt lat="-41.2986800" lon="174.7606270">
    <ele>155.0</ele>
   </trkpt>
   <trkpt lat="-41.2986960" lon="174.7606370">
    <ele>155.0</ele>
   </trkpt>
   <trkpt lat="-41.2987120" lon="174.7606480">
    <ele>156.0</ele>
   </trkpt>
   <trkpt lat="-41.2987250" lon="174.7606560">
    <ele>156.0</ele>
   </trkpt>
   <trkpt lat="-41.2987380" lon="174.7606650">
    <ele>156.0</ele>
   </trkpt>
   <trkpt lat="-41.2987500" lon="174.7606730">
    <ele>156.0</ele>
   </trkpt>
   <trkpt lat="-41.2987630" lon="174.7606800">
    <ele>156.0</ele>
   </trkpt>
   <trkpt lat="-41.2987760" lon="174.7606860">
    <ele>156.0</ele>
   </trkpt>
   <trkpt lat="-41.2987890" lon="174.7606920">
    <ele>156.0</ele>
   </trkpt>
   <trkpt lat="-41.2988030" lon="174.7606920">
    <ele>156.0</ele>
   </trkpt>
   <trkpt lat="-41.2988180" lon="174.7606920">
    <ele>156.0</ele>
   </trkpt>
   <trkpt lat="-41.2988330" lon="174.7606840">
    <ele>156.0</ele>
   </trkpt>
   <trkpt lat="-41.2988480" lon="174.7606770">
    <ele>157.0</ele>
   </trkpt>
   <trkpt lat="-41.2988630" lon="174.7606620">
    <ele>157.0</ele>
   </trkpt>
   <trkpt lat="-41.2988780" lon="174.7606470">
    <ele>157.0</ele>
   </trkpt>
   <trkpt lat="-41.2988910" lon="174.7606300">
    <ele>157.0</ele>
   </trkpt>
   <trkpt lat="-41.2989040" lon="174.7606120">
    <ele>157.0</ele>
   </trkpt>
   <trkpt lat="-41.2989140" lon="174.7605930">
    <ele>157.0</ele>
   </trkpt>
   <trkpt lat="-41.2989250" lon="174.7605750">
    <ele>157.0</ele>
   </trkpt>
   <trkpt lat="-41.2989280" lon="174.7605530">
    <ele>157.0</ele>
   </trkpt>
   <trkpt lat="-41.2989320" lon="174.7605320">
    <ele>157.0</ele>
   </trkpt>
   <trkpt lat="-41.2989340" lon="174.7605070">
    <ele>157.0</ele>
   </trkpt>
   <trkpt lat="-41.2989360" lon="174.7604830">
    <ele>158.0</ele>
   </trkpt>
   <trkpt lat="-41.2989400" lon="174.7604570">
    <ele>158.0</ele>
   </trkpt>
   <trkpt lat="-41.2989440" lon="174.7604310">
    <ele>158.0</ele>
   </trkpt>
   <trkpt lat="-41.2989500" lon="174.7604010">
    <ele>158.0</ele>
   </trkpt>
   <trkpt lat="-41.2989570" lon="174.7603710">
    <ele>158.0</ele>
   </trkpt>
   <trkpt lat="-41.2989670" lon="174.7603430">
    <ele>159.0</ele>
   </trkpt>
   <trkpt lat="-41.2989780" lon="174.7603150">
    <ele>159.0</ele>
   </trkpt>
   <trkpt lat="-41.2989910" lon="174.7602960">
    <ele>159.0</ele>
   </trkpt>
   <trkpt lat="-41.2990030" lon="174.7602760">
    <ele>159.0</ele>
   </trkpt>
   <trkpt lat="-41.2990160" lon="174.7602650">
    <ele>159.0</ele>
   </trkpt>
   <trkpt lat="-41.2990300" lon="174.7602540">
    <ele>159.0</ele>
   </trkpt>
   <trkpt lat="-41.2990460" lon="174.7602460">
    <ele>159.0</ele>
   </trkpt>
   <trkpt lat="-41.2990620" lon="174.7602370">
    <ele>159.0</ele>
   </trkpt>
   <trkpt lat="-41.2990780" lon="174.7602250">
    <ele>159.0</ele>
   </trkpt>
   <trkpt lat="-41.2990940" lon="174.7602130">
    <ele>159.0</ele>
   </trkpt>
   <trkpt lat="-41.2991090" lon="174.7601950">
    <ele>159.0</ele>
   </trkpt>
   <trkpt lat="-41.2991240" lon="174.7601780">
    <ele>159.0</ele>
   </trkpt>
   <trkpt lat="-41.2991390" lon="174.7601600">
    <ele>159.0</ele>
   </trkpt>
   <trkpt lat="-41.2991540" lon="174.7601410">
    <ele>159.0</ele>
   </trkpt>
   <trkpt lat="-41.2991680" lon="174.7601250">
    <ele>159.0</ele>
   </trkpt>
   <trkpt lat="-41.2991820" lon="174.7601090">
    <ele>159.0</ele>
   </trkpt>
   <trkpt lat="-41.2991960" lon="174.7600950">
    <ele>159.0</ele>
   </trkpt>
   <trkpt lat="-41.2992100" lon="174.7600800">
    <ele>159.0</ele>
   </trkpt>
   <trkpt lat="-41.2992250" lon="174.7600660">
    <ele>159.0</ele>
   </trkpt>
   <trkpt lat="-41.2992410" lon="174.7600520">
    <ele>159.0</ele>
   </trkpt>
   <trkpt lat="-41.2992550" lon="174.7600380">
    <ele>159.0</ele>
   </trkpt>
   <trkpt lat="-41.2992690" lon="174.7600240">
    <ele>158.0</ele>
   </trkpt>
   <trkpt lat="-41.2992780" lon="174.7600010">
    <ele>158.0</ele>
   </trkpt>
   <trkpt lat="-41.2992860" lon="174.7599780">
    <ele>158.0</ele>
   </trkpt>
   <trkpt lat="-41.2992920" lon="174.7599490">
    <ele>158.0</ele>
   </trkpt>
   <trkpt lat="-41.2992990" lon="174.7599190">
    <ele>158.0</ele>
   </trkpt>
   <trkpt lat="-41.2993040" lon="174.7598880">
    <ele>157.0</ele>
   </trkpt>
   <trkpt lat="-41.2993090" lon="174.7598570">
    <ele>157.0</ele>
   </trkpt>
   <trkpt lat="-41.2993150" lon="174.7598270">
    <ele>157.0</ele>
   </trkpt>
   <trkpt lat="-41.2993210" lon="174.7597970">
    <ele>157.0</ele>
   </trkpt>
   <trkpt lat="-41.2993310" lon="174.7597730">
    <ele>157.0</ele>
   </trkpt>
   <trkpt lat="-41.2993410" lon="174.7597490">
    <ele>157.0</ele>
   </trkpt>
   <trkpt lat="-41.2993510" lon="174.7597320">
    <ele>157.0</ele>
   </trkpt>
   <trkpt lat="-41.2993620" lon="174.7597150">
    <ele>157.0</ele>
   </trkpt>
   <trkpt lat="-41.2993720" lon="174.7597040">
    <ele>157.0</ele>
   </trkpt>
   <trkpt lat="-41.2993830" lon="174.7596940">
    <ele>157.0</ele>
   </trkpt>
   <trkpt lat="-41.2993940" lon="174.7596890">
    <ele>157.0</ele>
   </trkpt>
   <trkpt lat="-41.2994040" lon="174.7596830">
    <ele>157.0</ele>
   </trkpt>
   <trkpt lat="-41.2994150" lon="174.7596800">
    <ele>157.0</ele>
   </trkpt>
   <trkpt lat="-41.2994250" lon="174.7596780">
    <ele>157.0</ele>
   </trkpt>
   <trkpt lat="-41.2994340" lon="174.7596750">
    <ele>157.0</ele>
   </trkpt>
   <trkpt lat="-41.2994420" lon="174.7596710">
    <ele>157.0</ele>
   </trkpt>
   <trkpt lat="-41.2994520" lon="174.7596650">
    <ele>157.0</ele>
   </trkpt>
   <trkpt lat="-41.2994620" lon="174.7596600">
    <ele>157.0</ele>
   </trkpt>
   <trkpt lat="-41.2994730" lon="174.7596530">
    <ele>157.0</ele>
   </trkpt>
   <trkpt lat="-41.2994840" lon="174.7596470">
    <ele>158.0</ele>
   </trkpt>
   <trkpt lat="-41.2994960" lon="174.7596430">
    <ele>158.0</ele>
   </trkpt>
   <trkpt lat="-41.2995070" lon="174.7596380">
    <ele>158.0</ele>
   </trkpt>
   <trkpt lat="-41.2995200" lon="174.7596340">
    <ele>158.0</ele>
   </trkpt>
   <trkpt lat="-41.2995330" lon="174.7596300">
    <ele>158.0</ele>
   </trkpt>
   <trkpt lat="-41.2995460" lon="174.7596230">
    <ele>159.0</ele>
   </trkpt>
   <trkpt lat="-41.2995590" lon="174.7596160">
    <ele>159.0</ele>
   </trkpt>
   <trkpt lat="-41.2995730" lon="174.7596050">
    <ele>159.0</ele>
   </trkpt>
   <trkpt lat="-41.2995860" lon="174.7595950">
    <ele>159.0</ele>
   </trkpt>
   <trkpt lat="-41.2996010" lon="174.7595820">
    <ele>159.0</ele>
   </trkpt>
   <trkpt lat="-41.2996160" lon="174.7595690">
    <ele>159.0</ele>
   </trkpt>
   <trkpt lat="-41.2996340" lon="174.7595540">
    <ele>159.0</ele>
   </trkpt>
   <trkpt lat="-41.2996510" lon="174.7595400">
    <ele>159.0</ele>
   </trkpt>
   <trkpt lat="-41.2996690" lon="174.7595220">
    <ele>159.0</ele>
   </trkpt>
   <trkpt lat="-41.2996860" lon="174.7595040">
    <ele>159.0</ele>
   </trkpt>
   <trkpt lat="-41.2997030" lon="174.7594860">
    <ele>160.0</ele>
   </trkpt>
   <trkpt lat="-41.2997200" lon="174.7594690">
    <ele>160.0</ele>
   </trkpt>
   <trkpt lat="-41.2997350" lon="174.7594520">
    <ele>160.0</ele>
   </trkpt>
   <trkpt lat="-41.2997510" lon="174.7594360">
    <ele>160.0</ele>
   </trkpt>
   <trkpt lat="-41.2997630" lon="174.7594180">
    <ele>160.0</ele>
   </trkpt>
   <trkpt lat="-41.2997750" lon="174.7594000">
    <ele>161.0</ele>
   </trkpt>
   <trkpt lat="-41.2997850" lon="174.7593800">
    <ele>161.0</ele>
   </trkpt>
   <trkpt lat="-41.2997940" lon="174.7593590">
    <ele>161.0</ele>
   </trkpt>
   <trkpt lat="-41.2998040" lon="174.7593400">
    <ele>161.0</ele>
   </trkpt>
   <trkpt lat="-41.2998140" lon="174.7593200">
    <ele>161.0</ele>
   </trkpt>
   <trkpt lat="-41.2998240" lon="174.7593030">
    <ele>162.0</ele>
   </trkpt>
   <trkpt lat="-41.2998350" lon="174.7592850">
    <ele>162.0</ele>
   </trkpt>
   <trkpt lat="-41.2998460" lon="174.7592700">
    <ele>162.0</ele>
   </trkpt>
   <trkpt lat="-41.2998560" lon="174.7592550">
    <ele>162.0</ele>
   </trkpt>
   <trkpt lat="-41.2998690" lon="174.7592410">
    <ele>162.0</ele>
   </trkpt>
   <trkpt lat="-41.2998820" lon="174.7592260">
    <ele>162.0</ele>
   </trkpt>
   <trkpt lat="-41.2998980" lon="174.7592120">
    <ele>162.0</ele>
   </trkpt>
   <trkpt lat="-41.2999140" lon="174.7591980">
    <ele>162.0</ele>
   </trkpt>
   <trkpt lat="-41.2999340" lon="174.7591840">
    <ele>162.0</ele>
   </trkpt>
   <trkpt lat="-41.2999540" lon="174.7591690">
    <ele>162.0</ele>
   </trkpt>
   <trkpt lat="-41.2999780" lon="174.7591540">
    <ele>163.0</ele>
   </trkpt>
   <trkpt lat="-41.3000020" lon="174.7591390">
    <ele>163.0</ele>
   </trkpt>
   <trkpt lat="-41.3000260" lon="174.7591250">
    <ele>163.0</ele>
   </trkpt>
   <trkpt lat="-41.3000500" lon="174.7591110">
    <ele>163.0</ele>
   </trkpt>
   <trkpt lat="-41.3000700" lon="174.7591000">
    <ele>163.0</ele>
   </trkpt>
   <trkpt lat="-41.3000910" lon="174.7590900">
    <ele>163.0</ele>
   </trkpt>
   <trkpt lat="-41.3001090" lon="174.7590810">
    <ele>163.0</ele>
   </trkpt>
   <trkpt lat="-41.3001260" lon="174.7590730">
    <ele>163.0</ele>
   </trkpt>
   <trkpt lat="-41.3001410" lon="174.7590640">
    <ele>163.0</ele>
   </trkpt>
   <trkpt lat="-41.3001560" lon="174.7590540">
    <ele>163.0</ele>
   </trkpt>
   <trkpt lat="-41.3001690" lon="174.7590410">
    <ele>164.0</ele>
   </trkpt>
   <trkpt lat="-41.3001810" lon="174.7590280">
    <ele>164.0</ele>
   </trkpt>
   <trkpt lat="-41.3001920" lon="174.7590120">
    <ele>164.0</ele>
   </trkpt>
   <trkpt lat="-41.3002040" lon="174.7589950">
    <ele>164.0</ele>
   </trkpt>
   <trkpt lat="-41.3002170" lon="174.7589780">
    <ele>164.0</ele>
   </trkpt>
   <trkpt lat="-41.3002310" lon="174.7589610">
    <ele>165.0</ele>
   </trkpt>
   <trkpt lat="-41.3002490" lon="174.7589470">
    <ele>165.0</ele>
   </trkpt>
   <trkpt lat="-41.3002660" lon="174.7589340">
    <ele>165.0</ele>
   </trkpt>
   <trkpt lat="-41.3002840" lon="174.7589220">
    <ele>165.0</ele>
   </trkpt>
   <trkpt lat="-41.3003020" lon="174.7589090">
    <ele>165.0</ele>
   </trkpt>
   <trkpt lat="-41.3003190" lon="174.7588950">
    <ele>165.0</ele>
   </trkpt>
   <trkpt lat="-41.3003350" lon="174.7588820">
    <ele>165.0</ele>
   </trkpt>
   <trkpt lat="-41.3003510" lon="174.7588680">
    <ele>165.0</ele>
   </trkpt>
   <trkpt lat="-41.3003670" lon="174.7588550">
    <ele>165.0</ele>
   </trkpt>
   <trkpt lat="-41.3003810" lon="174.7588430">
    <ele>165.0</ele>
   </trkpt>
   <trkpt lat="-41.3003950" lon="174.7588310">
    <ele>166.0</ele>
   </trkpt>
   <trkpt lat="-41.3004090" lon="174.7588200">
    <ele>166.0</ele>
   </trkpt>
   <trkpt lat="-41.3004220" lon="174.7588090">
    <ele>166.0</ele>
   </trkpt>
   <trkpt lat="-41.3004350" lon="174.7587980">
    <ele>166.0</ele>
   </trkpt>
   <trkpt lat="-41.3004480" lon="174.7587870">
    <ele>166.0</ele>
   </trkpt>
   <trkpt lat="-41.3004630" lon="174.7587770">
    <ele>167.0</ele>
   </trkpt>
   <trkpt lat="-41.3004770" lon="174.7587660">
    <ele>167.0</ele>
   </trkpt>
   <trkpt lat="-41.3004930" lon="174.7587530">
    <ele>167.0</ele>
   </trkpt>
   <trkpt lat="-41.3005090" lon="174.7587400">
    <ele>167.0</ele>
   </trkpt>
   <trkpt lat="-41.3005250" lon="174.7587220">
    <ele>167.0</ele>
   </trkpt>
   <trkpt lat="-41.3005410" lon="174.7587030">
    <ele>168.0</ele>
   </trkpt>
   <trkpt lat="-41.3005560" lon="174.7586810">
    <ele>168.0</ele>
   </trkpt>
   <trkpt lat="-41.3005720" lon="174.7586600">
    <ele>168.0</ele>
   </trkpt>
   <trkpt lat="-41.3005880" lon="174.7586370">
    <ele>168.0</ele>
   </trkpt>
   <trkpt lat="-41.3006040" lon="174.7586140">
    <ele>168.0</ele>
   </trkpt>
   <trkpt lat="-41.3006210" lon="174.7585950">
    <ele>168.0</ele>
   </trkpt>
   <trkpt lat="-41.3006390" lon="174.7585750">
    <ele>168.0</ele>
   </trkpt>
   <trkpt lat="-41.3006570" lon="174.7585590">
    <ele>168.0</ele>
   </trkpt>
   <trkpt lat="-41.3006750" lon="174.7585430">
    <ele>168.0</ele>
   </trkpt>
   <trkpt lat="-41.3006930" lon="174.7585310">
    <ele>168.0</ele>
   </trkpt>
   <trkpt lat="-41.3007110" lon="174.7585190">
    <ele>169.0</ele>
   </trkpt>
   <trkpt lat="-41.3007260" lon="174.7585120">
    <ele>169.0</ele>
   </trkpt>
   <trkpt lat="-41.3007410" lon="174.7585050">
    <ele>169.0</ele>
   </trkpt>
   <trkpt lat="-41.3007540" lon="174.7585010">
    <ele>169.0</ele>
   </trkpt>
   <trkpt lat="-41.3007660" lon="174.7584980">
    <ele>169.0</ele>
   </trkpt>
   <trkpt lat="-41.3007770" lon="174.7584960">
    <ele>170.0</ele>
   </trkpt>
   <trkpt lat="-41.3007870" lon="174.7584930">
    <ele>170.0</ele>
   </trkpt>
   <trkpt lat="-41.3007960" lon="174.7584880">
    <ele>170.0</ele>
   </trkpt>
   <trkpt lat="-41.3008060" lon="174.7584830">
    <ele>170.0</ele>
   </trkpt>
   <trkpt lat="-41.3008180" lon="174.7584750">
    <ele>170.0</ele>
   </trkpt>
   <trkpt lat="-41.3008290" lon="174.7584670">
    <ele>170.0</ele>
   </trkpt>
   <trkpt lat="-41.3008450" lon="174.7584560">
    <ele>170.0</ele>
   </trkpt>
   <trkpt lat="-41.3008600" lon="174.7584450">
    <ele>170.0</ele>
   </trkpt>
   <trkpt lat="-41.3008760" lon="174.7584320">
    <ele>170.0</ele>
   </trkpt>
   <trkpt lat="-41.3008930" lon="174.7584200">
    <ele>170.0</ele>
   </trkpt>
   <trkpt lat="-41.3009100" lon="174.7584090">
    <ele>171.0</ele>
   </trkpt>
   <trkpt lat="-41.3009270" lon="174.7583980">
    <ele>171.0</ele>
   </trkpt>
   <trkpt lat="-41.3009420" lon="174.7583870">
    <ele>171.0</ele>
   </trkpt>
   <trkpt lat="-41.3009580" lon="174.7583770">
    <ele>171.0</ele>
   </trkpt>
   <trkpt lat="-41.3009710" lon="174.7583680">
    <ele>171.0</ele>
   </trkpt>
   <trkpt lat="-41.3009850" lon="174.7583590">
    <ele>171.0</ele>
   </trkpt>
   <trkpt lat="-41.3010000" lon="174.7583520">
    <ele>171.0</ele>
   </trkpt>
   <trkpt lat="-41.3010150" lon="174.7583450">
    <ele>171.0</ele>
   </trkpt>
   <trkpt lat="-41.3010340" lon="174.7583370">
    <ele>171.0</ele>
   </trkpt>
   <trkpt lat="-41.3010530" lon="174.7583300">
    <ele>171.0</ele>
   </trkpt>
   <trkpt lat="-41.3010760" lon="174.7583210">
    <ele>172.0</ele>
   </trkpt>
   <trkpt lat="-41.3010990" lon="174.7583130">
    <ele>172.0</ele>
   </trkpt>
   <trkpt lat="-41.3011230" lon="174.7583000">
    <ele>172.0</ele>
   </trkpt>
   <trkpt lat="-41.3011470" lon="174.7582880">
    <ele>172.0</ele>
   </trkpt>
   <trkpt lat="-41.3011700" lon="174.7582710">
    <ele>172.0</ele>
   </trkpt>
   <trkpt lat="-41.3011940" lon="174.7582530">
    <ele>172.0</ele>
   </trkpt>
   <trkpt lat="-41.3012150" lon="174.7582330">
    <ele>172.0</ele>
   </trkpt>
   <trkpt lat="-41.3012360" lon="174.7582130">
    <ele>172.0</ele>
   </trkpt>
   <trkpt lat="-41.3012560" lon="174.7581940">
    <ele>172.0</ele>
   </trkpt>
   <trkpt lat="-41.3012750" lon="174.7581750">
    <ele>172.0</ele>
   </trkpt>
   <trkpt lat="-41.3012930" lon="174.7581590">
    <ele>173.0</ele>
   </trkpt>
   <trkpt lat="-41.3013120" lon="174.7581420">
    <ele>173.0</ele>
   </trkpt>
   <trkpt lat="-41.3013280" lon="174.7581290">
    <ele>173.0</ele>
   </trkpt>
   <trkpt lat="-41.3013440" lon="174.7581160">
    <ele>173.0</ele>
   </trkpt>
   <trkpt lat="-41.3013590" lon="174.7581070">
    <ele>173.0</ele>
   </trkpt>
   <trkpt lat="-41.3013740" lon="174.7580980">
    <ele>173.0</ele>
   </trkpt>
   <trkpt lat="-41.3013880" lon="174.7580950">
    <ele>173.0</ele>
   </trkpt>
   <trkpt lat="-41.3014030" lon="174.7580920">
    <ele>173.0</ele>
   </trkpt>
   <trkpt lat="-41.3014190" lon="174.7580920">
    <ele>173.0</ele>
   </trkpt>
   <trkpt lat="-41.3014350" lon="174.7580920">
    <ele>173.0</ele>
   </trkpt>
   <trkpt lat="-41.3014560" lon="174.7580860">
    <ele>173.0</ele>
   </trkpt>
   <trkpt lat="-41.3014760" lon="174.7580800">
    <ele>173.0</ele>
   </trkpt>
   <trkpt lat="-41.3014980" lon="174.7580720">
    <ele>173.0</ele>
   </trkpt>
   <trkpt lat="-41.3015200" lon="174.7580630">
    <ele>173.0</ele>
   </trkpt>
   <trkpt lat="-41.3015380" lon="174.7580540">
    <ele>173.0</ele>
   </trkpt>
   <trkpt lat="-41.3015560" lon="174.7580450">
    <ele>174.0</ele>
   </trkpt>
   <trkpt lat="-41.3015700" lon="174.7580360">
    <ele>174.0</ele>
   </trkpt>
   <trkpt lat="-41.3015830" lon="174.7580280">
    <ele>174.0</ele>
   </trkpt>
   <trkpt lat="-41.3015950" lon="174.7580210">
    <ele>174.0</ele>
   </trkpt>
   <trkpt lat="-41.3016060" lon="174.7580140">
    <ele>174.0</ele>
   </trkpt>
   <trkpt lat="-41.3016190" lon="174.7580070">
    <ele>174.0</ele>
   </trkpt>
   <trkpt lat="-41.3016310" lon="174.7580000">
    <ele>174.0</ele>
   </trkpt>
   <trkpt lat="-41.3016440" lon="174.7579900">
    <ele>174.0</ele>
   </trkpt>
   <trkpt lat="-41.3016570" lon="174.7579810">
    <ele>174.0</ele>
   </trkpt>
   <trkpt lat="-41.3016700" lon="174.7579700">
    <ele>174.0</ele>
   </trkpt>
   <trkpt lat="-41.3016830" lon="174.7579590">
    <ele>175.0</ele>
   </trkpt>
   <trkpt lat="-41.3016960" lon="174.7579480">
    <ele>175.0</ele>
   </trkpt>
   <trkpt lat="-41.3017090" lon="174.7579370">
    <ele>175.0</ele>
   </trkpt>
   <trkpt lat="-41.3017220" lon="174.7579240">
    <ele>175.0</ele>
   </trkpt>
   <trkpt lat="-41.3017360" lon="174.7579120">
    <ele>175.0</ele>
   </trkpt>
   <trkpt lat="-41.3017490" lon="174.7579000">
    <ele>175.0</ele>
   </trkpt>
   <trkpt lat="-41.3017630" lon="174.7578880">
    <ele>175.0</ele>
   </trkpt>
   <trkpt lat="-41.3017770" lon="174.7578780">
    <ele>175.0</ele>
   </trkpt>
   <trkpt lat="-41.3017910" lon="174.7578680">
    <ele>175.0</ele>
   </trkpt>
   <trkpt lat="-41.3018040" lon="174.7578640">
    <ele>175.0</ele>
   </trkpt>
   <trkpt lat="-41.3018170" lon="174.7578590">
    <ele>175.0</ele>
   </trkpt>
   <trkpt lat="-41.3018300" lon="174.7578550">
    <ele>175.0</ele>
   </trkpt>
   <trkpt lat="-41.3018420" lon="174.7578520">
    <ele>175.0</ele>
   </trkpt>
   <trkpt lat="-41.3018540" lon="174.7578470">
    <ele>175.0</ele>
   </trkpt>
   <trkpt lat="-41.3018660" lon="174.7578420">
    <ele>175.0</ele>
   </trkpt>
   <trkpt lat="-41.3018770" lon="174.7578400">
    <ele>176.0</ele>
   </trkpt>
   <trkpt lat="-41.3018890" lon="174.7578370">
    <ele>176.0</ele>
   </trkpt>
   <trkpt lat="-41.3018990" lon="174.7578390">
    <ele>176.0</ele>
   </trkpt>
   <trkpt lat="-41.3019100" lon="174.7578420">
    <ele>176.0</ele>
   </trkpt>
   <trkpt lat="-41.3019230" lon="174.7578430">
    <ele>176.0</ele>
   </trkpt>
   <trkpt lat="-41.3019350" lon="174.7578450">
    <ele>176.0</ele>
   </trkpt>
   <trkpt lat="-41.3019510" lon="174.7578440">
    <ele>176.0</ele>
   </trkpt>
   <trkpt lat="-41.3019670" lon="174.7578420">
    <ele>176.0</ele>
   </trkpt>
   <trkpt lat="-41.3019850" lon="174.7578390">
    <ele>176.0</ele>
   </trkpt>
   <trkpt lat="-41.3020020" lon="174.7578370">
    <ele>176.0</ele>
   </trkpt>
   <trkpt lat="-41.3020200" lon="174.7578340">
    <ele>177.0</ele>
   </trkpt>
   <trkpt lat="-41.3020370" lon="174.7578320">
    <ele>177.0</ele>
   </trkpt>
   <trkpt lat="-41.3020520" lon="174.7578300">
    <ele>177.0</ele>
   </trkpt>
   <trkpt lat="-41.3020660" lon="174.7578280">
    <ele>177.0</ele>
   </trkpt>
   <trkpt lat="-41.3020790" lon="174.7578230">
    <ele>177.0</ele>
   </trkpt>
   <trkpt lat="-41.3020920" lon="174.7578180">
    <ele>178.0</ele>
   </trkpt>
   <trkpt lat="-41.3021030" lon="174.7578080">
    <ele>178.0</ele>
   </trkpt>
   <trkpt lat="-41.3021150" lon="174.7577980">
    <ele>178.0</ele>
   </trkpt>
   <trkpt lat="-41.3021200" lon="174.7577900">
    <ele>178.0</ele>
   </trkpt>
   <trkpt lat="-41.3021260" lon="174.7577820">
    <ele>178.0</ele>
   </trkpt>
   <trkpt lat="-41.3021320" lon="174.7577740">
    <ele>178.0</ele>
   </trkpt>
   <trkpt lat="-41.3021320" lon="174.7577630">
    <ele>178.0</ele>
   </trkpt>
   <trkpt lat="-41.3021330" lon="174.7577530">
    <ele>178.0</ele>
   </trkpt>
   <trkpt lat="-41.3021270" lon="174.7577440">
    <ele>178.0</ele>
   </trkpt>
   <trkpt lat="-41.3021210" lon="174.7577340">
    <ele>178.0</ele>
   </trkpt>
   <trkpt lat="-41.3021150" lon="174.7577240">
    <ele>178.0</ele>
   </trkpt>
   <trkpt lat="-41.3021090" lon="174.7577140">
    <ele>178.0</ele>
   </trkpt>
   <trkpt lat="-41.3021050" lon="174.7576980">
    <ele>178.0</ele>
   </trkpt>
   <trkpt lat="-41.3021010" lon="174.7576810">
    <ele>178.0</ele>
   </trkpt>
   <trkpt lat="-41.3020990" lon="174.7576630">
    <ele>178.0</ele>
   </trkpt>
   <trkpt lat="-41.3020970" lon="174.7576440">
    <ele>178.0</ele>
   </trkpt>
   <trkpt lat="-41.3020960" lon="174.7576280">
    <ele>178.0</ele>
   </trkpt>
   <trkpt lat="-41.3020940" lon="174.7576120">
    <ele>178.0</ele>
   </trkpt>
   <trkpt lat="-41.3020950" lon="174.7575970">
    <ele>178.0</ele>
   </trkpt>
   <trkpt lat="-41.3020950" lon="174.7575830">
    <ele>178.0</ele>
   </trkpt>
   <trkpt lat="-41.3020970" lon="174.7575680">
    <ele>179.0</ele>
   </trkpt>
   <trkpt lat="-41.3020990" lon="174.7575530">
    <ele>179.0</ele>
   </trkpt>
   <trkpt lat="-41.3021010" lon="174.7575370">
    <ele>179.0</ele>
   </trkpt>
   <trkpt lat="-41.3021020" lon="174.7575210">
    <ele>179.0</ele>
   </trkpt>
   <trkpt lat="-41.3021020" lon="174.7575040">
    <ele>179.0</ele>
   </trkpt>
   <trkpt lat="-41.3021020" lon="174.7574870">
    <ele>179.0</ele>
   </trkpt>
   <trkpt lat="-41.3020980" lon="174.7574740">
    <ele>179.0</ele>
   </trkpt>
   <trkpt lat="-41.3020930" lon="174.7574600">
    <ele>179.0</ele>
   </trkpt>
   <trkpt lat="-41.3020860" lon="174.7574490">
    <ele>179.0</ele>
   </trkpt>
   <trkpt lat="-41.3020780" lon="174.7574390">
    <ele>179.0</ele>
   </trkpt>
   <trkpt lat="-41.3020700" lon="174.7574310">
    <ele>180.0</ele>
   </trkpt>
   <trkpt lat="-41.3020610" lon="174.7574230">
    <ele>180.0</ele>
   </trkpt>
   <trkpt lat="-41.3020520" lon="174.7574170">
    <ele>180.0</ele>
   </trkpt>
   <trkpt lat="-41.3020430" lon="174.7574100">
    <ele>180.0</ele>
   </trkpt>
   <trkpt lat="-41.3020310" lon="174.7574040">
    <ele>180.0</ele>
   </trkpt>
   <trkpt lat="-41.3020190" lon="174.7573980">
    <ele>180.0</ele>
   </trkpt>
   <trkpt lat="-41.3020040" lon="174.7573930">
    <ele>180.0</ele>
   </trkpt>
   <trkpt lat="-41.3019890" lon="174.7573880">
    <ele>180.0</ele>
   </trkpt>
   <trkpt lat="-41.3019700" lon="174.7573830">
    <ele>180.0</ele>
   </trkpt>
   <trkpt lat="-41.3019520" lon="174.7573780">
    <ele>180.0</ele>
   </trkpt>
   <trkpt lat="-41.3019340" lon="174.7573720">
    <ele>181.0</ele>
   </trkpt>
   <trkpt lat="-41.3019160" lon="174.7573660">
    <ele>181.0</ele>
   </trkpt>
   <trkpt lat="-41.3018990" lon="174.7573570">
    <ele>181.0</ele>
   </trkpt>
   <trkpt lat="-41.3018820" lon="174.7573480">
    <ele>181.0</ele>
   </trkpt>
   <trkpt lat="-41.3018660" lon="174.7573400">
    <ele>181.0</ele>
   </trkpt>
   <trkpt lat="-41.3018500" lon="174.7573320">
    <ele>181.0</ele>
   </trkpt>
   <trkpt lat="-41.3018350" lon="174.7573280">
    <ele>181.0</ele>
   </trkpt>
   <trkpt lat="-41.3018210" lon="174.7573240">
    <ele>181.0</ele>
   </trkpt>
   <trkpt lat="-41.3018050" lon="174.7573230">
    <ele>181.0</ele>
   </trkpt>
   <trkpt lat="-41.3017900" lon="174.7573210">
    <ele>181.0</ele>
   </trkpt>
   <trkpt lat="-41.3017720" lon="174.7573190">
    <ele>182.0</ele>
   </trkpt>
   <trkpt lat="-41.3017550" lon="174.7573180">
    <ele>182.0</ele>
   </trkpt>
   <trkpt lat="-41.3017370" lon="174.7573130">
    <ele>182.0</ele>
   </trkpt>
   <trkpt lat="-41.3017180" lon="174.7573080">
    <ele>182.0</ele>
   </trkpt>
   <trkpt lat="-41.3016960" lon="174.7572940">
    <ele>182.0</ele>
   </trkpt>
   <trkpt lat="-41.3016740" lon="174.7572810">
    <ele>182.0</ele>
   </trkpt>
   <trkpt lat="-41.3016510" lon="174.7572640">
    <ele>182.0</ele>
   </trkpt>
   <trkpt lat="-41.3016290" lon="174.7572470">
    <ele>182.0</ele>
   </trkpt>
   <trkpt lat="-41.3016080" lon="174.7572310">
    <ele>182.0</ele>
   </trkpt>
   <trkpt lat="-41.3015880" lon="174.7572140">
    <ele>182.0</ele>
   </trkpt>
   <trkpt lat="-41.3015700" lon="174.7571970">
    <ele>183.0</ele>
   </trkpt>
   <trkpt lat="-41.3015520" lon="174.7571800">
    <ele>183.0</ele>
   </trkpt>
   <trkpt lat="-41.3015370" lon="174.7571610">
    <ele>183.0</ele>
   </trkpt>
   <trkpt lat="-41.3015210" lon="174.7571430">
    <ele>183.0</ele>
   </trkpt>
   <trkpt lat="-41.3015070" lon="174.7571280">
    <ele>183.0</ele>
   </trkpt>
   <trkpt lat="-41.3014920" lon="174.7571120">
    <ele>183.0</ele>
   </trkpt>
   <trkpt lat="-41.3014760" lon="174.7570990">
    <ele>183.0</ele>
   </trkpt>
   <trkpt lat="-41.3014610" lon="174.7570860">
    <ele>183.0</ele>
   </trkpt>
   <trkpt lat="-41.3014420" lon="174.7570770">
    <ele>183.0</ele>
   </trkpt>
   <trkpt lat="-41.3014240" lon="174.7570680">
    <ele>183.0</ele>
   </trkpt>
   <trkpt lat="-41.3014020" lon="174.7570620">
    <ele>183.0</ele>
   </trkpt>
   <trkpt lat="-41.3013810" lon="174.7570570">
    <ele>183.0</ele>
   </trkpt>
   <trkpt lat="-41.3013590" lon="174.7570520">
    <ele>183.0</ele>
   </trkpt>
   <trkpt lat="-41.3013370" lon="174.7570470">
    <ele>183.0</ele>
   </trkpt>
   <trkpt lat="-41.3013150" lon="174.7570380">
    <ele>183.0</ele>
   </trkpt>
   <trkpt lat="-41.3012930" lon="174.7570300">
    <ele>184.0</ele>
   </trkpt>
   <trkpt lat="-41.3012710" lon="174.7570190">
    <ele>184.0</ele>
   </trkpt>
   <trkpt lat="-41.3012490" lon="174.7570090">
    <ele>184.0</ele>
   </trkpt>
   <trkpt lat="-41.3012260" lon="174.7570010">
    <ele>184.0</ele>
   </trkpt>
   <trkpt lat="-41.3012030" lon="174.7569930">
    <ele>184.0</ele>
   </trkpt>
   <trkpt lat="-41.3011800" lon="174.7569880">
    <ele>184.0</ele>
   </trkpt>
   <trkpt lat="-41.3011560" lon="174.7569840">
    <ele>184.0</ele>
   </trkpt>
   <trkpt lat="-41.3011300" lon="174.7569820">
    <ele>184.0</ele>
   </trkpt>
   <trkpt lat="-41.3011040" lon="174.7569790">
    <ele>184.0</ele>
   </trkpt>
   <trkpt lat="-41.3010780" lon="174.7569730">
    <ele>184.0</ele>
   </trkpt>
   <trkpt lat="-41.3010520" lon="174.7569670">
    <ele>185.0</ele>
   </trkpt>
   <trkpt lat="-41.3010270" lon="174.7569530">
    <ele>185.0</ele>
   </trkpt>
   <trkpt lat="-41.3010020" lon="174.7569400">
    <ele>185.0</ele>
   </trkpt>
   <trkpt lat="-41.3009790" lon="174.7569220">
    <ele>185.0</ele>
   </trkpt>
   <trkpt lat="-41.3009550" lon="174.7569030">
    <ele>185.0</ele>
   </trkpt>
   <trkpt lat="-41.3009330" lon="174.7568850">
    <ele>185.0</ele>
   </trkpt>
   <trkpt lat="-41.3009110" lon="174.7568670">
    <ele>185.0</ele>
   </trkpt>
   <trkpt lat="-41.3008900" lon="174.7568530">
    <ele>185.0</ele>
   </trkpt>
   <trkpt lat="-41.3008680" lon="174.7568380">
    <ele>185.0</ele>
   </trkpt>
   <trkpt lat="-41.3008520" lon="174.7568280">
    <ele>185.0</ele>
   </trkpt>
   <trkpt lat="-41.3008350" lon="174.7568180">
    <ele>185.0</ele>
   </trkpt>
   <trkpt lat="-41.3008300" lon="174.7568160">
    <ele>185.0</ele>
   </trkpt>
   <trkpt lat="-41.3008240" lon="174.7568140">
    <ele>185.0</ele>
   </trkpt>
   <trkpt lat="-41.3008280" lon="174.7568190">
    <ele>185.0</ele>
   </trkpt>
   <trkpt lat="-41.3008310" lon="174.7568240">
    <ele>185.0</ele>
   </trkpt>
   <trkpt lat="-41.3008400" lon="174.7568310">
    <ele>186.0</ele>
   </trkpt>
   <trkpt lat="-41.3008490" lon="174.7568390">
    <ele>186.0</ele>
   </trkpt>
   <trkpt lat="-41.3008590" lon="174.7568460">
    <ele>186.0</ele>
   </trkpt>
   <trkpt lat="-41.3008700" lon="174.7568540">
    <ele>186.0</ele>
   </trkpt>
   <trkpt lat="-41.3008800" lon="174.7568610">
    <ele>186.0</ele>
   </trkpt>
   <trkpt lat="-41.3008910" lon="174.7568680">
    <ele>186.0</ele>
   </trkpt>
   <trkpt lat="-41.3009020" lon="174.7568760">
    <ele>186.0</ele>
   </trkpt>
   <trkpt lat="-41.3009140" lon="174.7568840">
    <ele>186.0</ele>
   </trkpt>
   <trkpt lat="-41.3009260" lon="174.7568920">
    <ele>186.0</ele>
   </trkpt>
   <trkpt lat="-41.3009380" lon="174.7569010">
    <ele>186.0</ele>
   </trkpt>
   <trkpt lat="-41.3009500" lon="174.7569080">
    <ele>186.0</ele>
   </trkpt>
   <trkpt lat="-41.3009620" lon="174.7569140">
    <ele>186.0</ele>
   </trkpt>
   <trkpt lat="-41.3009740" lon="174.7569200">
    <ele>186.0</ele>
   </trkpt>
   <trkpt lat="-41.3009870" lon="174.7569250">
    <ele>186.0</ele>
   </trkpt>
   <trkpt lat="-41.3010010" lon="174.7569290">
    <ele>186.0</ele>
   </trkpt>
   <trkpt lat="-41.3010160" lon="174.7569320">
    <ele>187.0</ele>
   </trkpt>
   <trkpt lat="-41.3010360" lon="174.7569330">
    <ele>187.0</ele>
   </trkpt>
   <trkpt lat="-41.3010550" lon="174.7569340">
    <ele>187.0</ele>
   </trkpt>
   <trkpt lat="-41.3010780" lon="174.7569320">
    <ele>187.0</ele>
   </trkpt>
   <trkpt lat="-41.3011000" lon="174.7569290">
    <ele>187.0</ele>
   </trkpt>
   <trkpt lat="-41.3011230" lon="174.7569270">
    <ele>188.0</ele>
   </trkpt>
   <trkpt lat="-41.3011470" lon="174.7569240">
    <ele>188.0</ele>
   </trkpt>
   <trkpt lat="-41.3011700" lon="174.7569230">
    <ele>188.0</ele>
   </trkpt>
   <trkpt lat="-41.3011930" lon="174.7569220">
    <ele>188.0</ele>
   </trkpt>
   <trkpt lat="-41.3012140" lon="174.7569190">
    <ele>188.0</ele>
   </trkpt>
   <trkpt lat="-41.3012360" lon="174.7569170">
    <ele>188.0</ele>
   </trkpt>
   <trkpt lat="-41.3012540" lon="174.7569140">
    <ele>188.0</ele>
   </trkpt>
   <trkpt lat="-41.3012720" lon="174.7569100">
    <ele>188.0</ele>
   </trkpt>
   <trkpt lat="-41.3012900" lon="174.7569050">
    <ele>188.0</ele>
   </trkpt>
   <trkpt lat="-41.3013070" lon="174.7569010">
    <ele>188.0</ele>
   </trkpt>
   <trkpt lat="-41.3013270" lon="174.7568990">
    <ele>189.0</ele>
   </trkpt>
   <trkpt lat="-41.3013470" lon="174.7568970">
    <ele>189.0</ele>
   </trkpt>
   <trkpt lat="-41.3013690" lon="174.7569040">
    <ele>189.0</ele>
   </trkpt>
   <trkpt lat="-41.3013910" lon="174.7569100">
    <ele>189.0</ele>
   </trkpt>
   <trkpt lat="-41.3014130" lon="174.7569230">
    <ele>189.0</ele>
   </trkpt>
   <trkpt lat="-41.3014340" lon="174.7569370">
    <ele>190.0</ele>
   </trkpt>
   <trkpt lat="-41.3014530" lon="174.7569520">
    <ele>190.0</ele>
   </trkpt>
   <trkpt lat="-41.3014710" lon="174.7569670">
    <ele>190.0</ele>
   </trkpt>
   <trkpt lat="-41.3014870" lon="174.7569830">
    <ele>190.0</ele>
   </trkpt>
   <trkpt lat="-41.3015030" lon="174.7570000">
    <ele>190.0</ele>
   </trkpt>
   <trkpt lat="-41.3015210" lon="174.7570180">
    <ele>190.0</ele>
   </trkpt>
   <trkpt lat="-41.3015380" lon="174.7570360">
    <ele>190.0</ele>
   </trkpt>
   <trkpt lat="-41.3015580" lon="174.7570540">
    <ele>190.0</ele>
   </trkpt>
   <trkpt lat="-41.3015770" lon="174.7570720">
    <ele>190.0</ele>
   </trkpt>
   <trkpt lat="-41.3015980" lon="174.7570870">
    <ele>190.0</ele>
   </trkpt>
   <trkpt lat="-41.3016190" lon="174.7571020">
    <ele>191.0</ele>
   </trkpt>
   <trkpt lat="-41.3016400" lon="174.7571110">
    <ele>191.0</ele>
   </trkpt>
   <trkpt lat="-41.3016610" lon="174.7571210">
    <ele>191.0</ele>
   </trkpt>
   <trkpt lat="-41.3016810" lon="174.7571250">
    <ele>191.0</ele>
   </trkpt>
   <trkpt lat="-41.3017010" lon="174.7571280">
    <ele>191.0</ele>
   </trkpt>
   <trkpt lat="-41.3017200" lon="174.7571270">
    <ele>191.0</ele>
   </trkpt>
   <trkpt lat="-41.3017400" lon="174.7571260">
    <ele>191.0</ele>
   </trkpt>
   <trkpt lat="-41.3017590" lon="174.7571210">
    <ele>191.0</ele>
   </trkpt>
   <trkpt lat="-41.3017790" lon="174.7571180">
    <ele>191.0</ele>
   </trkpt>
   <trkpt lat="-41.3017990" lon="174.7571140">
    <ele>191.0</ele>
   </trkpt>
   <trkpt lat="-41.3018180" lon="174.7571100">
    <ele>192.0</ele>
   </trkpt>
   <trkpt lat="-41.3018380" lon="174.7571070">
    <ele>192.0</ele>
   </trkpt>
   <trkpt lat="-41.3018580" lon="174.7571040">
    <ele>192.0</ele>
   </trkpt>
   <trkpt lat="-41.3018760" lon="174.7571030">
    <ele>192.0</ele>
   </trkpt>
   <trkpt lat="-41.3018950" lon="174.7571020">
    <ele>192.0</ele>
   </trkpt>
   <trkpt lat="-41.3019120" lon="174.7571060">
    <ele>192.0</ele>
   </trkpt>
   <trkpt lat="-41.3019290" lon="174.7571090">
    <ele>192.0</ele>
   </trkpt>
   <trkpt lat="-41.3019450" lon="174.7571110">
    <ele>192.0</ele>
   </trkpt>
   <trkpt lat="-41.3019610" lon="174.7571130">
    <ele>192.0</ele>
   </trkpt>
   <trkpt lat="-41.3019740" lon="174.7571090">
    <ele>192.0</ele>
   </trkpt>
   <trkpt lat="-41.3019870" lon="174.7571050">
    <ele>193.0</ele>
   </trkpt>
   <trkpt lat="-41.3019990" lon="174.7570970">
    <ele>193.0</ele>
   </trkpt>
   <trkpt lat="-41.3020110" lon="174.7570880">
    <ele>193.0</ele>
   </trkpt>
   <trkpt lat="-41.3020210" lon="174.7570770">
    <ele>193.0</ele>
   </trkpt>
   <trkpt lat="-41.3020310" lon="174.7570650">
    <ele>193.0</ele>
   </trkpt>
   <trkpt lat="-41.3020400" lon="174.7570510">
    <ele>194.0</ele>
   </trkpt>
   <trkpt lat="-41.3020490" lon="174.7570380">
    <ele>194.0</ele>
   </trkpt>
   <trkpt lat="-41.3020600" lon="174.7570230">
    <ele>194.0</ele>
   </trkpt>
   <trkpt lat="-41.3020710" lon="174.7570090">
    <ele>194.0</ele>
   </trkpt>
   <trkpt lat="-41.3020840" lon="174.7569950">
    <ele>194.0</ele>
   </trkpt>
   <trkpt lat="-41.3020970" lon="174.7569810">
    <ele>194.0</ele>
   </trkpt>
   <trkpt lat="-41.3021070" lon="174.7569690">
    <ele>194.0</ele>
   </trkpt>
   <trkpt lat="-41.3021180" lon="174.7569560">
    <ele>194.0</ele>
   </trkpt>
   <trkpt lat="-41.3021290" lon="174.7569430">
    <ele>194.0</ele>
   </trkpt>
   <trkpt lat="-41.3021390" lon="174.7569300">
    <ele>194.0</ele>
   </trkpt>
   <trkpt lat="-41.3021510" lon="174.7569170">
    <ele>195.0</ele>
   </trkpt>
   <trkpt lat="-41.3021630" lon="174.7569040">
    <ele>195.0</ele>
   </trkpt>
   <trkpt lat="-41.3021740" lon="174.7568910">
    <ele>195.0</ele>
   </trkpt>
   <trkpt lat="-41.3021860" lon="174.7568780">
    <ele>195.0</ele>
   </trkpt>
   <trkpt lat="-41.3021960" lon="174.7568680">
    <ele>195.0</ele>
   </trkpt>
   <trkpt lat="-41.3022070" lon="174.7568590">
    <ele>195.0</ele>
   </trkpt>
   <trkpt lat="-41.3022180" lon="174.7568550">
    <ele>195.0</ele>
   </trkpt>
   <trkpt lat="-41.3022300" lon="174.7568520">
    <ele>195.0</ele>
   </trkpt>
   <trkpt lat="-41.3022420" lon="174.7568520">
    <ele>195.0</ele>
   </trkpt>
   <trkpt lat="-41.3022540" lon="174.7568510">
    <ele>195.0</ele>
   </trkpt>
   <trkpt lat="-41.3022650" lon="174.7568530">
    <ele>195.0</ele>
   </trkpt>
   <trkpt lat="-41.3022760" lon="174.7568550">
    <ele>195.0</ele>
   </trkpt>
   <trkpt lat="-41.3022850" lon="174.7568590">
    <ele>195.0</ele>
   </trkpt>
   <trkpt lat="-41.3022950" lon="174.7568640">
    <ele>195.0</ele>
   </trkpt>
   <trkpt lat="-41.3023040" lon="174.7568740">
    <ele>195.0</ele>
   </trkpt>
   <trkpt lat="-41.3023120" lon="174.7568840">
    <ele>195.0</ele>
   </trkpt>
   <trkpt lat="-41.3023210" lon="174.7569000">
    <ele>195.0</ele>
   </trkpt>
   <trkpt lat="-41.3023300" lon="174.7569160">
    <ele>195.0</ele>
   </trkpt>
   <trkpt lat="-41.3023390" lon="174.7569350">
    <ele>195.0</ele>
   </trkpt>
   <trkpt lat="-41.3023480" lon="174.7569540">
    <ele>195.0</ele>
   </trkpt>
   <trkpt lat="-41.3023580" lon="174.7569740">
    <ele>196.0</ele>
   </trkpt>
   <trkpt lat="-41.3023690" lon="174.7569940">
    <ele>196.0</ele>
   </trkpt>
   <trkpt lat="-41.3023760" lon="174.7570160">
    <ele>196.0</ele>
   </trkpt>
   <trkpt lat="-41.3023830" lon="174.7570390">
    <ele>196.0</ele>
   </trkpt>
   <trkpt lat="-41.3023870" lon="174.7570640">
    <ele>196.0</ele>
   </trkpt>
   <trkpt lat="-41.3023910" lon="174.7570890">
    <ele>197.0</ele>
   </trkpt>
   <trkpt lat="-41.3023930" lon="174.7571150">
    <ele>197.0</ele>
   </trkpt>
   <trkpt lat="-41.3023950" lon="174.7571410">
    <ele>197.0</ele>
   </trkpt>
   <trkpt lat="-41.3023960" lon="174.7571670">
    <ele>197.0</ele>
   </trkpt>
   <trkpt lat="-41.3023980" lon="174.7571920">
    <ele>197.0</ele>
   </trkpt>
   <trkpt lat="-41.3024000" lon="174.7572170">
    <ele>198.0</ele>
   </trkpt>
   <trkpt lat="-41.3024030" lon="174.7572410">
    <ele>198.0</ele>
   </trkpt>
   <trkpt lat="-41.3024110" lon="174.7572670">
    <ele>198.0</ele>
   </trkpt>
   <trkpt lat="-41.3024190" lon="174.7572920">
    <ele>198.0</ele>
   </trkpt>
   <trkpt lat="-41.3024340" lon="174.7573170">
    <ele>198.0</ele>
   </trkpt>
   <trkpt lat="-41.3024480" lon="174.7573420">
    <ele>199.0</ele>
   </trkpt>
   <trkpt lat="-41.3024640" lon="174.7573590">
    <ele>199.0</ele>
   </trkpt>
   <trkpt lat="-41.3024800" lon="174.7573770">
    <ele>199.0</ele>
   </trkpt>
   <trkpt lat="-41.3024940" lon="174.7573850">
    <ele>199.0</ele>
   </trkpt>
   <trkpt lat="-41.3025090" lon="174.7573940">
    <ele>199.0</ele>
   </trkpt>
   <trkpt lat="-41.3025230" lon="174.7573970">
    <ele>200.0</ele>
   </trkpt>
   <trkpt lat="-41.3025380" lon="174.7573990">
    <ele>200.0</ele>
   </trkpt>
   <trkpt lat="-41.3025520" lon="174.7573970">
    <ele>200.0</ele>
   </trkpt>
   <trkpt lat="-41.3025660" lon="174.7573940">
    <ele>200.0</ele>
   </trkpt>
   <trkpt lat="-41.3025810" lon="174.7573890">
    <ele>200.0</ele>
   </trkpt>
   <trkpt lat="-41.3025970" lon="174.7573830">
    <ele>200.0</ele>
   </trkpt>
   <trkpt lat="-41.3026120" lon="174.7573780">
    <ele>200.0</ele>
   </trkpt>
   <trkpt lat="-41.3026280" lon="174.7573720">
    <ele>200.0</ele>
   </trkpt>
   <trkpt lat="-41.3026430" lon="174.7573680">
    <ele>200.0</ele>
   </trkpt>
   <trkpt lat="-41.3026580" lon="174.7573640">
    <ele>200.0</ele>
   </trkpt>
   <trkpt lat="-41.3026720" lon="174.7573620">
    <ele>201.0</ele>
   </trkpt>
   <trkpt lat="-41.3026870" lon="174.7573600">
    <ele>201.0</ele>
   </trkpt>
   <trkpt lat="-41.3027010" lon="174.7573630">
    <ele>201.0</ele>
   </trkpt>
   <trkpt lat="-41.3027160" lon="174.7573660">
    <ele>201.0</ele>
   </trkpt>
   <trkpt lat="-41.3027290" lon="174.7573730">
    <ele>201.0</ele>
   </trkpt>
   <trkpt lat="-41.3027430" lon="174.7573800">
    <ele>202.0</ele>
   </trkpt>
   <trkpt lat="-41.3027570" lon="174.7573880">
    <ele>202.0</ele>
   </trkpt>
   <trkpt lat="-41.3027700" lon="174.7573960">
    <ele>202.0</ele>
   </trkpt>
   <trkpt lat="-41.3027840" lon="174.7574020">
    <ele>202.0</ele>
   </trkpt>
   <trkpt lat="-41.3027970" lon="174.7574090">
    <ele>202.0</ele>
   </trkpt>
   <trkpt lat="-41.3028100" lon="174.7574120">
    <ele>202.0</ele>
   </trkpt>
   <trkpt lat="-41.3028230" lon="174.7574150">
    <ele>202.0</ele>
   </trkpt>
   <trkpt lat="-41.3028360" lon="174.7574160">
    <ele>202.0</ele>
   </trkpt>
   <trkpt lat="-41.3028480" lon="174.7574160">
    <ele>202.0</ele>
   </trkpt>
   <trkpt lat="-41.3028610" lon="174.7574170">
    <ele>202.0</ele>
   </trkpt>
   <trkpt lat="-41.3028740" lon="174.7574180">
    <ele>203.0</ele>
   </trkpt>
   <trkpt lat="-41.3028870" lon="174.7574170">
    <ele>203.0</ele>
   </trkpt>
   <trkpt lat="-41.3029000" lon="174.7574170">
    <ele>203.0</ele>
   </trkpt>
   <trkpt lat="-41.3029120" lon="174.7574150">
    <ele>203.0</ele>
   </trkpt>
   <trkpt lat="-41.3029240" lon="174.7574130">
    <ele>203.0</ele>
   </trkpt>
   <trkpt lat="-41.3029350" lon="174.7574090">
    <ele>204.0</ele>
   </trkpt>
   <trkpt lat="-41.3029470" lon="174.7574060">
    <ele>204.0</ele>
   </trkpt>
   <trkpt lat="-41.3029590" lon="174.7574040">
    <ele>204.0</ele>
   </trkpt>
   <trkpt lat="-41.3029720" lon="174.7574020">
    <ele>204.0</ele>
   </trkpt>
   <trkpt lat="-41.3029870" lon="174.7574010">
    <ele>204.0</ele>
   </trkpt>
   <trkpt lat="-41.3030030" lon="174.7574000">
    <ele>205.0</ele>
   </trkpt>
   <trkpt lat="-41.3030190" lon="174.7573980">
    <ele>205.0</ele>
   </trkpt>
   <trkpt lat="-41.3030350" lon="174.7573950">
    <ele>205.0</ele>
   </trkpt>
   <trkpt lat="-41.3030510" lon="174.7573910">
    <ele>205.0</ele>
   </trkpt>
   <trkpt lat="-41.3030670" lon="174.7573860">
    <ele>205.0</ele>
   </trkpt>
   <trkpt lat="-41.3030820" lon="174.7573800">
    <ele>206.0</ele>
   </trkpt>
   <trkpt lat="-41.3030980" lon="174.7573740">
    <ele>206.0</ele>
   </trkpt>
   <trkpt lat="-41.3031120" lon="174.7573680">
    <ele>206.0</ele>
   </trkpt>
   <trkpt lat="-41.3031270" lon="174.7573620">
    <ele>206.0</ele>
   </trkpt>
   <trkpt lat="-41.3031390" lon="174.7573560">
    <ele>206.0</ele>
   </trkpt>
   <trkpt lat="-41.3031510" lon="174.7573500">
    <ele>206.0</ele>
   </trkpt>
   <trkpt lat="-41.3031630" lon="174.7573440">
    <ele>206.0</ele>
   </trkpt>
   <trkpt lat="-41.3031750" lon="174.7573370">
    <ele>206.0</ele>
   </trkpt>
   <trkpt lat="-41.3031870" lon="174.7573310">
    <ele>206.0</ele>
   </trkpt>
   <trkpt lat="-41.3031990" lon="174.7573260">
    <ele>206.0</ele>
   </trkpt>
   <trkpt lat="-41.3032110" lon="174.7573210">
    <ele>207.0</ele>
   </trkpt>
   <trkpt lat="-41.3032230" lon="174.7573170">
    <ele>207.0</ele>
   </trkpt>
   <trkpt lat="-41.3032350" lon="174.7573120">
    <ele>207.0</ele>
   </trkpt>
   <trkpt lat="-41.3032470" lon="174.7573080">
    <ele>207.0</ele>
   </trkpt>
   <trkpt lat="-41.3032580" lon="174.7573030">
    <ele>207.0</ele>
   </trkpt>
   <trkpt lat="-41.3032700" lon="174.7572990">
    <ele>207.0</ele>
   </trkpt>
   <trkpt lat="-41.3032800" lon="174.7572950">
    <ele>207.0</ele>
   </trkpt>
   <trkpt lat="-41.3032910" lon="174.7572910">
    <ele>207.0</ele>
   </trkpt>
   <trkpt lat="-41.3033000" lon="174.7572900">
    <ele>207.0</ele>
   </trkpt>
   <trkpt lat="-41.3033100" lon="174.7572890">
    <ele>207.0</ele>
   </trkpt>
   <trkpt lat="-41.3033140" lon="174.7572880">
    <ele>207.0</ele>
   </trkpt>
   <trkpt lat="-41.3033180" lon="174.7572870">
    <ele>207.0</ele>
   </trkpt>
   <trkpt lat="-41.3033220" lon="174.7572870">
    <ele>207.0</ele>
   </trkpt>
   <trkpt lat="-41.3033260" lon="174.7572860">
    <ele>207.0</ele>
   </trkpt>
   <trkpt lat="-41.3033300" lon="174.7572860">
    <ele>207.0</ele>
   </trkpt>
   <trkpt lat="-41.3033340" lon="174.7572820">
    <ele>208.0</ele>
   </trkpt>
   <trkpt lat="-41.3033380" lon="174.7572770">
    <ele>208.0</ele>
   </trkpt>
   <trkpt lat="-41.3033350" lon="174.7572730">
    <ele>208.0</ele>
   </trkpt>
   <trkpt lat="-41.3033330" lon="174.7572690">
    <ele>208.0</ele>
   </trkpt>
   <trkpt lat="-41.3033250" lon="174.7572650">
    <ele>208.0</ele>
   </trkpt>
   <trkpt lat="-41.3033160" lon="174.7572600">
    <ele>208.0</ele>
   </trkpt>
   <trkpt lat="-41.3033040" lon="174.7572530">
    <ele>208.0</ele>
   </trkpt>
   <trkpt lat="-41.3032930" lon="174.7572460">
    <ele>208.0</ele>
   </trkpt>
   <trkpt lat="-41.3032810" lon="174.7572370">
    <ele>208.0</ele>
   </trkpt>
   <trkpt lat="-41.3032700" lon="174.7572280">
    <ele>208.0</ele>
   </trkpt>
   <trkpt lat="-41.3032590" lon="174.7572190">
    <ele>209.0</ele>
   </trkpt>
   <trkpt lat="-41.3032470" lon="174.7572110">
    <ele>209.0</ele>
   </trkpt>
   <trkpt lat="-41.3032340" lon="174.7572070">
    <ele>209.0</ele>
   </trkpt>
   <trkpt lat="-41.3032200" lon="174.7572020">
    <ele>209.0</ele>
   </trkpt>
   <trkpt lat="-41.3032050" lon="174.7572030">
    <ele>209.0</ele>
   </trkpt>
   <trkpt lat="-41.3031900" lon="174.7572040">
    <ele>210.0</ele>
   </trkpt>
   <trkpt lat="-41.3031760" lon="174.7572060">
    <ele>210.0</ele>
   </trkpt>
   <trkpt lat="-41.3031630" lon="174.7572080">
    <ele>210.0</ele>
   </trkpt>
   <trkpt lat="-41.3031490" lon="174.7572060">
    <ele>210.0</ele>
   </trkpt>
   <trkpt lat="-41.3031360" lon="174.7572050">
    <ele>210.0</ele>
   </trkpt>
   <trkpt lat="-41.3031200" lon="174.7572040">
    <ele>211.0</ele>
   </trkpt>
   <trkpt lat="-41.3031050" lon="174.7572020">
    <ele>211.0</ele>
   </trkpt>
   <trkpt lat="-41.3030880" lon="174.7571980">
    <ele>211.0</ele>
   </trkpt>
   <trkpt lat="-41.3030720" lon="174.7571930">
    <ele>211.0</ele>
   </trkpt>
   <trkpt lat="-41.3030560" lon="174.7571870">
    <ele>211.0</ele>
   </trkpt>
   <trkpt lat="-41.3030400" lon="174.7571810">
    <ele>211.0</ele>
   </trkpt>
   <trkpt lat="-41.3030230" lon="174.7571760">
    <ele>211.0</ele>
   </trkpt>
   <trkpt lat="-41.3030060" lon="174.7571700">
    <ele>211.0</ele>
   </trkpt>
   <trkpt lat="-41.3029880" lon="174.7571670">
    <ele>211.0</ele>
   </trkpt>
   <trkpt lat="-41.3029700" lon="174.7571630">
    <ele>211.0</ele>
   </trkpt>
   <trkpt lat="-41.3029500" lon="174.7571590">
    <ele>212.0</ele>
   </trkpt>
   <trkpt lat="-41.3029300" lon="174.7571560">
    <ele>212.0</ele>
   </trkpt>
   <trkpt lat="-41.3029040" lon="174.7571490">
    <ele>212.0</ele>
   </trkpt>
   <trkpt lat="-41.3028770" lon="174.7571430">
    <ele>212.0</ele>
   </trkpt>
   <trkpt lat="-41.3028490" lon="174.7571350">
    <ele>212.0</ele>
   </trkpt>
   <trkpt lat="-41.3028210" lon="174.7571260">
    <ele>212.0</ele>
   </trkpt>
   <trkpt lat="-41.3027980" lon="174.7571120">
    <ele>212.0</ele>
   </trkpt>
   <trkpt lat="-41.3027750" lon="174.7570970">
    <ele>212.0</ele>
   </trkpt>
   <trkpt lat="-41.3027600" lon="174.7570730">
    <ele>212.0</ele>
   </trkpt>
   <trkpt lat="-41.3027440" lon="174.7570490">
    <ele>212.0</ele>
   </trkpt>
   <trkpt lat="-41.3027340" lon="174.7570240">
    <ele>212.0</ele>
   </trkpt>
   <trkpt lat="-41.3027250" lon="174.7570000">
    <ele>211.0</ele>
   </trkpt>
   <trkpt lat="-41.3027200" lon="174.7569770">
    <ele>211.0</ele>
   </trkpt>
   <trkpt lat="-41.3027160" lon="174.7569540">
    <ele>211.0</ele>
   </trkpt>
   <trkpt lat="-41.3027160" lon="174.7569320">
    <ele>211.0</ele>
   </trkpt>
   <trkpt lat="-41.3027160" lon="174.7569100">
    <ele>211.0</ele>
   </trkpt>
   <trkpt lat="-41.3027180" lon="174.7568870">
    <ele>211.0</ele>
   </trkpt>
   <trkpt lat="-41.3027190" lon="174.7568640">
    <ele>211.0</ele>
   </trkpt>
   <trkpt lat="-41.3027210" lon="174.7568410">
    <ele>211.0</ele>
   </trkpt>
   <trkpt lat="-41.3027230" lon="174.7568180">
    <ele>211.0</ele>
   </trkpt>
   <trkpt lat="-41.3027220" lon="174.7567930">
    <ele>211.0</ele>
   </trkpt>
   <trkpt lat="-41.3027210" lon="174.7567680">
    <ele>211.0</ele>
   </trkpt>
   <trkpt lat="-41.3027170" lon="174.7567440">
    <ele>211.0</ele>
   </trkpt>
   <trkpt lat="-41.3027130" lon="174.7567190">
    <ele>211.0</ele>
   </trkpt>
   <trkpt lat="-41.3027080" lon="174.7566970">
    <ele>211.0</ele>
   </trkpt>
   <trkpt lat="-41.3027030" lon="174.7566750">
    <ele>212.0</ele>
   </trkpt>
   <trkpt lat="-41.3026950" lon="174.7566530">
    <ele>212.0</ele>
   </trkpt>
   <trkpt lat="-41.3026870" lon="174.7566320">
    <ele>212.0</ele>
   </trkpt>
   <trkpt lat="-41.3026780" lon="174.7566120">
    <ele>212.0</ele>
   </trkpt>
   <trkpt lat="-41.3026690" lon="174.7565930">
    <ele>212.0</ele>
   </trkpt>
   <trkpt lat="-41.3026630" lon="174.7565750">
    <ele>212.0</ele>
   </trkpt>
   <trkpt lat="-41.3026560" lon="174.7565570">
    <ele>212.0</ele>
   </trkpt>
   <trkpt lat="-41.3026530" lon="174.7565370">
    <ele>212.0</ele>
   </trkpt>
   <trkpt lat="-41.3026500" lon="174.7565180">
    <ele>212.0</ele>
   </trkpt>
   <trkpt lat="-41.3026500" lon="174.7564970">
    <ele>212.0</ele>
   </trkpt>
   <trkpt lat="-41.3026490" lon="174.7564770">
    <ele>212.0</ele>
   </trkpt>
   <trkpt lat="-41.3026510" lon="174.7564580">
    <ele>212.0</ele>
   </trkpt>
   <trkpt lat="-41.3026520" lon="174.7564390">
    <ele>212.0</ele>
   </trkpt>
   <trkpt lat="-41.3026520" lon="174.7564230">
    <ele>212.0</ele>
   </trkpt>
   <trkpt lat="-41.3026530" lon="174.7564080">
    <ele>212.0</ele>
   </trkpt>
   <trkpt lat="-41.3026500" lon="174.7563960">
    <ele>212.0</ele>
   </trkpt>
   <trkpt lat="-41.3026480" lon="174.7563830">
    <ele>212.0</ele>
   </trkpt>
   <trkpt lat="-41.3026420" lon="174.7563720">
    <ele>212.0</ele>
   </trkpt>
   <trkpt lat="-41.3026370" lon="174.7563620">
    <ele>212.0</ele>
   </trkpt>
   <trkpt lat="-41.3026290" lon="174.7563510">
    <ele>212.0</ele>
   </trkpt>
   <trkpt lat="-41.3026210" lon="174.7563400">
    <ele>212.0</ele>
   </trkpt>
   <trkpt lat="-41.3026110" lon="174.7563320">
    <ele>212.0</ele>
   </trkpt>
   <trkpt lat="-41.3026010" lon="174.7563230">
    <ele>212.0</ele>
   </trkpt>
   <trkpt lat="-41.3025900" lon="174.7563160">
    <ele>212.0</ele>
   </trkpt>
   <trkpt lat="-41.3025800" lon="174.7563090">
    <ele>212.0</ele>
   </trkpt>
   <trkpt lat="-41.3025700" lon="174.7563020">
    <ele>213.0</ele>
   </trkpt>
   <trkpt lat="-41.3025610" lon="174.7562950">
    <ele>213.0</ele>
   </trkpt>
   <trkpt lat="-41.3025520" lon="174.7562880">
    <ele>213.0</ele>
   </trkpt>
   <trkpt lat="-41.3025440" lon="174.7562810">
    <ele>213.0</ele>
   </trkpt>
   <trkpt lat="-41.3025340" lon="174.7562740">
    <ele>213.0</ele>
   </trkpt>
   <trkpt lat="-41.3025240" lon="174.7562670">
    <ele>213.0</ele>
   </trkpt>
   <trkpt lat="-41.3025100" lon="174.7562610">
    <ele>213.0</ele>
   </trkpt>
   <trkpt lat="-41.3024960" lon="174.7562550">
    <ele>213.0</ele>
   </trkpt>
   <trkpt lat="-41.3024760" lon="174.7562500">
    <ele>214.0</ele>
   </trkpt>
   <trkpt lat="-41.3024560" lon="174.7562450">
    <ele>214.0</ele>
   </trkpt>
   <trkpt lat="-41.3024300" lon="174.7562430">
    <ele>215.0</ele>
   </trkpt>
   <trkpt lat="-41.3024040" lon="174.7562410">
    <ele>215.0</ele>
   </trkpt>
   <trkpt lat="-41.3023750" lon="174.7562370">
    <ele>215.0</ele>
   </trkpt>
   <trkpt lat="-41.3023450" lon="174.7562320">
    <ele>215.0</ele>
   </trkpt>
   <trkpt lat="-41.3023160" lon="174.7562270">
    <ele>215.0</ele>
   </trkpt>
   <trkpt lat="-41.3022860" lon="174.7562230">
    <ele>216.0</ele>
   </trkpt>
   <trkpt lat="-41.3022650" lon="174.7562190">
    <ele>216.0</ele>
   </trkpt>
   <trkpt lat="-41.3022430" lon="174.7562140">
    <ele>216.0</ele>
   </trkpt>
   <trkpt lat="-41.3022300" lon="174.7562080">
    <ele>216.0</ele>
   </trkpt>
   <trkpt lat="-41.3022170" lon="174.7562020">
    <ele>216.0</ele>
   </trkpt>
   <trkpt lat="-41.3022100" lon="174.7561910">
    <ele>217.0</ele>
   </trkpt>
   <trkpt lat="-41.3022030" lon="174.7561800">
    <ele>217.0</ele>
   </trkpt>
   <trkpt lat="-41.3022010" lon="174.7561660">
    <ele>217.0</ele>
   </trkpt>
   <trkpt lat="-41.3021980" lon="174.7561510">
    <ele>217.0</ele>
   </trkpt>
   <trkpt lat="-41.3021990" lon="174.7561340">
    <ele>217.0</ele>
   </trkpt>
   <trkpt lat="-41.3021990" lon="174.7561160">
    <ele>217.0</ele>
   </trkpt>
   <trkpt lat="-41.3022030" lon="174.7560950">
    <ele>217.0</ele>
   </trkpt>
   <trkpt lat="-41.3022070" lon="174.7560740">
    <ele>217.0</ele>
   </trkpt>
   <trkpt lat="-41.3022120" lon="174.7560510">
    <ele>217.0</ele>
   </trkpt>
   <trkpt lat="-41.3022180" lon="174.7560270">
    <ele>217.0</ele>
   </trkpt>
   <trkpt lat="-41.3022250" lon="174.7560060">
    <ele>218.0</ele>
   </trkpt>
   <trkpt lat="-41.3022310" lon="174.7559840">
    <ele>218.0</ele>
   </trkpt>
   <trkpt lat="-41.3022360" lon="174.7559670">
    <ele>218.0</ele>
   </trkpt>
   <trkpt lat="-41.3022410" lon="174.7559510">
    <ele>218.0</ele>
   </trkpt>
   <trkpt lat="-41.3022420" lon="174.7559350">
    <ele>218.0</ele>
   </trkpt>
   <trkpt lat="-41.3022440" lon="174.7559200">
    <ele>218.0</ele>
   </trkpt>
   <trkpt lat="-41.3022430" lon="174.7559040">
    <ele>218.0</ele>
   </trkpt>
   <trkpt lat="-41.3022430" lon="174.7558880">
    <ele>218.0</ele>
   </trkpt>
   <trkpt lat="-41.3022380" lon="174.7558730">
    <ele>218.0</ele>
   </trkpt>
   <trkpt lat="-41.3022340" lon="174.7558580">
    <ele>218.0</ele>
   </trkpt>
   <trkpt lat="-41.3022250" lon="174.7558430">
    <ele>219.0</ele>
   </trkpt>
   <trkpt lat="-41.3022160" lon="174.7558290">
    <ele>219.0</ele>
   </trkpt>
   <trkpt lat="-41.3022020" lon="174.7558140">
    <ele>219.0</ele>
   </trkpt>
   <trkpt lat="-41.3021870" lon="174.7557990">
    <ele>219.0</ele>
   </trkpt>
   <trkpt lat="-41.3021710" lon="174.7557850">
    <ele>219.0</ele>
   </trkpt>
   <trkpt lat="-41.3021540" lon="174.7557710">
    <ele>219.0</ele>
   </trkpt>
   <trkpt lat="-41.3021360" lon="174.7557560">
    <ele>219.0</ele>
   </trkpt>
   <trkpt lat="-41.3021180" lon="174.7557410">
    <ele>219.0</ele>
   </trkpt>
   <trkpt lat="-41.3020980" lon="174.7557250">
    <ele>219.0</ele>
   </trkpt>
   <trkpt lat="-41.3020780" lon="174.7557090">
    <ele>219.0</ele>
   </trkpt>
   <trkpt lat="-41.3020590" lon="174.7556890">
    <ele>220.0</ele>
   </trkpt>
   <trkpt lat="-41.3020410" lon="174.7556690">
    <ele>220.0</ele>
   </trkpt>
   <trkpt lat="-41.3020290" lon="174.7556430">
    <ele>220.0</ele>
   </trkpt>
   <trkpt lat="-41.3020170" lon="174.7556170">
    <ele>220.0</ele>
   </trkpt>
   <trkpt lat="-41.3020110" lon="174.7555880">
    <ele>220.0</ele>
   </trkpt>
   <trkpt lat="-41.3020050" lon="174.7555600">
    <ele>220.0</ele>
   </trkpt>
   <trkpt lat="-41.3020040" lon="174.7555310">
    <ele>220.0</ele>
   </trkpt>
   <trkpt lat="-41.3020030" lon="174.7555020">
    <ele>220.0</ele>
   </trkpt>
   <trkpt lat="-41.3020020" lon="174.7554730">
    <ele>220.0</ele>
   </trkpt>
   <trkpt lat="-41.3020020" lon="174.7554440">
    <ele>220.0</ele>
   </trkpt>
   <trkpt lat="-41.3019990" lon="174.7554160">
    <ele>220.0</ele>
   </trkpt>
   <trkpt lat="-41.3019960" lon="174.7553870">
    <ele>220.0</ele>
   </trkpt>
   <trkpt lat="-41.3019890" lon="174.7553590">
    <ele>220.0</ele>
   </trkpt>
   <trkpt lat="-41.3019820" lon="174.7553300">
    <ele>220.0</ele>
   </trkpt>
   <trkpt lat="-41.3019750" lon="174.7552980">
    <ele>220.0</ele>
   </trkpt>
   <trkpt lat="-41.3019680" lon="174.7552660">
    <ele>221.0</ele>
   </trkpt>
   <trkpt lat="-41.3019680" lon="174.7552330">
    <ele>221.0</ele>
   </trkpt>
   <trkpt lat="-41.3019680" lon="174.7551990">
    <ele>221.0</ele>
   </trkpt>
   <trkpt lat="-41.3019770" lon="174.7551680">
    <ele>221.0</ele>
   </trkpt>
   <trkpt lat="-41.3019860" lon="174.7551370">
    <ele>221.0</ele>
   </trkpt>
   <trkpt lat="-41.3020030" lon="174.7551130">
    <ele>221.0</ele>
   </trkpt>
   <trkpt lat="-41.3020200" lon="174.7550880">
    <ele>221.0</ele>
   </trkpt>
   <trkpt lat="-41.3020390" lon="174.7550690">
    <ele>221.0</ele>
   </trkpt>
   <trkpt lat="-41.3020590" lon="174.7550490">
    <ele>221.0</ele>
   </trkpt>
   <trkpt lat="-41.3020780" lon="174.7550330">
    <ele>221.0</ele>
   </trkpt>
   <trkpt lat="-41.3020970" lon="174.7550170">
    <ele>221.0</ele>
   </trkpt>
   <trkpt lat="-41.3021180" lon="174.7550040">
    <ele>221.0</ele>
   </trkpt>
   <trkpt lat="-41.3021390" lon="174.7549910">
    <ele>221.0</ele>
   </trkpt>
   <trkpt lat="-41.3021610" lon="174.7549800">
    <ele>221.0</ele>
   </trkpt>
   <trkpt lat="-41.3021830" lon="174.7549700">
    <ele>221.0</ele>
   </trkpt>
   <trkpt lat="-41.3022070" lon="174.7549610">
    <ele>222.0</ele>
   </trkpt>
   <trkpt lat="-41.3022310" lon="174.7549520">
    <ele>222.0</ele>
   </trkpt>
   <trkpt lat="-41.3022550" lon="174.7549450">
    <ele>222.0</ele>
   </trkpt>
   <trkpt lat="-41.3022790" lon="174.7549370">
    <ele>222.0</ele>
   </trkpt>
   <trkpt lat="-41.3023030" lon="174.7549270">
    <ele>222.0</ele>
   </trkpt>
   <trkpt lat="-41.3023260" lon="174.7549170">
    <ele>222.0</ele>
   </trkpt>
   <trkpt lat="-41.3023480" lon="174.7549090">
    <ele>221.0</ele>
   </trkpt>
   <trkpt lat="-41.3023690" lon="174.7549000">
    <ele>221.0</ele>
   </trkpt>
   <trkpt lat="-41.3023840" lon="174.7549000">
    <ele>221.0</ele>
   </trkpt>
   <trkpt lat="-41.3024000" lon="174.7549000">
    <ele>221.0</ele>
   </trkpt>
   <trkpt lat="-41.3024100" lon="174.7549090">
    <ele>221.0</ele>
   </trkpt>
   <trkpt lat="-41.3024200" lon="174.7549180">
    <ele>221.0</ele>
   </trkpt>
   <trkpt lat="-41.3024290" lon="174.7549320">
    <ele>221.0</ele>
   </trkpt>
   <trkpt lat="-41.3024370" lon="174.7549460">
    <ele>221.0</ele>
   </trkpt>
   <trkpt lat="-41.3024490" lon="174.7549620">
    <ele>221.0</ele>
   </trkpt>
   <trkpt lat="-41.3024600" lon="174.7549780">
    <ele>221.0</ele>
   </trkpt>
   <trkpt lat="-41.3024750" lon="174.7549930">
    <ele>221.0</ele>
   </trkpt>
   <trkpt lat="-41.3024890" lon="174.7550070">
    <ele>221.0</ele>
   </trkpt>
   <trkpt lat="-41.3025040" lon="174.7550200">
    <ele>221.0</ele>
   </trkpt>
   <trkpt lat="-41.3025190" lon="174.7550320">
    <ele>221.0</ele>
   </trkpt>
   <trkpt lat="-41.3025340" lon="174.7550420">
    <ele>221.0</ele>
   </trkpt>
   <trkpt lat="-41.3025480" lon="174.7550520">
    <ele>220.0</ele>
   </trkpt>
   <trkpt lat="-41.3025610" lon="174.7550610">
    <ele>220.0</ele>
   </trkpt>
   <trkpt lat="-41.3025750" lon="174.7550710">
    <ele>220.0</ele>
   </trkpt>
   <trkpt lat="-41.3025880" lon="174.7550780">
    <ele>220.0</ele>
   </trkpt>
   <trkpt lat="-41.3026010" lon="174.7550860">
    <ele>220.0</ele>
   </trkpt>
   <trkpt lat="-41.3026140" lon="174.7550900">
    <ele>220.0</ele>
   </trkpt>
   <trkpt lat="-41.3026270" lon="174.7550940">
    <ele>220.0</ele>
   </trkpt>
   <trkpt lat="-41.3026420" lon="174.7550950">
    <ele>220.0</ele>
   </trkpt>
   <trkpt lat="-41.3026560" lon="174.7550960">
    <ele>220.0</ele>
   </trkpt>
   <trkpt lat="-41.3026730" lon="174.7550950">
    <ele>221.0</ele>
   </trkpt>
   <trkpt lat="-41.3026890" lon="174.7550950">
    <ele>221.0</ele>
   </trkpt>
   <trkpt lat="-41.3027080" lon="174.7550900">
    <ele>221.0</ele>
   </trkpt>
   <trkpt lat="-41.3027280" lon="174.7550860">
    <ele>221.0</ele>
   </trkpt>
   <trkpt lat="-41.3027510" lon="174.7550810">
    <ele>221.0</ele>
   </trkpt>
   <trkpt lat="-41.3027750" lon="174.7550760">
    <ele>222.0</ele>
   </trkpt>
   <trkpt lat="-41.3028000" lon="174.7550700">
    <ele>222.0</ele>
   </trkpt>
   <trkpt lat="-41.3028260" lon="174.7550630">
    <ele>222.0</ele>
   </trkpt>
   <trkpt lat="-41.3028530" lon="174.7550550">
    <ele>222.0</ele>
   </trkpt>
   <trkpt lat="-41.3028800" lon="174.7550460">
    <ele>222.0</ele>
   </trkpt>
   <trkpt lat="-41.3029000" lon="174.7550330">
    <ele>222.0</ele>
   </trkpt>
   <trkpt lat="-41.3029200" lon="174.7550190">
    <ele>222.0</ele>
   </trkpt>
   <trkpt lat="-41.3029290" lon="174.7549970">
    <ele>222.0</ele>
   </trkpt>
   <trkpt lat="-41.3029380" lon="174.7549740">
    <ele>222.0</ele>
   </trkpt>
   <trkpt lat="-41.3029410" lon="174.7549450">
    <ele>222.0</ele>
   </trkpt>
   <trkpt lat="-41.3029430" lon="174.7549170">
    <ele>223.0</ele>
   </trkpt>
   <trkpt lat="-41.3029460" lon="174.7548830">
    <ele>223.0</ele>
   </trkpt>
   <trkpt lat="-41.3029480" lon="174.7548500">
    <ele>223.0</ele>
   </trkpt>
   <trkpt lat="-41.3029560" lon="174.7548150">
    <ele>223.0</ele>
   </trkpt>
   <trkpt lat="-41.3029640" lon="174.7547800">
    <ele>223.0</ele>
   </trkpt>
   <trkpt lat="-41.3029790" lon="174.7547500">
    <ele>223.0</ele>
   </trkpt>
   <trkpt lat="-41.3029930" lon="174.7547210">
    <ele>223.0</ele>
   </trkpt>
   <trkpt lat="-41.3030100" lon="174.7547000">
    <ele>223.0</ele>
   </trkpt>
   <trkpt lat="-41.3030260" lon="174.7546800">
    <ele>223.0</ele>
   </trkpt>
   <trkpt lat="-41.3030410" lon="174.7546650">
    <ele>223.0</ele>
   </trkpt>
   <trkpt lat="-41.3030560" lon="174.7546500">
    <ele>224.0</ele>
   </trkpt>
   <trkpt lat="-41.3030690" lon="174.7546370">
    <ele>224.0</ele>
   </trkpt>
   <trkpt lat="-41.3030820" lon="174.7546240">
    <ele>224.0</ele>
   </trkpt>
   <trkpt lat="-41.3030920" lon="174.7546090">
    <ele>224.0</ele>
   </trkpt>
   <trkpt lat="-41.3031020" lon="174.7545940">
    <ele>224.0</ele>
   </trkpt>
   <trkpt lat="-41.3031100" lon="174.7545750">
    <ele>224.0</ele>
   </trkpt>
   <trkpt lat="-41.3031180" lon="174.7545570">
    <ele>224.0</ele>
   </trkpt>
   <trkpt lat="-41.3031250" lon="174.7545350">
    <ele>224.0</ele>
   </trkpt>
   <trkpt lat="-41.3031310" lon="174.7545130">
    <ele>224.0</ele>
   </trkpt>
   <trkpt lat="-41.3031330" lon="174.7544880">
    <ele>224.0</ele>
   </trkpt>
   <trkpt lat="-41.3031350" lon="174.7544640">
    <ele>225.0</ele>
   </trkpt>
   <trkpt lat="-41.3031340" lon="174.7544360">
    <ele>225.0</ele>
   </trkpt>
   <trkpt lat="-41.3031330" lon="174.7544080">
    <ele>225.0</ele>
   </trkpt>
   <trkpt lat="-41.3031330" lon="174.7543810">
    <ele>225.0</ele>
   </trkpt>
   <trkpt lat="-41.3031330" lon="174.7543540">
    <ele>225.0</ele>
   </trkpt>
   <trkpt lat="-41.3031350" lon="174.7543290">
    <ele>225.0</ele>
   </trkpt>
   <trkpt lat="-41.3031370" lon="174.7543050">
    <ele>225.0</ele>
   </trkpt>
   <trkpt lat="-41.3031410" lon="174.7542830">
    <ele>225.0</ele>
   </trkpt>
   <trkpt lat="-41.3031450" lon="174.7542620">
    <ele>225.0</ele>
   </trkpt>
   <trkpt lat="-41.3031510" lon="174.7542440">
    <ele>225.0</ele>
   </trkpt>
   <trkpt lat="-41.3031560" lon="174.7542270">
    <ele>226.0</ele>
   </trkpt>
   <trkpt lat="-41.3031630" lon="174.7542140">
    <ele>226.0</ele>
   </trkpt>
   <trkpt lat="-41.3031700" lon="174.7542010">
    <ele>226.0</ele>
   </trkpt>
   <trkpt lat="-41.3031800" lon="174.7541910">
    <ele>226.0</ele>
   </trkpt>
   <trkpt lat="-41.3031890" lon="174.7541810">
    <ele>226.0</ele>
   </trkpt>
   <trkpt lat="-41.3032000" lon="174.7541750">
    <ele>226.0</ele>
   </trkpt>
   <trkpt lat="-41.3032100" lon="174.7541690">
    <ele>226.0</ele>
   </trkpt>
   <trkpt lat="-41.3032220" lon="174.7541650">
    <ele>226.0</ele>
   </trkpt>
   <trkpt lat="-41.3032330" lon="174.7541620">
    <ele>226.0</ele>
   </trkpt>
   <trkpt lat="-41.3032480" lon="174.7541570">
    <ele>226.0</ele>
   </trkpt>
   <trkpt lat="-41.3032630" lon="174.7541520">
    <ele>227.0</ele>
   </trkpt>
   <trkpt lat="-41.3032820" lon="174.7541440">
    <ele>227.0</ele>
   </trkpt>
   <trkpt lat="-41.3033010" lon="174.7541360">
    <ele>227.0</ele>
   </trkpt>
   <trkpt lat="-41.3033240" lon="174.7541240">
    <ele>227.0</ele>
   </trkpt>
   <trkpt lat="-41.3033480" lon="174.7541110">
    <ele>227.0</ele>
   </trkpt>
   <trkpt lat="-41.3033690" lon="174.7540980">
    <ele>228.0</ele>
   </trkpt>
   <trkpt lat="-41.3033910" lon="174.7540840">
    <ele>228.0</ele>
   </trkpt>
   <trkpt lat="-41.3034080" lon="174.7540730">
    <ele>228.0</ele>
   </trkpt>
   <trkpt lat="-41.3034250" lon="174.7540630">
    <ele>228.0</ele>
   </trkpt>
   <trkpt lat="-41.3034380" lon="174.7540530">
    <ele>228.0</ele>
   </trkpt>
   <trkpt lat="-41.3034500" lon="174.7540430">
    <ele>228.0</ele>
   </trkpt>
   <trkpt lat="-41.3034620" lon="174.7540360">
    <ele>228.0</ele>
   </trkpt>
   <trkpt lat="-41.3034730" lon="174.7540280">
    <ele>228.0</ele>
   </trkpt>
   <trkpt lat="-41.3034850" lon="174.7540230">
    <ele>228.0</ele>
   </trkpt>
   <trkpt lat="-41.3034960" lon="174.7540180">
    <ele>228.0</ele>
   </trkpt>
   <trkpt lat="-41.3035090" lon="174.7540160">
    <ele>229.0</ele>
   </trkpt>
   <trkpt lat="-41.3035220" lon="174.7540140">
    <ele>229.0</ele>
   </trkpt>
   <trkpt lat="-41.3035380" lon="174.7540130">
    <ele>229.0</ele>
   </trkpt>
   <trkpt lat="-41.3035540" lon="174.7540110">
    <ele>229.0</ele>
   </trkpt>
   <trkpt lat="-41.3035720" lon="174.7540060">
    <ele>229.0</ele>
   </trkpt>
   <trkpt lat="-41.3035910" lon="174.7540010">
    <ele>229.0</ele>
   </trkpt>
   <trkpt lat="-41.3036090" lon="174.7539920">
    <ele>229.0</ele>
   </trkpt>
   <trkpt lat="-41.3036280" lon="174.7539830">
    <ele>229.0</ele>
   </trkpt>
   <trkpt lat="-41.3036460" lon="174.7539720">
    <ele>229.0</ele>
   </trkpt>
   <trkpt lat="-41.3036650" lon="174.7539610">
    <ele>229.0</ele>
   </trkpt>
   <trkpt lat="-41.3036810" lon="174.7539490">
    <ele>230.0</ele>
   </trkpt>
   <trkpt lat="-41.3036980" lon="174.7539360">
    <ele>230.0</ele>
   </trkpt>
   <trkpt lat="-41.3037130" lon="174.7539240">
    <ele>230.0</ele>
   </trkpt>
   <trkpt lat="-41.3037280" lon="174.7539120">
    <ele>230.0</ele>
   </trkpt>
   <trkpt lat="-41.3037430" lon="174.7538960">
    <ele>230.0</ele>
   </trkpt>
   <trkpt lat="-41.3037580" lon="174.7538810">
    <ele>230.0</ele>
   </trkpt>
   <trkpt lat="-41.3037730" lon="174.7538570">
    <ele>230.0</ele>
   </trkpt>
   <trkpt lat="-41.3037870" lon="174.7538340">
    <ele>230.0</ele>
   </trkpt>
   <trkpt lat="-41.3038000" lon="174.7538040">
    <ele>230.0</ele>
   </trkpt>
   <trkpt lat="-41.3038120" lon="174.7537750">
    <ele>230.0</ele>
   </trkpt>
   <trkpt lat="-41.3038220" lon="174.7537470">
    <ele>230.0</ele>
   </trkpt>
   <trkpt lat="-41.3038310" lon="174.7537190">
    <ele>230.0</ele>
   </trkpt>
   <trkpt lat="-41.3038350" lon="174.7537060">
    <ele>230.0</ele>
   </trkpt>
   <trkpt lat="-41.3038390" lon="174.7536930">
    <ele>230.0</ele>
   </trkpt>
   <trkpt lat="-41.3038440" lon="174.7536760">
    <ele>230.0</ele>
   </trkpt>
   <trkpt lat="-41.3038490" lon="174.7536590">
    <ele>231.0</ele>
   </trkpt>
   <trkpt lat="-41.3038520" lon="174.7536460">
    <ele>231.0</ele>
   </trkpt>
   <trkpt lat="-41.3038560" lon="174.7536320">
    <ele>231.0</ele>
   </trkpt>
   <trkpt lat="-41.3038570" lon="174.7536190">
    <ele>231.0</ele>
   </trkpt>
   <trkpt lat="-41.3038580" lon="174.7536070">
    <ele>231.0</ele>
   </trkpt>
   <trkpt lat="-41.3038570" lon="174.7535940">
    <ele>231.0</ele>
   </trkpt>
   <trkpt lat="-41.3038560" lon="174.7535810">
    <ele>231.0</ele>
   </trkpt>
   <trkpt lat="-41.3038540" lon="174.7535680">
    <ele>231.0</ele>
   </trkpt>
   <trkpt lat="-41.3038520" lon="174.7535550">
    <ele>231.0</ele>
   </trkpt>
   <trkpt lat="-41.3038500" lon="174.7535400">
    <ele>231.0</ele>
   </trkpt>
   <trkpt lat="-41.3038470" lon="174.7535240">
    <ele>231.0</ele>
   </trkpt>
   <trkpt lat="-41.3038460" lon="174.7535060">
    <ele>231.0</ele>
   </trkpt>
   <trkpt lat="-41.3038450" lon="174.7534870">
    <ele>231.0</ele>
   </trkpt>
   <trkpt lat="-41.3038440" lon="174.7534670">
    <ele>231.0</ele>
   </trkpt>
   <trkpt lat="-41.3038440" lon="174.7534480">
    <ele>231.0</ele>
   </trkpt>
   <trkpt lat="-41.3038430" lon="174.7534300">
    <ele>231.0</ele>
   </trkpt>
   <trkpt lat="-41.3038430" lon="174.7534110">
    <ele>231.0</ele>
   </trkpt>
   <trkpt lat="-41.3038430" lon="174.7533940">
    <ele>231.0</ele>
   </trkpt>
   <trkpt lat="-41.3038440" lon="174.7533770">
    <ele>231.0</ele>
   </trkpt>
   <trkpt lat="-41.3038440" lon="174.7533600">
    <ele>231.0</ele>
   </trkpt>
   <trkpt lat="-41.3038450" lon="174.7533440">
    <ele>232.0</ele>
   </trkpt>
   <trkpt lat="-41.3038450" lon="174.7533280">
    <ele>232.0</ele>
   </trkpt>
   <trkpt lat="-41.3038440" lon="174.7533130">
    <ele>232.0</ele>
   </trkpt>
   <trkpt lat="-41.3038430" lon="174.7532950">
    <ele>232.0</ele>
   </trkpt>
   <trkpt lat="-41.3038420" lon="174.7532770">
    <ele>232.0</ele>
   </trkpt>
   <trkpt lat="-41.3038390" lon="174.7532560">
    <ele>232.0</ele>
   </trkpt>
   <trkpt lat="-41.3038370" lon="174.7532350">
    <ele>232.0</ele>
   </trkpt>
   <trkpt lat="-41.3038310" lon="174.7532150">
    <ele>232.0</ele>
   </trkpt>
   <trkpt lat="-41.3038260" lon="174.7531950">
    <ele>232.0</ele>
   </trkpt>
   <trkpt lat="-41.3038170" lon="174.7531820">
    <ele>232.0</ele>
   </trkpt>
   <trkpt lat="-41.3038070" lon="174.7531680">
    <ele>233.0</ele>
   </trkpt>
   <trkpt lat="-41.3037960" lon="174.7531610">
    <ele>233.0</ele>
   </trkpt>
   <trkpt lat="-41.3037860" lon="174.7531530">
    <ele>233.0</ele>
   </trkpt>
   <trkpt lat="-41.3037730" lon="174.7531500">
    <ele>233.0</ele>
   </trkpt>
   <trkpt lat="-41.3037600" lon="174.7531470">
    <ele>233.0</ele>
   </trkpt>
   <trkpt lat="-41.3037460" lon="174.7531430">
    <ele>233.0</ele>
   </trkpt>
   <trkpt lat="-41.3037330" lon="174.7531390">
    <ele>233.0</ele>
   </trkpt>
   <trkpt lat="-41.3037190" lon="174.7531310">
    <ele>233.0</ele>
   </trkpt>
   <trkpt lat="-41.3037050" lon="174.7531220">
    <ele>233.0</ele>
   </trkpt>
   <trkpt lat="-41.3036900" lon="174.7531120">
    <ele>233.0</ele>
   </trkpt>
   <trkpt lat="-41.3036750" lon="174.7531010">
    <ele>234.0</ele>
   </trkpt>
   <trkpt lat="-41.3036600" lon="174.7530900">
    <ele>234.0</ele>
   </trkpt>
   <trkpt lat="-41.3036450" lon="174.7530790">
    <ele>234.0</ele>
   </trkpt>
   <trkpt lat="-41.3036300" lon="174.7530680">
    <ele>234.0</ele>
   </trkpt>
   <trkpt lat="-41.3036140" lon="174.7530560">
    <ele>234.0</ele>
   </trkpt>
   <trkpt lat="-41.3035970" lon="174.7530420">
    <ele>234.0</ele>
   </trkpt>
   <trkpt lat="-41.3035800" lon="174.7530280">
    <ele>234.0</ele>
   </trkpt>
   <trkpt lat="-41.3035620" lon="174.7530120">
    <ele>234.0</ele>
   </trkpt>
   <trkpt lat="-41.3035440" lon="174.7529970">
    <ele>234.0</ele>
   </trkpt>
   <trkpt lat="-41.3035270" lon="174.7529830">
    <ele>234.0</ele>
   </trkpt>
   <trkpt lat="-41.3035090" lon="174.7529690">
    <ele>235.0</ele>
   </trkpt>
   <trkpt lat="-41.3034930" lon="174.7529560">
    <ele>235.0</ele>
   </trkpt>
   <trkpt lat="-41.3034760" lon="174.7529440">
    <ele>235.0</ele>
   </trkpt>
   <trkpt lat="-41.3034600" lon="174.7529300">
    <ele>235.0</ele>
   </trkpt>
   <trkpt lat="-41.3034450" lon="174.7529170">
    <ele>235.0</ele>
   </trkpt>
   <trkpt lat="-41.3034300" lon="174.7529030">
    <ele>236.0</ele>
   </trkpt>
   <trkpt lat="-41.3034150" lon="174.7528900">
    <ele>236.0</ele>
   </trkpt>
   <trkpt lat="-41.3034020" lon="174.7528760">
    <ele>236.0</ele>
   </trkpt>
   <trkpt lat="-41.3033890" lon="174.7528630">
    <ele>236.0</ele>
   </trkpt>
   <trkpt lat="-41.3033760" lon="174.7528510">
    <ele>236.0</ele>
   </trkpt>
   <trkpt lat="-41.3033630" lon="174.7528380">
    <ele>236.0</ele>
   </trkpt>
   <trkpt lat="-41.3033470" lon="174.7528240">
    <ele>236.0</ele>
   </trkpt>
   <trkpt lat="-41.3033310" lon="174.7528100">
    <ele>236.0</ele>
   </trkpt>
   <trkpt lat="-41.3033130" lon="174.7527920">
    <ele>236.0</ele>
   </trkpt>
   <trkpt lat="-41.3032960" lon="174.7527750">
    <ele>236.0</ele>
   </trkpt>
   <trkpt lat="-41.3032790" lon="174.7527560">
    <ele>237.0</ele>
   </trkpt>
   <trkpt lat="-41.3032620" lon="174.7527380">
    <ele>237.0</ele>
   </trkpt>
   <trkpt lat="-41.3032440" lon="174.7527210">
    <ele>237.0</ele>
   </trkpt>
   <trkpt lat="-41.3032270" lon="174.7527040">
    <ele>237.0</ele>
   </trkpt>
   <trkpt lat="-41.3032080" lon="174.7526890">
    <ele>237.0</ele>
   </trkpt>
   <trkpt lat="-41.3031900" lon="174.7526740">
    <ele>237.0</ele>
   </trkpt>
   <trkpt lat="-41.3031710" lon="174.7526580">
    <ele>237.0</ele>
   </trkpt>
   <trkpt lat="-41.3031520" lon="174.7526430">
    <ele>237.0</ele>
   </trkpt>
   <trkpt lat="-41.3031360" lon="174.7526270">
    <ele>237.0</ele>
   </trkpt>
   <trkpt lat="-41.3031190" lon="174.7526110">
    <ele>237.0</ele>
   </trkpt>
   <trkpt lat="-41.3031120" lon="174.7525910">
    <ele>238.0</ele>
   </trkpt>
   <trkpt lat="-41.3031050" lon="174.7525720">
    <ele>238.0</ele>
   </trkpt>
   <trkpt lat="-41.3031090" lon="174.7525510">
    <ele>238.0</ele>
   </trkpt>
   <trkpt lat="-41.3031120" lon="174.7525300">
    <ele>238.0</ele>
   </trkpt>
   <trkpt lat="-41.3031220" lon="174.7525130">
    <ele>238.0</ele>
   </trkpt>
   <trkpt lat="-41.3031330" lon="174.7524950">
    <ele>239.0</ele>
   </trkpt>
   <trkpt lat="-41.3031460" lon="174.7524780">
    <ele>239.0</ele>
   </trkpt>
   <trkpt lat="-41.3031600" lon="174.7524610">
    <ele>239.0</ele>
   </trkpt>
   <trkpt lat="-41.3031760" lon="174.7524460">
    <ele>239.0</ele>
   </trkpt>
   <trkpt lat="-41.3031910" lon="174.7524310">
    <ele>239.0</ele>
   </trkpt>
   <trkpt lat="-41.3032070" lon="174.7524200">
    <ele>240.0</ele>
   </trkpt>
   <trkpt lat="-41.3032230" lon="174.7524090">
    <ele>240.0</ele>
   </trkpt>
   <trkpt lat="-41.3032360" lon="174.7523990">
    <ele>240.0</ele>
   </trkpt>
   <trkpt lat="-41.3032490" lon="174.7523910">
    <ele>240.0</ele>
   </trkpt>
   <trkpt lat="-41.3032540" lon="174.7523890">
    <ele>240.0</ele>
   </trkpt>
   <trkpt lat="-41.3032590" lon="174.7523870">
    <ele>241.0</ele>
   </trkpt>
   <trkpt lat="-41.3032610" lon="174.7523870">
    <ele>241.0</ele>
   </trkpt>
   <trkpt lat="-41.3032630" lon="174.7523870">
    <ele>241.0</ele>
   </trkpt>
   <trkpt lat="-41.3032600" lon="174.7523910">
    <ele>241.0</ele>
   </trkpt>
   <trkpt lat="-41.3032560" lon="174.7523950">
    <ele>241.0</ele>
   </trkpt>
   <trkpt lat="-41.3032480" lon="174.7524000">
    <ele>242.0</ele>
   </trkpt>
   <trkpt lat="-41.3032400" lon="174.7524060">
    <ele>242.0</ele>
   </trkpt>
   <trkpt lat="-41.3032290" lon="174.7524110">
    <ele>242.0</ele>
   </trkpt>
   <trkpt lat="-41.3032190" lon="174.7524160">
    <ele>242.0</ele>
   </trkpt>
   <trkpt lat="-41.3032080" lon="174.7524200">
    <ele>242.0</ele>
   </trkpt>
   <trkpt lat="-41.3031970" lon="174.7524240">
    <ele>242.0</ele>
   </trkpt>
   <trkpt lat="-41.3031870" lon="174.7524330">
    <ele>242.0</ele>
   </trkpt>
   <trkpt lat="-41.3031780" lon="174.7524420">
    <ele>242.0</ele>
   </trkpt>
   <trkpt lat="-41.3031730" lon="174.7524580">
    <ele>242.0</ele>
   </trkpt>
   <trkpt lat="-41.3031690" lon="174.7524730">
    <ele>242.0</ele>
   </trkpt>
   <trkpt lat="-41.3031720" lon="174.7524900">
    <ele>243.0</ele>
   </trkpt>
   <trkpt lat="-41.3031740" lon="174.7525070">
    <ele>243.0</ele>
   </trkpt>
   <trkpt lat="-41.3031850" lon="174.7525210">
    <ele>243.0</ele>
   </trkpt>
   <trkpt lat="-41.3031950" lon="174.7525350">
    <ele>243.0</ele>
   </trkpt>
   <trkpt lat="-41.3032100" lon="174.7525480">
    <ele>243.0</ele>
   </trkpt>
   <trkpt lat="-41.3032250" lon="174.7525600">
    <ele>243.0</ele>
   </trkpt>
   <trkpt lat="-41.3032420" lon="174.7525710">
    <ele>243.0</ele>
   </trkpt>
   <trkpt lat="-41.3032590" lon="174.7525820">
    <ele>243.0</ele>
   </trkpt>
   <trkpt lat="-41.3032760" lon="174.7525910">
    <ele>243.0</ele>
   </trkpt>
   <trkpt lat="-41.3032940" lon="174.7526000">
    <ele>243.0</ele>
   </trkpt>
   <trkpt lat="-41.3033110" lon="174.7526120">
    <ele>244.0</ele>
   </trkpt>
   <trkpt lat="-41.3033280" lon="174.7526240">
    <ele>244.0</ele>
   </trkpt>
   <trkpt lat="-41.3033450" lon="174.7526360">
    <ele>244.0</ele>
   </trkpt>
   <trkpt lat="-41.3033610" lon="174.7526470">
    <ele>244.0</ele>
   </trkpt>
   <trkpt lat="-41.3033790" lon="174.7526580">
    <ele>244.0</ele>
   </trkpt>
   <trkpt lat="-41.3033970" lon="174.7526690">
    <ele>245.0</ele>
   </trkpt>
   <trkpt lat="-41.3034190" lon="174.7526800">
    <ele>245.0</ele>
   </trkpt>
   <trkpt lat="-41.3034420" lon="174.7526910">
    <ele>245.0</ele>
   </trkpt>
   <trkpt lat="-41.3034680" lon="174.7527010">
    <ele>245.0</ele>
   </trkpt>
   <trkpt lat="-41.3034950" lon="174.7527110">
    <ele>245.0</ele>
   </trkpt>
   <trkpt lat="-41.3035230" lon="174.7527170">
    <ele>246.0</ele>
   </trkpt>
   <trkpt lat="-41.3035500" lon="174.7527230">
    <ele>246.0</ele>
   </trkpt>
   <trkpt lat="-41.3035760" lon="174.7527260">
    <ele>246.0</ele>
   </trkpt>
   <trkpt lat="-41.3036020" lon="174.7527300">
    <ele>246.0</ele>
   </trkpt>
   <trkpt lat="-41.3036270" lon="174.7527340">
    <ele>246.0</ele>
   </trkpt>
   <trkpt lat="-41.3036510" lon="174.7527380">
    <ele>247.0</ele>
   </trkpt>
   <trkpt lat="-41.3036730" lon="174.7527410">
    <ele>247.0</ele>
   </trkpt>
   <trkpt lat="-41.3036940" lon="174.7527440">
    <ele>247.0</ele>
   </trkpt>
   <trkpt lat="-41.3037130" lon="174.7527470">
    <ele>247.0</ele>
   </trkpt>
   <trkpt lat="-41.3037320" lon="174.7527500">
    <ele>247.0</ele>
   </trkpt>
   <trkpt lat="-41.3037470" lon="174.7527550">
    <ele>247.0</ele>
   </trkpt>
   <trkpt lat="-41.3037620" lon="174.7527610">
    <ele>247.0</ele>
   </trkpt>
   <trkpt lat="-41.3037750" lon="174.7527710">
    <ele>247.0</ele>
   </trkpt>
   <trkpt lat="-41.3037890" lon="174.7527810">
    <ele>247.0</ele>
   </trkpt>
   <trkpt lat="-41.3038050" lon="174.7527910">
    <ele>247.0</ele>
   </trkpt>
   <trkpt lat="-41.3038200" lon="174.7528000">
    <ele>247.0</ele>
   </trkpt>
   <trkpt lat="-41.3038370" lon="174.7528060">
    <ele>247.0</ele>
   </trkpt>
   <trkpt lat="-41.3038530" lon="174.7528120">
    <ele>247.0</ele>
   </trkpt>
   <trkpt lat="-41.3038700" lon="174.7528160">
    <ele>247.0</ele>
   </trkpt>
   <trkpt lat="-41.3038870" lon="174.7528190">
    <ele>247.0</ele>
   </trkpt>
   <trkpt lat="-41.3039030" lon="174.7528200">
    <ele>248.0</ele>
   </trkpt>
   <trkpt lat="-41.3039190" lon="174.7528200">
    <ele>248.0</ele>
   </trkpt>
   <trkpt lat="-41.3039340" lon="174.7528210">
    <ele>248.0</ele>
   </trkpt>
   <trkpt lat="-41.3039490" lon="174.7528210">
    <ele>248.0</ele>
   </trkpt>
   <trkpt lat="-41.3039620" lon="174.7528210">
    <ele>248.0</ele>
   </trkpt>
   <trkpt lat="-41.3039740" lon="174.7528210">
    <ele>248.0</ele>
   </trkpt>
   <trkpt lat="-41.3039840" lon="174.7528210">
    <ele>248.0</ele>
   </trkpt>
   <trkpt lat="-41.3039940" lon="174.7528220">
    <ele>248.0</ele>
   </trkpt>
   <trkpt lat="-41.3040010" lon="174.7528250">
    <ele>248.0</ele>
   </trkpt>
   <trkpt lat="-41.3040080" lon="174.7528270">
    <ele>248.0</ele>
   </trkpt>
   <trkpt lat="-41.3040150" lon="174.7528300">
    <ele>249.0</ele>
   </trkpt>
   <trkpt lat="-41.3040210" lon="174.7528330">
    <ele>249.0</ele>
   </trkpt>
   <trkpt lat="-41.3040280" lon="174.7528370">
    <ele>249.0</ele>
   </trkpt>
   <trkpt lat="-41.3040360" lon="174.7528420">
    <ele>249.0</ele>
   </trkpt>
   <trkpt lat="-41.3040440" lon="174.7528480">
    <ele>249.0</ele>
   </trkpt>
   <trkpt lat="-41.3040510" lon="174.7528530">
    <ele>250.0</ele>
   </trkpt>
   <trkpt lat="-41.3040590" lon="174.7528620">
    <ele>250.0</ele>
   </trkpt>
   <trkpt lat="-41.3040660" lon="174.7528700">
    <ele>250.0</ele>
   </trkpt>
   <trkpt lat="-41.3040720" lon="174.7528820">
    <ele>250.0</ele>
   </trkpt>
   <trkpt lat="-41.3040780" lon="174.7528940">
    <ele>250.0</ele>
   </trkpt>
   <trkpt lat="-41.3040830" lon="174.7529080">
    <ele>251.0</ele>
   </trkpt>
   <trkpt lat="-41.3040890" lon="174.7529220">
    <ele>251.0</ele>
   </trkpt>
   <trkpt lat="-41.3040930" lon="174.7529360">
    <ele>251.0</ele>
   </trkpt>
   <trkpt lat="-41.3040980" lon="174.7529510">
    <ele>251.0</ele>
   </trkpt>
   <trkpt lat="-41.3041020" lon="174.7529640">
    <ele>251.0</ele>
   </trkpt>
   <trkpt lat="-41.3041060" lon="174.7529770">
    <ele>251.0</ele>
   </trkpt>
   <trkpt lat="-41.3041100" lon="174.7529900">
    <ele>251.0</ele>
   </trkpt>
   <trkpt lat="-41.3041140" lon="174.7530030">
    <ele>251.0</ele>
   </trkpt>
   <trkpt lat="-41.3041190" lon="174.7530240">
    <ele>251.0</ele>
   </trkpt>
   <trkpt lat="-41.3041240" lon="174.7530440">
    <ele>251.0</ele>
   </trkpt>
   <trkpt lat="-41.3041330" lon="174.7530730">
    <ele>251.0</ele>
   </trkpt>
   <trkpt lat="-41.3041410" lon="174.7531020">
    <ele>251.0</ele>
   </trkpt>
   <trkpt lat="-41.3041550" lon="174.7531360">
    <ele>251.0</ele>
   </trkpt>
   <trkpt lat="-41.3041700" lon="174.7531700">
    <ele>251.0</ele>
   </trkpt>
   <trkpt lat="-41.3041880" lon="174.7532020">
    <ele>251.0</ele>
   </trkpt>
   <trkpt lat="-41.3042060" lon="174.7532340">
    <ele>251.0</ele>
   </trkpt>
   <trkpt lat="-41.3042270" lon="174.7532600">
    <ele>251.0</ele>
   </trkpt>
   <trkpt lat="-41.3042480" lon="174.7532870">
    <ele>251.0</ele>
   </trkpt>
   <trkpt lat="-41.3042690" lon="174.7533090">
    <ele>251.0</ele>
   </trkpt>
   <trkpt lat="-41.3042890" lon="174.7533310">
    <ele>251.0</ele>
   </trkpt>
   <trkpt lat="-41.3043090" lon="174.7533500">
    <ele>252.0</ele>
   </trkpt>
   <trkpt lat="-41.3043280" lon="174.7533680">
    <ele>252.0</ele>
   </trkpt>
   <trkpt lat="-41.3043470" lon="174.7533830">
    <ele>252.0</ele>
   </trkpt>
   <trkpt lat="-41.3043650" lon="174.7533990">
    <ele>252.0</ele>
   </trkpt>
   <trkpt lat="-41.3043810" lon="174.7534140">
    <ele>252.0</ele>
   </trkpt>
   <trkpt lat="-41.3043980" lon="174.7534290">
    <ele>252.0</ele>
   </trkpt>
   <trkpt lat="-41.3044110" lon="174.7534470">
    <ele>252.0</ele>
   </trkpt>
   <trkpt lat="-41.3044240" lon="174.7534650">
    <ele>252.0</ele>
   </trkpt>
   <trkpt lat="-41.3044340" lon="174.7534890">
    <ele>252.0</ele>
   </trkpt>
   <trkpt lat="-41.3044430" lon="174.7535120">
    <ele>252.0</ele>
   </trkpt>
   <trkpt lat="-41.3044530" lon="174.7535390">
    <ele>253.0</ele>
   </trkpt>
   <trkpt lat="-41.3044620" lon="174.7535660">
    <ele>253.0</ele>
   </trkpt>
   <trkpt lat="-41.3044710" lon="174.7535940">
    <ele>253.0</ele>
   </trkpt>
   <trkpt lat="-41.3044800" lon="174.7536220">
    <ele>253.0</ele>
   </trkpt>
   <trkpt lat="-41.3044870" lon="174.7536510">
    <ele>253.0</ele>
   </trkpt>
   <trkpt lat="-41.3044950" lon="174.7536790">
    <ele>253.0</ele>
   </trkpt>
   <trkpt lat="-41.3044960" lon="174.7537070">
    <ele>253.0</ele>
   </trkpt>
   <trkpt lat="-41.3044980" lon="174.7537350">
    <ele>253.0</ele>
   </trkpt>
   <trkpt lat="-41.3044960" lon="174.7537620">
    <ele>253.0</ele>
   </trkpt>
   <trkpt lat="-41.3044940" lon="174.7537890">
    <ele>253.0</ele>
   </trkpt>
   <trkpt lat="-41.3044960" lon="174.7538050">
    <ele>254.0</ele>
   </trkpt>
   <trkpt lat="-41.3044980" lon="174.7538210">
    <ele>254.0</ele>
   </trkpt>
   <trkpt lat="-41.3045030" lon="174.7538200">
    <ele>254.0</ele>
   </trkpt>
   <trkpt lat="-41.3045080" lon="174.7538190">
    <ele>254.0</ele>
   </trkpt>
   <trkpt lat="-41.3045140" lon="174.7538090">
    <ele>254.0</ele>
   </trkpt>
   <trkpt lat="-41.3045200" lon="174.7537980">
    <ele>254.0</ele>
   </trkpt>
   <trkpt lat="-41.3045280" lon="174.7537850">
    <ele>254.0</ele>
   </trkpt>
   <trkpt lat="-41.3045350" lon="174.7537710">
    <ele>254.0</ele>
   </trkpt>
   <trkpt lat="-41.3045440" lon="174.7537590">
    <ele>254.0</ele>
   </trkpt>
   <trkpt lat="-41.3045520" lon="174.7537470">
    <ele>254.0</ele>
   </trkpt>
   <trkpt lat="-41.3045600" lon="174.7537340">
    <ele>255.0</ele>
   </trkpt>
   <trkpt lat="-41.3045680" lon="174.7537220">
    <ele>255.0</ele>
   </trkpt>
   <trkpt lat="-41.3045740" lon="174.7537080">
    <ele>255.0</ele>
   </trkpt>
   <trkpt lat="-41.3045800" lon="174.7536950">
    <ele>255.0</ele>
   </trkpt>
   <trkpt lat="-41.3045810" lon="174.7536780">
    <ele>255.0</ele>
   </trkpt>
   <trkpt lat="-41.3045830" lon="174.7536620">
    <ele>255.0</ele>
   </trkpt>
   <trkpt lat="-41.3045830" lon="174.7536440">
    <ele>255.0</ele>
   </trkpt>
   <trkpt lat="-41.3045820" lon="174.7536270">
    <ele>255.0</ele>
   </trkpt>
   <trkpt lat="-41.3045800" lon="174.7536090">
    <ele>255.0</ele>
   </trkpt>
   <trkpt lat="-41.3045780" lon="174.7535920">
    <ele>255.0</ele>
   </trkpt>
   <trkpt lat="-41.3045750" lon="174.7535770">
    <ele>255.0</ele>
   </trkpt>
   <trkpt lat="-41.3045720" lon="174.7535610">
    <ele>255.0</ele>
   </trkpt>
   <trkpt lat="-41.3045700" lon="174.7535460">
    <ele>255.0</ele>
   </trkpt>
   <trkpt lat="-41.3045680" lon="174.7535310">
    <ele>255.0</ele>
   </trkpt>
   <trkpt lat="-41.3045670" lon="174.7535150">
    <ele>255.0</ele>
   </trkpt>
   <trkpt lat="-41.3045660" lon="174.7534980">
    <ele>256.0</ele>
   </trkpt>
   <trkpt lat="-41.3045640" lon="174.7534800">
    <ele>256.0</ele>
   </trkpt>
   <trkpt lat="-41.3045620" lon="174.7534620">
    <ele>256.0</ele>
   </trkpt>
   <trkpt lat="-41.3045570" lon="174.7534450">
    <ele>256.0</ele>
   </trkpt>
   <trkpt lat="-41.3045520" lon="174.7534280">
    <ele>256.0</ele>
   </trkpt>
   <trkpt lat="-41.3045450" lon="174.7534120">
    <ele>257.0</ele>
   </trkpt>
   <trkpt lat="-41.3045370" lon="174.7533960">
    <ele>257.0</ele>
   </trkpt>
   <trkpt lat="-41.3045280" lon="174.7533820">
    <ele>257.0</ele>
   </trkpt>
   <trkpt lat="-41.3045190" lon="174.7533680">
    <ele>257.0</ele>
   </trkpt>
   <trkpt lat="-41.3045100" lon="174.7533550">
    <ele>257.0</ele>
   </trkpt>
   <trkpt lat="-41.3045010" lon="174.7533420">
    <ele>257.0</ele>
   </trkpt>
   <trkpt lat="-41.3044920" lon="174.7533310">
    <ele>257.0</ele>
   </trkpt>
   <trkpt lat="-41.3044830" lon="174.7533190">
    <ele>257.0</ele>
   </trkpt>
   <trkpt lat="-41.3044740" lon="174.7533060">
    <ele>257.0</ele>
   </trkpt>
   <trkpt lat="-41.3044650" lon="174.7532930">
    <ele>257.0</ele>
   </trkpt>
   <trkpt lat="-41.3044560" lon="174.7532800">
    <ele>258.0</ele>
   </trkpt>
   <trkpt lat="-41.3044470" lon="174.7532670">
    <ele>258.0</ele>
   </trkpt>
   <trkpt lat="-41.3044380" lon="174.7532530">
    <ele>258.0</ele>
   </trkpt>
   <trkpt lat="-41.3044290" lon="174.7532390">
    <ele>258.0</ele>
   </trkpt>
   <trkpt lat="-41.3044220" lon="174.7532250">
    <ele>258.0</ele>
   </trkpt>
   <trkpt lat="-41.3044150" lon="174.7532110">
    <ele>259.0</ele>
   </trkpt>
   <trkpt lat="-41.3044110" lon="174.7531950">
    <ele>259.0</ele>
   </trkpt>
   <trkpt lat="-41.3044070" lon="174.7531800">
    <ele>259.0</ele>
   </trkpt>
   <trkpt lat="-41.3044050" lon="174.7531620">
    <ele>259.0</ele>
   </trkpt>
   <trkpt lat="-41.3044030" lon="174.7531450">
    <ele>259.0</ele>
   </trkpt>
   <trkpt lat="-41.3044020" lon="174.7531270">
    <ele>260.0</ele>
   </trkpt>
   <trkpt lat="-41.3044020" lon="174.7531090">
    <ele>260.0</ele>
   </trkpt>
   <trkpt lat="-41.3044040" lon="174.7530910">
    <ele>260.0</ele>
   </trkpt>
   <trkpt lat="-41.3044070" lon="174.7530730">
    <ele>260.0</ele>
   </trkpt>
   <trkpt lat="-41.3044110" lon="174.7530560">
    <ele>260.0</ele>
   </trkpt>
   <trkpt lat="-41.3044150" lon="174.7530390">
    <ele>261.0</ele>
   </trkpt>
   <trkpt lat="-41.3044190" lon="174.7530220">
    <ele>261.0</ele>
   </trkpt>
   <trkpt lat="-41.3044240" lon="174.7530060">
    <ele>261.0</ele>
   </trkpt>
   <trkpt lat="-41.3044300" lon="174.7529910">
    <ele>261.0</ele>
   </trkpt>
   <trkpt lat="-41.3044350" lon="174.7529760">
    <ele>261.0</ele>
   </trkpt>
   <trkpt lat="-41.3044390" lon="174.7529600">
    <ele>262.0</ele>
   </trkpt>
   <trkpt lat="-41.3044430" lon="174.7529430">
    <ele>262.0</ele>
   </trkpt>
   <trkpt lat="-41.3044450" lon="174.7529260">
    <ele>262.0</ele>
   </trkpt>
   <trkpt lat="-41.3044460" lon="174.7529090">
    <ele>262.0</ele>
   </trkpt>
   <trkpt lat="-41.3044470" lon="174.7528920">
    <ele>262.0</ele>
   </trkpt>
   <trkpt lat="-41.3044470" lon="174.7528750">
    <ele>263.0</ele>
   </trkpt>
   <trkpt lat="-41.3044470" lon="174.7528580">
    <ele>263.0</ele>
   </trkpt>
   <trkpt lat="-41.3044470" lon="174.7528410">
    <ele>263.0</ele>
   </trkpt>
   <trkpt lat="-41.3044470" lon="174.7528230">
    <ele>263.0</ele>
   </trkpt>
   <trkpt lat="-41.3044460" lon="174.7528050">
    <ele>263.0</ele>
   </trkpt>
   <trkpt lat="-41.3044440" lon="174.7527870">
    <ele>263.0</ele>
   </trkpt>
   <trkpt lat="-41.3044420" lon="174.7527700">
    <ele>263.0</ele>
   </trkpt>
   <trkpt lat="-41.3044380" lon="174.7527530">
    <ele>263.0</ele>
   </trkpt>
   <trkpt lat="-41.3044350" lon="174.7527360">
    <ele>263.0</ele>
   </trkpt>
   <trkpt lat="-41.3044320" lon="174.7527210">
    <ele>263.0</ele>
   </trkpt>
   <trkpt lat="-41.3044280" lon="174.7527050">
    <ele>264.0</ele>
   </trkpt>
   <trkpt lat="-41.3044230" lon="174.7526900">
    <ele>264.0</ele>
   </trkpt>
   <trkpt lat="-41.3044180" lon="174.7526750">
    <ele>264.0</ele>
   </trkpt>
   <trkpt lat="-41.3044120" lon="174.7526600">
    <ele>264.0</ele>
   </trkpt>
   <trkpt lat="-41.3044060" lon="174.7526450">
    <ele>264.0</ele>
   </trkpt>
   <trkpt lat="-41.3044000" lon="174.7526320">
    <ele>265.0</ele>
   </trkpt>
   <trkpt lat="-41.3043930" lon="174.7526190">
    <ele>265.0</ele>
   </trkpt>
   <trkpt lat="-41.3043830" lon="174.7526090">
    <ele>265.0</ele>
   </trkpt>
   <trkpt lat="-41.3043740" lon="174.7525990">
    <ele>265.0</ele>
   </trkpt>
   <trkpt lat="-41.3043630" lon="174.7525890">
    <ele>265.0</ele>
   </trkpt>
   <trkpt lat="-41.3043520" lon="174.7525800">
    <ele>266.0</ele>
   </trkpt>
   <trkpt lat="-41.3043400" lon="174.7525700">
    <ele>266.0</ele>
   </trkpt>
   <trkpt lat="-41.3043280" lon="174.7525600">
    <ele>266.0</ele>
   </trkpt>
   <trkpt lat="-41.3043160" lon="174.7525500">
    <ele>266.0</ele>
   </trkpt>
   <trkpt lat="-41.3043050" lon="174.7525400">
    <ele>266.0</ele>
   </trkpt>
   <trkpt lat="-41.3042930" lon="174.7525300">
    <ele>266.0</ele>
   </trkpt>
   <trkpt lat="-41.3042820" lon="174.7525200">
    <ele>266.0</ele>
   </trkpt>
   <trkpt lat="-41.3042720" lon="174.7525100">
    <ele>266.0</ele>
   </trkpt>
   <trkpt lat="-41.3042620" lon="174.7524990">
    <ele>266.0</ele>
   </trkpt>
   <trkpt lat="-41.3042520" lon="174.7524870">
    <ele>266.0</ele>
   </trkpt>
   <trkpt lat="-41.3042410" lon="174.7524750">
    <ele>267.0</ele>
   </trkpt>
   <trkpt lat="-41.3042300" lon="174.7524640">
    <ele>267.0</ele>
   </trkpt>
   <trkpt lat="-41.3042190" lon="174.7524520">
    <ele>267.0</ele>
   </trkpt>
   <trkpt lat="-41.3042070" lon="174.7524420">
    <ele>267.0</ele>
   </trkpt>
   <trkpt lat="-41.3041960" lon="174.7524320">
    <ele>267.0</ele>
   </trkpt>
   <trkpt lat="-41.3041840" lon="174.7524230">
    <ele>268.0</ele>
   </trkpt>
   <trkpt lat="-41.3041730" lon="174.7524140">
    <ele>268.0</ele>
   </trkpt>
   <trkpt lat="-41.3041610" lon="174.7524060">
    <ele>268.0</ele>
   </trkpt>
   <trkpt lat="-41.3041490" lon="174.7523970">
    <ele>268.0</ele>
   </trkpt>
   <trkpt lat="-41.3041360" lon="174.7523880">
    <ele>268.0</ele>
   </trkpt>
   <trkpt lat="-41.3041230" lon="174.7523790">
    <ele>269.0</ele>
   </trkpt>
   <trkpt lat="-41.3041100" lon="174.7523710">
    <ele>269.0</ele>
   </trkpt>
   <trkpt lat="-41.3040960" lon="174.7523620">
    <ele>269.0</ele>
   </trkpt>
   <trkpt lat="-41.3040840" lon="174.7523540">
    <ele>269.0</ele>
   </trkpt>
   <trkpt lat="-41.3040710" lon="174.7523460">
    <ele>269.0</ele>
   </trkpt>
   <trkpt lat="-41.3040600" lon="174.7523380">
    <ele>270.0</ele>
   </trkpt>
   <trkpt lat="-41.3040490" lon="174.7523300">
    <ele>270.0</ele>
   </trkpt>
   <trkpt lat="-41.3040400" lon="174.7523210">
    <ele>270.0</ele>
   </trkpt>
   <trkpt lat="-41.3040310" lon="174.7523110">
    <ele>270.0</ele>
   </trkpt>
   <trkpt lat="-41.3040250" lon="174.7522980">
    <ele>270.0</ele>
   </trkpt>
   <trkpt lat="-41.3040190" lon="174.7522850">
    <ele>271.0</ele>
   </trkpt>
   <trkpt lat="-41.3040150" lon="174.7522700">
    <ele>271.0</ele>
   </trkpt>
   <trkpt lat="-41.3040110" lon="174.7522540">
    <ele>271.0</ele>
   </trkpt>
   <trkpt lat="-41.3040090" lon="174.7522380">
    <ele>271.0</ele>
   </trkpt>
   <trkpt lat="-41.3040080" lon="174.7522210">
    <ele>271.0</ele>
   </trkpt>
   <trkpt lat="-41.3040090" lon="174.7522030">
    <ele>271.0</ele>
   </trkpt>
   <trkpt lat="-41.3040100" lon="174.7521860">
    <ele>271.0</ele>
   </trkpt>
   <trkpt lat="-41.3040140" lon="174.7521680">
    <ele>271.0</ele>
   </trkpt>
   <trkpt lat="-41.3040170" lon="174.7521510">
    <ele>271.0</ele>
   </trkpt>
   <trkpt lat="-41.3040220" lon="174.7521340">
    <ele>271.0</ele>
   </trkpt>
   <trkpt lat="-41.3040270" lon="174.7521180">
    <ele>272.0</ele>
   </trkpt>
   <trkpt lat="-41.3040320" lon="174.7521030">
    <ele>272.0</ele>
   </trkpt>
   <trkpt lat="-41.3040380" lon="174.7520880">
    <ele>272.0</ele>
   </trkpt>
   <trkpt lat="-41.3040450" lon="174.7520730">
    <ele>272.0</ele>
   </trkpt>
   <trkpt lat="-41.3040520" lon="174.7520590">
    <ele>272.0</ele>
   </trkpt>
   <trkpt lat="-41.3040600" lon="174.7520450">
    <ele>273.0</ele>
   </trkpt>
   <trkpt lat="-41.3040680" lon="174.7520310">
    <ele>273.0</ele>
   </trkpt>
   <trkpt lat="-41.3040770" lon="174.7520170">
    <ele>273.0</ele>
   </trkpt>
   <trkpt lat="-41.3040860" lon="174.7520030">
    <ele>273.0</ele>
   </trkpt>
   <trkpt lat="-41.3040950" lon="174.7519890">
    <ele>273.0</ele>
   </trkpt>
   <trkpt lat="-41.3041040" lon="174.7519750">
    <ele>274.0</ele>
   </trkpt>
   <trkpt lat="-41.3041120" lon="174.7519600">
    <ele>274.0</ele>
   </trkpt>
   <trkpt lat="-41.3041210" lon="174.7519450">
    <ele>274.0</ele>
   </trkpt>
   <trkpt lat="-41.3041290" lon="174.7519310">
    <ele>274.0</ele>
   </trkpt>
   <trkpt lat="-41.3041370" lon="174.7519160">
    <ele>274.0</ele>
   </trkpt>
   <trkpt lat="-41.3041450" lon="174.7519040">
    <ele>275.0</ele>
   </trkpt>
   <trkpt lat="-41.3041530" lon="174.7518910">
    <ele>275.0</ele>
   </trkpt>
   <trkpt lat="-41.3041600" lon="174.7518790">
    <ele>275.0</ele>
   </trkpt>
   <trkpt lat="-41.3041680" lon="174.7518680">
    <ele>275.0</ele>
   </trkpt>
   <trkpt lat="-41.3041760" lon="174.7518550">
    <ele>275.0</ele>
   </trkpt>
   <trkpt lat="-41.3041840" lon="174.7518420">
    <ele>276.0</ele>
   </trkpt>
   <trkpt lat="-41.3041920" lon="174.7518290">
    <ele>276.0</ele>
   </trkpt>
   <trkpt lat="-41.3042000" lon="174.7518150">
    <ele>276.0</ele>
   </trkpt>
   <trkpt lat="-41.3042070" lon="174.7518000">
    <ele>276.0</ele>
   </trkpt>
   <trkpt lat="-41.3042140" lon="174.7517850">
    <ele>276.0</ele>
   </trkpt>
   <trkpt lat="-41.3042190" lon="174.7517690">
    <ele>276.0</ele>
   </trkpt>
   <trkpt lat="-41.3042250" lon="174.7517530">
    <ele>276.0</ele>
   </trkpt>
   <trkpt lat="-41.3042310" lon="174.7517370">
    <ele>276.0</ele>
   </trkpt>
   <trkpt lat="-41.3042360" lon="174.7517210">
    <ele>276.0</ele>
   </trkpt>
   <trkpt lat="-41.3042440" lon="174.7517050">
    <ele>276.0</ele>
   </trkpt>
   <trkpt lat="-41.3042510" lon="174.7516890">
    <ele>277.0</ele>
   </trkpt>
   <trkpt lat="-41.3042580" lon="174.7516740">
    <ele>277.0</ele>
   </trkpt>
   <trkpt lat="-41.3042660" lon="174.7516580">
    <ele>277.0</ele>
   </trkpt>
   <trkpt lat="-41.3042740" lon="174.7516430">
    <ele>277.0</ele>
   </trkpt>
   <trkpt lat="-41.3042820" lon="174.7516280">
    <ele>277.0</ele>
   </trkpt>
   <trkpt lat="-41.3042880" lon="174.7516110">
    <ele>278.0</ele>
   </trkpt>
   <trkpt lat="-41.3042950" lon="174.7515950">
    <ele>278.0</ele>
   </trkpt>
   <trkpt lat="-41.3043010" lon="174.7515770">
    <ele>278.0</ele>
   </trkpt>
   <trkpt lat="-41.3043080" lon="174.7515590">
    <ele>278.0</ele>
   </trkpt>
   <trkpt lat="-41.3043150" lon="174.7515410">
    <ele>278.0</ele>
   </trkpt>
   <trkpt lat="-41.3043220" lon="174.7515230">
    <ele>279.0</ele>
   </trkpt>
   <trkpt lat="-41.3043290" lon="174.7515060">
    <ele>279.0</ele>
   </trkpt>
   <trkpt lat="-41.3043360" lon="174.7514880">
    <ele>279.0</ele>
   </trkpt>
   <trkpt lat="-41.3043420" lon="174.7514710">
    <ele>279.0</ele>
   </trkpt>
   <trkpt lat="-41.3043490" lon="174.7514530">
    <ele>279.0</ele>
   </trkpt>
   <trkpt lat="-41.3043530" lon="174.7514360">
    <ele>279.0</ele>
   </trkpt>
   <trkpt lat="-41.3043570" lon="174.7514190">
    <ele>279.0</ele>
   </trkpt>
   <trkpt lat="-41.3043580" lon="174.7514020">
    <ele>279.0</ele>
   </trkpt>
   <trkpt lat="-41.3043600" lon="174.7513850">
    <ele>279.0</ele>
   </trkpt>
   <trkpt lat="-41.3043590" lon="174.7513670">
    <ele>279.0</ele>
   </trkpt>
   <trkpt lat="-41.3043580" lon="174.7513500">
    <ele>280.0</ele>
   </trkpt>
   <trkpt lat="-41.3043540" lon="174.7513320">
    <ele>280.0</ele>
   </trkpt>
   <trkpt lat="-41.3043510" lon="174.7513150">
    <ele>280.0</ele>
   </trkpt>
   <trkpt lat="-41.3043450" lon="174.7512970">
    <ele>280.0</ele>
   </trkpt>
   <trkpt lat="-41.3043390" lon="174.7512800">
    <ele>280.0</ele>
   </trkpt>
   <trkpt lat="-41.3043310" lon="174.7512630">
    <ele>281.0</ele>
   </trkpt>
   <trkpt lat="-41.3043230" lon="174.7512470">
    <ele>281.0</ele>
   </trkpt>
   <trkpt lat="-41.3043140" lon="174.7512310">
    <ele>281.0</ele>
   </trkpt>
   <trkpt lat="-41.3043060" lon="174.7512150">
    <ele>281.0</ele>
   </trkpt>
   <trkpt lat="-41.3042970" lon="174.7512000">
    <ele>281.0</ele>
   </trkpt>
   <trkpt lat="-41.3042880" lon="174.7511840">
    <ele>282.0</ele>
   </trkpt>
   <trkpt lat="-41.3042790" lon="174.7511690">
    <ele>282.0</ele>
   </trkpt>
   <trkpt lat="-41.3042700" lon="174.7511540">
    <ele>282.0</ele>
   </trkpt>
   <trkpt lat="-41.3042610" lon="174.7511390">
    <ele>282.0</ele>
   </trkpt>
   <trkpt lat="-41.3042510" lon="174.7511230">
    <ele>282.0</ele>
   </trkpt>
   <trkpt lat="-41.3042420" lon="174.7511070">
    <ele>283.0</ele>
   </trkpt>
   <trkpt lat="-41.3042320" lon="174.7510920">
    <ele>283.0</ele>
   </trkpt>
   <trkpt lat="-41.3042220" lon="174.7510770">
    <ele>283.0</ele>
   </trkpt>
   <trkpt lat="-41.3042130" lon="174.7510620">
    <ele>283.0</ele>
   </trkpt>
   <trkpt lat="-41.3042030" lon="174.7510480">
    <ele>283.0</ele>
   </trkpt>
   <trkpt lat="-41.3041930" lon="174.7510340">
    <ele>283.0</ele>
   </trkpt>
   <trkpt lat="-41.3041840" lon="174.7510200">
    <ele>283.0</ele>
   </trkpt>
   <trkpt lat="-41.3041740" lon="174.7510060">
    <ele>283.0</ele>
   </trkpt>
   <trkpt lat="-41.3041640" lon="174.7509930">
    <ele>283.0</ele>
   </trkpt>
   <trkpt lat="-41.3041540" lon="174.7509790">
    <ele>283.0</ele>
   </trkpt>
   <trkpt lat="-41.3041440" lon="174.7509650">
    <ele>284.0</ele>
   </trkpt>
   <trkpt lat="-41.3041350" lon="174.7509510">
    <ele>284.0</ele>
   </trkpt>
   <trkpt lat="-41.3041240" lon="174.7509370">
    <ele>284.0</ele>
   </trkpt>
   <trkpt lat="-41.3041130" lon="174.7509230">
    <ele>284.0</ele>
   </trkpt>
   <trkpt lat="-41.3041030" lon="174.7509080">
    <ele>284.0</ele>
   </trkpt>
   <trkpt lat="-41.3040930" lon="174.7508940">
    <ele>285.0</ele>
   </trkpt>
   <trkpt lat="-41.3040840" lon="174.7508790">
    <ele>285.0</ele>
   </trkpt>
   <trkpt lat="-41.3040750" lon="174.7508650">
    <ele>285.0</ele>
   </trkpt>
   <trkpt lat="-41.3040660" lon="174.7508500">
    <ele>285.0</ele>
   </trkpt>
   <trkpt lat="-41.3040580" lon="174.7508350">
    <ele>285.0</ele>
   </trkpt>
   <trkpt lat="-41.3040500" lon="174.7508190">
    <ele>286.0</ele>
   </trkpt>
   <trkpt lat="-41.3040420" lon="174.7508030">
    <ele>286.0</ele>
   </trkpt>
   <trkpt lat="-41.3040340" lon="174.7507870">
    <ele>286.0</ele>
   </trkpt>
   <trkpt lat="-41.3040270" lon="174.7507710">
    <ele>286.0</ele>
   </trkpt>
   <trkpt lat="-41.3040190" lon="174.7507560">
    <ele>286.0</ele>
   </trkpt>
   <trkpt lat="-41.3040110" lon="174.7507400">
    <ele>287.0</ele>
   </trkpt>
   <trkpt lat="-41.3040020" lon="174.7507250">
    <ele>287.0</ele>
   </trkpt>
   <trkpt lat="-41.3039930" lon="174.7507100">
    <ele>287.0</ele>
   </trkpt>
   <trkpt lat="-41.3039850" lon="174.7506950">
    <ele>287.0</ele>
   </trkpt>
   <trkpt lat="-41.3039760" lon="174.7506810">
    <ele>287.0</ele>
   </trkpt>
   <trkpt lat="-41.3039670" lon="174.7506650">
    <ele>288.0</ele>
   </trkpt>
   <trkpt lat="-41.3039590" lon="174.7506500">
    <ele>288.0</ele>
   </trkpt>
   <trkpt lat="-41.3039510" lon="174.7506340">
    <ele>288.0</ele>
   </trkpt>
   <trkpt lat="-41.3039430" lon="174.7506190">
    <ele>288.0</ele>
   </trkpt>
   <trkpt lat="-41.3039340" lon="174.7506030">
    <ele>288.0</ele>
   </trkpt>
   <trkpt lat="-41.3039250" lon="174.7505870">
    <ele>288.0</ele>
   </trkpt>
   <trkpt lat="-41.3039160" lon="174.7505710">
    <ele>288.0</ele>
   </trkpt>
   <trkpt lat="-41.3039060" lon="174.7505560">
    <ele>288.0</ele>
   </trkpt>
   <trkpt lat="-41.3038970" lon="174.7505410">
    <ele>288.0</ele>
   </trkpt>
   <trkpt lat="-41.3038890" lon="174.7505260">
    <ele>288.0</ele>
   </trkpt>
   <trkpt lat="-41.3038810" lon="174.7505110">
    <ele>289.0</ele>
   </trkpt>
   <trkpt lat="-41.3038740" lon="174.7504950">
    <ele>289.0</ele>
   </trkpt>
   <trkpt lat="-41.3038690" lon="174.7504790">
    <ele>289.0</ele>
   </trkpt>
   <trkpt lat="-41.3038630" lon="174.7504630">
    <ele>289.0</ele>
   </trkpt>
   <trkpt lat="-41.3038590" lon="174.7504450">
    <ele>289.0</ele>
   </trkpt>
   <trkpt lat="-41.3038550" lon="174.7504270">
    <ele>290.0</ele>
   </trkpt>
   <trkpt lat="-41.3038530" lon="174.7504080">
    <ele>290.0</ele>
   </trkpt>
   <trkpt lat="-41.3038510" lon="174.7503880">
    <ele>290.0</ele>
   </trkpt>
   <trkpt lat="-41.3038480" lon="174.7503690">
    <ele>290.0</ele>
   </trkpt>
   <trkpt lat="-41.3038460" lon="174.7503490">
    <ele>290.0</ele>
   </trkpt>
   <trkpt lat="-41.3038430" lon="174.7503300">
    <ele>291.0</ele>
   </trkpt>
   <trkpt lat="-41.3038400" lon="174.7503120">
    <ele>291.0</ele>
   </trkpt>
   <trkpt lat="-41.3038370" lon="174.7502940">
    <ele>291.0</ele>
   </trkpt>
   <trkpt lat="-41.3038340" lon="174.7502760">
    <ele>291.0</ele>
   </trkpt>
   <trkpt lat="-41.3038300" lon="174.7502580">
    <ele>291.0</ele>
   </trkpt>
   <trkpt lat="-41.3038250" lon="174.7502410">
    <ele>291.0</ele>
   </trkpt>
   <trkpt lat="-41.3038200" lon="174.7502230">
    <ele>291.0</ele>
   </trkpt>
   <trkpt lat="-41.3038150" lon="174.7502060">
    <ele>291.0</ele>
   </trkpt>
   <trkpt lat="-41.3038100" lon="174.7501890">
    <ele>291.0</ele>
   </trkpt>
   <trkpt lat="-41.3038050" lon="174.7501730">
    <ele>291.0</ele>
   </trkpt>
   <trkpt lat="-41.3038000" lon="174.7501570">
    <ele>292.0</ele>
   </trkpt>
   <trkpt lat="-41.3037950" lon="174.7501420">
    <ele>292.0</ele>
   </trkpt>
   <trkpt lat="-41.3037890" lon="174.7501280">
    <ele>292.0</ele>
   </trkpt>
   <trkpt lat="-41.3037830" lon="174.7501140">
    <ele>292.0</ele>
   </trkpt>
   <trkpt lat="-41.3037780" lon="174.7500990">
    <ele>292.0</ele>
   </trkpt>
   <trkpt lat="-41.3037730" lon="174.7500840">
    <ele>293.0</ele>
   </trkpt>
   <trkpt lat="-41.3037680" lon="174.7500670">
    <ele>293.0</ele>
   </trkpt>
   <trkpt lat="-41.3037620" lon="174.7500510">
    <ele>293.0</ele>
   </trkpt>
   <trkpt lat="-41.3037570" lon="174.7500340">
    <ele>293.0</ele>
   </trkpt>
   <trkpt lat="-41.3037520" lon="174.7500180">
    <ele>293.0</ele>
   </trkpt>
   <trkpt lat="-41.3037470" lon="174.7500010">
    <ele>294.0</ele>
   </trkpt>
   <trkpt lat="-41.3037430" lon="174.7499850">
    <ele>294.0</ele>
   </trkpt>
   <trkpt lat="-41.3037370" lon="174.7499680">
    <ele>294.0</ele>
   </trkpt>
   <trkpt lat="-41.3037310" lon="174.7499510">
    <ele>294.0</ele>
   </trkpt>
   <trkpt lat="-41.3037230" lon="174.7499330">
    <ele>294.0</ele>
   </trkpt>
   <trkpt lat="-41.3037160" lon="174.7499150">
    <ele>294.0</ele>
   </trkpt>
   <trkpt lat="-41.3037060" lon="174.7498980">
    <ele>294.0</ele>
   </trkpt>
   <trkpt lat="-41.3036970" lon="174.7498800">
    <ele>294.0</ele>
   </trkpt>
   <trkpt lat="-41.3036860" lon="174.7498630">
    <ele>294.0</ele>
   </trkpt>
   <trkpt lat="-41.3036750" lon="174.7498450">
    <ele>294.0</ele>
   </trkpt>
   <trkpt lat="-41.3036620" lon="174.7498250">
    <ele>295.0</ele>
   </trkpt>
   <trkpt lat="-41.3036490" lon="174.7498050">
    <ele>295.0</ele>
   </trkpt>
   <trkpt lat="-41.3036350" lon="174.7497810">
    <ele>295.0</ele>
   </trkpt>
   <trkpt lat="-41.3036220" lon="174.7497580">
    <ele>295.0</ele>
   </trkpt>
   <trkpt lat="-41.3036100" lon="174.7497320">
    <ele>295.0</ele>
   </trkpt>
   <trkpt lat="-41.3035990" lon="174.7497060">
    <ele>296.0</ele>
   </trkpt>
   <trkpt lat="-41.3035920" lon="174.7496780">
    <ele>296.0</ele>
   </trkpt>
   <trkpt lat="-41.3035840" lon="174.7496500">
    <ele>296.0</ele>
   </trkpt>
   <trkpt lat="-41.3035820" lon="174.7496200">
    <ele>296.0</ele>
   </trkpt>
   <trkpt lat="-41.3035800" lon="174.7495900">
    <ele>296.0</ele>
   </trkpt>
   <trkpt lat="-41.3035830" lon="174.7495600">
    <ele>297.0</ele>
   </trkpt>
   <trkpt lat="-41.3035870" lon="174.7495310">
    <ele>297.0</ele>
   </trkpt>
   <trkpt lat="-41.3035970" lon="174.7495030">
    <ele>297.0</ele>
   </trkpt>
   <trkpt lat="-41.3036070" lon="174.7494760">
    <ele>297.0</ele>
   </trkpt>
   <trkpt lat="-41.3036220" lon="174.7494520">
    <ele>297.0</ele>
   </trkpt>
   <trkpt lat="-41.3036380" lon="174.7494290">
    <ele>298.0</ele>
   </trkpt>
   <trkpt lat="-41.3036570" lon="174.7494080">
    <ele>298.0</ele>
   </trkpt>
   <trkpt lat="-41.3036770" lon="174.7493880">
    <ele>298.0</ele>
   </trkpt>
   <trkpt lat="-41.3036980" lon="174.7493690">
    <ele>298.0</ele>
   </trkpt>
   <trkpt lat="-41.3037200" lon="174.7493510">
    <ele>298.0</ele>
   </trkpt>
   <trkpt lat="-41.3037400" lon="174.7493360">
    <ele>299.0</ele>
   </trkpt>
   <trkpt lat="-41.3037600" lon="174.7493220">
    <ele>299.0</ele>
   </trkpt>
   <trkpt lat="-41.3037780" lon="174.7493120">
    <ele>299.0</ele>
   </trkpt>
   <trkpt lat="-41.3037970" lon="174.7493010">
    <ele>299.0</ele>
   </trkpt>
   <trkpt lat="-41.3038150" lon="174.7492920">
    <ele>299.0</ele>
   </trkpt>
   <trkpt lat="-41.3038330" lon="174.7492830">
    <ele>300.0</ele>
   </trkpt>
   <trkpt lat="-41.3038520" lon="174.7492720">
    <ele>300.0</ele>
   </trkpt>
   <trkpt lat="-41.3038710" lon="174.7492620">
    <ele>300.0</ele>
   </trkpt>
   <trkpt lat="-41.3038930" lon="174.7492510">
    <ele>300.0</ele>
   </trkpt>
   <trkpt lat="-41.3039140" lon="174.7492390">
    <ele>300.0</ele>
   </trkpt>
   <trkpt lat="-41.3039360" lon="174.7492260">
    <ele>300.0</ele>
   </trkpt>
   <trkpt lat="-41.3039580" lon="174.7492140">
    <ele>300.0</ele>
   </trkpt>
   <trkpt lat="-41.3039800" lon="174.7492010">
    <ele>300.0</ele>
   </trkpt>
   <trkpt lat="-41.3040010" lon="174.7491880">
    <ele>300.0</ele>
   </trkpt>
   <trkpt lat="-41.3040240" lon="174.7491770">
    <ele>300.0</ele>
   </trkpt>
   <trkpt lat="-41.3040460" lon="174.7491660">
    <ele>301.0</ele>
   </trkpt>
   <trkpt lat="-41.3040690" lon="174.7491600">
    <ele>301.0</ele>
   </trkpt>
   <trkpt lat="-41.3040910" lon="174.7491530">
    <ele>301.0</ele>
   </trkpt>
   <trkpt lat="-41.3041140" lon="174.7491520">
    <ele>301.0</ele>
   </trkpt>
   <trkpt lat="-41.3041370" lon="174.7491500">
    <ele>301.0</ele>
   </trkpt>
   <trkpt lat="-41.3041590" lon="174.7491520">
    <ele>301.0</ele>
   </trkpt>
   <trkpt lat="-41.3041820" lon="174.7491540">
    <ele>301.0</ele>
   </trkpt>
   <trkpt lat="-41.3042050" lon="174.7491560">
    <ele>301.0</ele>
   </trkpt>
   <trkpt lat="-41.3042270" lon="174.7491580">
    <ele>301.0</ele>
   </trkpt>
   <trkpt lat="-41.3042510" lon="174.7491590">
    <ele>301.0</ele>
   </trkpt>
   <trkpt lat="-41.3042740" lon="174.7491600">
    <ele>301.0</ele>
   </trkpt>
   <trkpt lat="-41.3042960" lon="174.7491610">
    <ele>301.0</ele>
   </trkpt>
   <trkpt lat="-41.3043190" lon="174.7491620">
    <ele>301.0</ele>
   </trkpt>
   <trkpt lat="-41.3043390" lon="174.7491620">
    <ele>301.0</ele>
   </trkpt>
   <trkpt lat="-41.3043580" lon="174.7491630">
    <ele>301.0</ele>
   </trkpt>
   <trkpt lat="-41.3043750" lon="174.7491640">
    <ele>301.0</ele>
   </trkpt>
   <trkpt lat="-41.3043920" lon="174.7491650">
    <ele>301.0</ele>
   </trkpt>
   <trkpt lat="-41.3044070" lon="174.7491670">
    <ele>301.0</ele>
   </trkpt>
   <trkpt lat="-41.3044220" lon="174.7491690">
    <ele>301.0</ele>
   </trkpt>
   <trkpt lat="-41.3044360" lon="174.7491700">
    <ele>301.0</ele>
   </trkpt>
   <trkpt lat="-41.3044500" lon="174.7491710">
    <ele>301.0</ele>
   </trkpt>
   <trkpt lat="-41.3044650" lon="174.7491730">
    <ele>301.0</ele>
   </trkpt>
   <trkpt lat="-41.3044800" lon="174.7491750">
    <ele>301.0</ele>
   </trkpt>
   <trkpt lat="-41.3044980" lon="174.7491780">
    <ele>301.0</ele>
   </trkpt>
   <trkpt lat="-41.3045150" lon="174.7491810">
    <ele>301.0</ele>
   </trkpt>
   <trkpt lat="-41.3045360" lon="174.7491850">
    <ele>302.0</ele>
   </trkpt>
   <trkpt lat="-41.3045570" lon="174.7491890">
    <ele>302.0</ele>
   </trkpt>
   <trkpt lat="-41.3045790" lon="174.7491930">
    <ele>302.0</ele>
   </trkpt>
   <trkpt lat="-41.3046020" lon="174.7491970">
    <ele>302.0</ele>
   </trkpt>
   <trkpt lat="-41.3046250" lon="174.7492000">
    <ele>302.0</ele>
   </trkpt>
   <trkpt lat="-41.3046480" lon="174.7492020">
    <ele>303.0</ele>
   </trkpt>
   <trkpt lat="-41.3046720" lon="174.7492010">
    <ele>303.0</ele>
   </trkpt>
   <trkpt lat="-41.3046960" lon="174.7492010">
    <ele>303.0</ele>
   </trkpt>
   <trkpt lat="-41.3047220" lon="174.7491970">
    <ele>303.0</ele>
   </trkpt>
   <trkpt lat="-41.3047480" lon="174.7491940">
    <ele>303.0</ele>
   </trkpt>
   <trkpt lat="-41.3047750" lon="174.7491850">
    <ele>303.0</ele>
   </trkpt>
   <trkpt lat="-41.3048020" lon="174.7491770">
    <ele>303.0</ele>
   </trkpt>
   <trkpt lat="-41.3048280" lon="174.7491610">
    <ele>303.0</ele>
   </trkpt>
   <trkpt lat="-41.3048540" lon="174.7491450">
    <ele>303.0</ele>
   </trkpt>
   <trkpt lat="-41.3048730" lon="174.7491210">
    <ele>303.0</ele>
   </trkpt>
   <trkpt lat="-41.3048930" lon="174.7490980">
    <ele>303.0</ele>
   </trkpt>
   <trkpt lat="-41.3049030" lon="174.7490670">
    <ele>303.0</ele>
   </trkpt>
   <trkpt lat="-41.3049140" lon="174.7490360">
    <ele>303.0</ele>
   </trkpt>
   <trkpt lat="-41.3049160" lon="174.7490010">
    <ele>303.0</ele>
   </trkpt>
   <trkpt lat="-41.3049180" lon="174.7489660">
    <ele>303.0</ele>
   </trkpt>
   <trkpt lat="-41.3049180" lon="174.7489300">
    <ele>303.0</ele>
   </trkpt>
   <trkpt lat="-41.3049170" lon="174.7488940">
    <ele>302.0</ele>
   </trkpt>
   <trkpt lat="-41.3049170" lon="174.7488590">
    <ele>302.0</ele>
   </trkpt>
   <trkpt lat="-41.3049160" lon="174.7488240">
    <ele>302.0</ele>
   </trkpt>
   <trkpt lat="-41.3049170" lon="174.7487900">
    <ele>302.0</ele>
   </trkpt>
   <trkpt lat="-41.3049180" lon="174.7487570">
    <ele>302.0</ele>
   </trkpt>
   <trkpt lat="-41.3049200" lon="174.7487240">
    <ele>302.0</ele>
   </trkpt>
   <trkpt lat="-41.3049220" lon="174.7486910">
    <ele>302.0</ele>
   </trkpt>
   <trkpt lat="-41.3049230" lon="174.7486580">
    <ele>302.0</ele>
   </trkpt>
   <trkpt lat="-41.3049250" lon="174.7486260">
    <ele>302.0</ele>
   </trkpt>
   <trkpt lat="-41.3049270" lon="174.7485950">
    <ele>302.0</ele>
   </trkpt>
   <trkpt lat="-41.3049290" lon="174.7485640">
    <ele>302.0</ele>
   </trkpt>
   <trkpt lat="-41.3049330" lon="174.7485330">
    <ele>302.0</ele>
   </trkpt>
   <trkpt lat="-41.3049360" lon="174.7485030">
    <ele>302.0</ele>
   </trkpt>
   <trkpt lat="-41.3049430" lon="174.7484730">
    <ele>302.0</ele>
   </trkpt>
   <trkpt lat="-41.3049500" lon="174.7484440">
    <ele>303.0</ele>
   </trkpt>
   <trkpt lat="-41.3049590" lon="174.7484150">
    <ele>303.0</ele>
   </trkpt>
   <trkpt lat="-41.3049690" lon="174.7483870">
    <ele>303.0</ele>
   </trkpt>
   <trkpt lat="-41.3049800" lon="174.7483610">
    <ele>303.0</ele>
   </trkpt>
   <trkpt lat="-41.3049900" lon="174.7483350">
    <ele>303.0</ele>
   </trkpt>
   <trkpt lat="-41.3050020" lon="174.7483120">
    <ele>303.0</ele>
   </trkpt>
   <trkpt lat="-41.3050130" lon="174.7482880">
    <ele>303.0</ele>
   </trkpt>
   <trkpt lat="-41.3050260" lon="174.7482650">
    <ele>303.0</ele>
   </trkpt>
   <trkpt lat="-41.3050390" lon="174.7482420">
    <ele>303.0</ele>
   </trkpt>
   <trkpt lat="-41.3050530" lon="174.7482170">
    <ele>303.0</ele>
   </trkpt>
   <trkpt lat="-41.3050670" lon="174.7481920">
    <ele>303.0</ele>
   </trkpt>
   <trkpt lat="-41.3050830" lon="174.7481700">
    <ele>302.0</ele>
   </trkpt>
   <trkpt lat="-41.3050990" lon="174.7481470">
    <ele>302.0</ele>
   </trkpt>
   <trkpt lat="-41.3051180" lon="174.7481320">
    <ele>302.0</ele>
   </trkpt>
   <trkpt lat="-41.3051370" lon="174.7481180">
    <ele>302.0</ele>
   </trkpt>
   <trkpt lat="-41.3051570" lon="174.7481110">
    <ele>302.0</ele>
   </trkpt>
   <trkpt lat="-41.3051770" lon="174.7481050">
    <ele>302.0</ele>
   </trkpt>
   <trkpt lat="-41.3051990" lon="174.7481030">
    <ele>302.0</ele>
   </trkpt>
   <trkpt lat="-41.3052200" lon="174.7481010">
    <ele>302.0</ele>
   </trkpt>
   <trkpt lat="-41.3052420" lon="174.7481020">
    <ele>302.0</ele>
   </trkpt>
   <trkpt lat="-41.3052640" lon="174.7481020">
    <ele>302.0</ele>
   </trkpt>
   <trkpt lat="-41.3052860" lon="174.7480990">
    <ele>301.0</ele>
   </trkpt>
   <trkpt lat="-41.3053090" lon="174.7480960">
    <ele>301.0</ele>
   </trkpt>
   <trkpt lat="-41.3053330" lon="174.7480880">
    <ele>301.0</ele>
   </trkpt>
   <trkpt lat="-41.3053570" lon="174.7480790">
    <ele>301.0</ele>
   </trkpt>
   <trkpt lat="-41.3053810" lon="174.7480660">
    <ele>301.0</ele>
   </trkpt>
   <trkpt lat="-41.3054040" lon="174.7480520">
    <ele>300.0</ele>
   </trkpt>
   <trkpt lat="-41.3054260" lon="174.7480390">
    <ele>300.0</ele>
   </trkpt>
   <trkpt lat="-41.3054470" lon="174.7480260">
    <ele>300.0</ele>
   </trkpt>
   <trkpt lat="-41.3054670" lon="174.7480190">
    <ele>300.0</ele>
   </trkpt>
   <trkpt lat="-41.3054860" lon="174.7480120">
    <ele>300.0</ele>
   </trkpt>
   <trkpt lat="-41.3055040" lon="174.7480120">
    <ele>299.0</ele>
   </trkpt>
   <trkpt lat="-41.3055220" lon="174.7480110">
    <ele>299.0</ele>
   </trkpt>
   <trkpt lat="-41.3055390" lon="174.7480130">
    <ele>299.0</ele>
   </trkpt>
   <trkpt lat="-41.3055560" lon="174.7480150">
    <ele>299.0</ele>
   </trkpt>
   <trkpt lat="-41.3055710" lon="174.7480180">
    <ele>299.0</ele>
   </trkpt>
   <trkpt lat="-41.3055860" lon="174.7480200">
    <ele>298.0</ele>
   </trkpt>
   <trkpt lat="-41.3055980" lon="174.7480220">
    <ele>298.0</ele>
   </trkpt>
   <trkpt lat="-41.3056100" lon="174.7480240">
    <ele>298.0</ele>
   </trkpt>
   <trkpt lat="-41.3056240" lon="174.7480270">
    <ele>298.0</ele>
   </trkpt>
   <trkpt lat="-41.3056380" lon="174.7480310">
    <ele>298.0</ele>
   </trkpt>
   <trkpt lat="-41.3056530" lon="174.7480350">
    <ele>297.0</ele>
   </trkpt>
   <trkpt lat="-41.3056690" lon="174.7480390">
    <ele>297.0</ele>
   </trkpt>
   <trkpt lat="-41.3056850" lon="174.7480410">
    <ele>297.0</ele>
   </trkpt>
   <trkpt lat="-41.3057010" lon="174.7480420">
    <ele>297.0</ele>
   </trkpt>
   <trkpt lat="-41.3057210" lon="174.7480420">
    <ele>297.0</ele>
   </trkpt>
   <trkpt lat="-41.3057400" lon="174.7480420">
    <ele>297.0</ele>
   </trkpt>
   <trkpt lat="-41.3057600" lon="174.7480410">
    <ele>297.0</ele>
   </trkpt>
   <trkpt lat="-41.3057800" lon="174.7480410">
    <ele>297.0</ele>
   </trkpt>
   <trkpt lat="-41.3057980" lon="174.7480380">
    <ele>297.0</ele>
   </trkpt>
   <trkpt lat="-41.3058160" lon="174.7480350">
    <ele>297.0</ele>
   </trkpt>
   <trkpt lat="-41.3058340" lon="174.7480310">
    <ele>297.0</ele>
   </trkpt>
   <trkpt lat="-41.3058510" lon="174.7480270">
    <ele>297.0</ele>
   </trkpt>
   <trkpt lat="-41.3058680" lon="174.7480240">
    <ele>297.0</ele>
   </trkpt>
   <trkpt lat="-41.3058860" lon="174.7480200">
    <ele>297.0</ele>
   </trkpt>
   <trkpt lat="-41.3059050" lon="174.7480170">
    <ele>297.0</ele>
   </trkpt>
   <trkpt lat="-41.3059240" lon="174.7480130">
    <ele>297.0</ele>
   </trkpt>
   <trkpt lat="-41.3059440" lon="174.7480100">
    <ele>297.0</ele>
   </trkpt>
   <trkpt lat="-41.3059640" lon="174.7480080">
    <ele>297.0</ele>
   </trkpt>
   <trkpt lat="-41.3059880" lon="174.7480060">
    <ele>297.0</ele>
   </trkpt>
   <trkpt lat="-41.3060120" lon="174.7480030">
    <ele>298.0</ele>
   </trkpt>
   <trkpt lat="-41.3060370" lon="174.7480010">
    <ele>298.0</ele>
   </trkpt>
   <trkpt lat="-41.3060630" lon="174.7479990">
    <ele>298.0</ele>
   </trkpt>
   <trkpt lat="-41.3060880" lon="174.7479970">
    <ele>298.0</ele>
   </trkpt>
   <trkpt lat="-41.3061130" lon="174.7479950">
    <ele>298.0</ele>
   </trkpt>
   <trkpt lat="-41.3061330" lon="174.7479930">
    <ele>298.0</ele>
   </trkpt>
   <trkpt lat="-41.3061540" lon="174.7479910">
    <ele>298.0</ele>
   </trkpt>
   <trkpt lat="-41.3061710" lon="174.7479890">
    <ele>298.0</ele>
   </trkpt>
   <trkpt lat="-41.3061890" lon="174.7479880">
    <ele>298.0</ele>
   </trkpt>
   <trkpt lat="-41.3062060" lon="174.7479870">
    <ele>298.0</ele>
   </trkpt>
   <trkpt lat="-41.3062230" lon="174.7479870">
    <ele>298.0</ele>
   </trkpt>
   <trkpt lat="-41.3062400" lon="174.7479870">
    <ele>298.0</ele>
   </trkpt>
   <trkpt lat="-41.3062580" lon="174.7479880">
    <ele>298.0</ele>
   </trkpt>
   <trkpt lat="-41.3062780" lon="174.7479880">
    <ele>298.0</ele>
   </trkpt>
   <trkpt lat="-41.3062990" lon="174.7479880">
    <ele>298.0</ele>
   </trkpt>
   <trkpt lat="-41.3063230" lon="174.7479870">
    <ele>298.0</ele>
   </trkpt>
   <trkpt lat="-41.3063470" lon="174.7479870">
    <ele>298.0</ele>
   </trkpt>
   <trkpt lat="-41.3063710" lon="174.7479870">
    <ele>298.0</ele>
   </trkpt>
   <trkpt lat="-41.3063940" lon="174.7479870">
    <ele>298.0</ele>
   </trkpt>
   <trkpt lat="-41.3064150" lon="174.7479890">
    <ele>298.0</ele>
   </trkpt>
   <trkpt lat="-41.3064350" lon="174.7479910">
    <ele>298.0</ele>
   </trkpt>
   <trkpt lat="-41.3064520" lon="174.7479940">
    <ele>298.0</ele>
   </trkpt>
   <trkpt lat="-41.3064700" lon="174.7479960">
    <ele>298.0</ele>
   </trkpt>
   <trkpt lat="-41.3064880" lon="174.7479990">
    <ele>298.0</ele>
   </trkpt>
   <trkpt lat="-41.3065060" lon="174.7480020">
    <ele>298.0</ele>
   </trkpt>
   <trkpt lat="-41.3065260" lon="174.7480040">
    <ele>298.0</ele>
   </trkpt>
   <trkpt lat="-41.3065460" lon="174.7480060">
    <ele>298.0</ele>
   </trkpt>
   <trkpt lat="-41.3065670" lon="174.7480060">
    <ele>298.0</ele>
   </trkpt>
   <trkpt lat="-41.3065890" lon="174.7480060">
    <ele>298.0</ele>
   </trkpt>
   <trkpt lat="-41.3066110" lon="174.7480020">
    <ele>298.0</ele>
   </trkpt>
   <trkpt lat="-41.3066320" lon="174.7479980">
    <ele>298.0</ele>
   </trkpt>
   <trkpt lat="-41.3066500" lon="174.7479900">
    <ele>298.0</ele>
   </trkpt>
   <trkpt lat="-41.3066690" lon="174.7479820">
    <ele>298.0</ele>
   </trkpt>
   <trkpt lat="-41.3066850" lon="174.7479720">
    <ele>298.0</ele>
   </trkpt>
   <trkpt lat="-41.3067020" lon="174.7479610">
    <ele>298.0</ele>
   </trkpt>
   <trkpt lat="-41.3067180" lon="174.7479480">
    <ele>298.0</ele>
   </trkpt>
   <trkpt lat="-41.3067350" lon="174.7479350">
    <ele>298.0</ele>
   </trkpt>
   <trkpt lat="-41.3067490" lon="174.7479210">
    <ele>298.0</ele>
   </trkpt>
   <trkpt lat="-41.3067630" lon="174.7479070">
    <ele>298.0</ele>
   </trkpt>
   <trkpt lat="-41.3067760" lon="174.7478950">
    <ele>298.0</ele>
   </trkpt>
   <trkpt lat="-41.3067890" lon="174.7478820">
    <ele>298.0</ele>
   </trkpt>
   <trkpt lat="-41.3068030" lon="174.7478710">
    <ele>298.0</ele>
   </trkpt>
   <trkpt lat="-41.3068170" lon="174.7478600">
    <ele>298.0</ele>
   </trkpt>
   <trkpt lat="-41.3068290" lon="174.7478490">
    <ele>298.0</ele>
   </trkpt>
   <trkpt lat="-41.3068410" lon="174.7478390">
    <ele>298.0</ele>
   </trkpt>
   <trkpt lat="-41.3068510" lon="174.7478260">
    <ele>299.0</ele>
   </trkpt>
   <trkpt lat="-41.3068610" lon="174.7478130">
    <ele>299.0</ele>
   </trkpt>
   <trkpt lat="-41.3068700" lon="174.7477980">
    <ele>299.0</ele>
   </trkpt>
   <trkpt lat="-41.3068790" lon="174.7477820">
    <ele>299.0</ele>
   </trkpt>
   <trkpt lat="-41.3068860" lon="174.7477650">
    <ele>299.0</ele>
   </trkpt>
   <trkpt lat="-41.3068940" lon="174.7477470">
    <ele>299.0</ele>
   </trkpt>
   <trkpt lat="-41.3069040" lon="174.7477280">
    <ele>299.0</ele>
   </trkpt>
   <trkpt lat="-41.3069140" lon="174.7477080">
    <ele>299.0</ele>
   </trkpt>
   <trkpt lat="-41.3069270" lon="174.7476870">
    <ele>299.0</ele>
   </trkpt>
   <trkpt lat="-41.3069400" lon="174.7476650">
    <ele>299.0</ele>
   </trkpt>
   <trkpt lat="-41.3069530" lon="174.7476430">
    <ele>299.0</ele>
   </trkpt>
   <trkpt lat="-41.3069650" lon="174.7476210">
    <ele>299.0</ele>
   </trkpt>
   <trkpt lat="-41.3069730" lon="174.7476000">
    <ele>299.0</ele>
   </trkpt>
   <trkpt lat="-41.3069820" lon="174.7475790">
    <ele>299.0</ele>
   </trkpt>
   <trkpt lat="-41.3069870" lon="174.7475640">
    <ele>299.0</ele>
   </trkpt>
   <trkpt lat="-41.3069920" lon="174.7475480">
    <ele>299.0</ele>
   </trkpt>
   <trkpt lat="-41.3069940" lon="174.7475370">
    <ele>299.0</ele>
   </trkpt>
   <trkpt lat="-41.3069970" lon="174.7475260">
    <ele>299.0</ele>
   </trkpt>
   <trkpt lat="-41.3070000" lon="174.7475170">
    <ele>299.0</ele>
   </trkpt>
   <trkpt lat="-41.3070040" lon="174.7475090">
    <ele>299.0</ele>
   </trkpt>
   <trkpt lat="-41.3070100" lon="174.7475010">
    <ele>299.0</ele>
   </trkpt>
   <trkpt lat="-41.3070170" lon="174.7474940">
    <ele>299.0</ele>
   </trkpt>
   <trkpt lat="-41.3070270" lon="174.7474840">
    <ele>299.0</ele>
   </trkpt>
   <trkpt lat="-41.3070380" lon="174.7474750">
    <ele>299.0</ele>
   </trkpt>
   <trkpt lat="-41.3070510" lon="174.7474640">
    <ele>299.0</ele>
   </trkpt>
   <trkpt lat="-41.3070640" lon="174.7474530">
    <ele>300.0</ele>
   </trkpt>
   <trkpt lat="-41.3070780" lon="174.7474410">
    <ele>300.0</ele>
   </trkpt>
   <trkpt lat="-41.3070930" lon="174.7474300">
    <ele>300.0</ele>
   </trkpt>
   <trkpt lat="-41.3071080" lon="174.7474210">
    <ele>300.0</ele>
   </trkpt>
   <trkpt lat="-41.3071230" lon="174.7474130">
    <ele>300.0</ele>
   </trkpt>
   <trkpt lat="-41.3071380" lon="174.7474060">
    <ele>300.0</ele>
   </trkpt>
   <trkpt lat="-41.3071540" lon="174.7474000">
    <ele>300.0</ele>
   </trkpt>
   <trkpt lat="-41.3071700" lon="174.7473960">
    <ele>300.0</ele>
   </trkpt>
   <trkpt lat="-41.3071860" lon="174.7473920">
    <ele>300.0</ele>
   </trkpt>
   <trkpt lat="-41.3072040" lon="174.7473910">
    <ele>300.0</ele>
   </trkpt>
   <trkpt lat="-41.3072220" lon="174.7473890">
    <ele>300.0</ele>
   </trkpt>
   <trkpt lat="-41.3072420" lon="174.7473880">
    <ele>300.0</ele>
   </trkpt>
   <trkpt lat="-41.3072630" lon="174.7473870">
    <ele>300.0</ele>
   </trkpt>
   <trkpt lat="-41.3072880" lon="174.7473810">
    <ele>300.0</ele>
   </trkpt>
   <trkpt lat="-41.3073130" lon="174.7473750">
    <ele>300.0</ele>
   </trkpt>
   <trkpt lat="-41.3073370" lon="174.7473610">
    <ele>301.0</ele>
   </trkpt>
   <trkpt lat="-41.3073610" lon="174.7473460">
    <ele>301.0</ele>
   </trkpt>
   <trkpt lat="-41.3073790" lon="174.7473240">
    <ele>301.0</ele>
   </trkpt>
   <trkpt lat="-41.3073970" lon="174.7473010">
    <ele>301.0</ele>
   </trkpt>
   <trkpt lat="-41.3074120" lon="174.7472730">
    <ele>301.0</ele>
   </trkpt>
   <trkpt lat="-41.3074270" lon="174.7472440">
    <ele>301.0</ele>
   </trkpt>
   <trkpt lat="-41.3074420" lon="174.7472180">
    <ele>301.0</ele>
   </trkpt>
   <trkpt lat="-41.3074560" lon="174.7471920">
    <ele>301.0</ele>
   </trkpt>
   <trkpt lat="-41.3074710" lon="174.7471720">
    <ele>301.0</ele>
   </trkpt>
   <trkpt lat="-41.3074860" lon="174.7471510">
    <ele>301.0</ele>
   </trkpt>
   <trkpt lat="-41.3075010" lon="174.7471350">
    <ele>302.0</ele>
   </trkpt>
   <trkpt lat="-41.3075160" lon="174.7471180">
    <ele>302.0</ele>
   </trkpt>
   <trkpt lat="-41.3075320" lon="174.7471010">
    <ele>302.0</ele>
   </trkpt>
   <trkpt lat="-41.3075490" lon="174.7470840">
    <ele>302.0</ele>
   </trkpt>
   <trkpt lat="-41.3075670" lon="174.7470660">
    <ele>302.0</ele>
   </trkpt>
   <trkpt lat="-41.3075860" lon="174.7470480">
    <ele>303.0</ele>
   </trkpt>
   <trkpt lat="-41.3076040" lon="174.7470320">
    <ele>303.0</ele>
   </trkpt>
   <trkpt lat="-41.3076220" lon="174.7470150">
    <ele>303.0</ele>
   </trkpt>
   <trkpt lat="-41.3076400" lon="174.7470000">
    <ele>303.0</ele>
   </trkpt>
   <trkpt lat="-41.3076580" lon="174.7469850">
    <ele>303.0</ele>
   </trkpt>
   <trkpt lat="-41.3076760" lon="174.7469710">
    <ele>303.0</ele>
   </trkpt>
   <trkpt lat="-41.3076950" lon="174.7469580">
    <ele>303.0</ele>
   </trkpt>
   <trkpt lat="-41.3077120" lon="174.7469450">
    <ele>303.0</ele>
   </trkpt>
   <trkpt lat="-41.3077290" lon="174.7469330">
    <ele>303.0</ele>
   </trkpt>
   <trkpt lat="-41.3077460" lon="174.7469230">
    <ele>303.0</ele>
   </trkpt>
   <trkpt lat="-41.3077620" lon="174.7469140">
    <ele>304.0</ele>
   </trkpt>
   <trkpt lat="-41.3077820" lon="174.7469050">
    <ele>304.0</ele>
   </trkpt>
   <trkpt lat="-41.3078010" lon="174.7468960">
    <ele>304.0</ele>
   </trkpt>
   <trkpt lat="-41.3078220" lon="174.7468890">
    <ele>304.0</ele>
   </trkpt>
   <trkpt lat="-41.3078430" lon="174.7468830">
    <ele>304.0</ele>
   </trkpt>
   <trkpt lat="-41.3078640" lon="174.7468790">
    <ele>305.0</ele>
   </trkpt>
   <trkpt lat="-41.3078860" lon="174.7468760">
    <ele>305.0</ele>
   </trkpt>
   <trkpt lat="-41.3079090" lon="174.7468780">
    <ele>305.0</ele>
   </trkpt>
   <trkpt lat="-41.3079320" lon="174.7468800">
    <ele>305.0</ele>
   </trkpt>
   <trkpt lat="-41.3079550" lon="174.7468870">
    <ele>305.0</ele>
   </trkpt>
   <trkpt lat="-41.3079780" lon="174.7468930">
    <ele>305.0</ele>
   </trkpt>
   <trkpt lat="-41.3079990" lon="174.7469010">
    <ele>305.0</ele>
   </trkpt>
   <trkpt lat="-41.3080210" lon="174.7469080">
    <ele>305.0</ele>
   </trkpt>
   <trkpt lat="-41.3080410" lon="174.7469150">
    <ele>305.0</ele>
   </trkpt>
   <trkpt lat="-41.3080610" lon="174.7469220">
    <ele>305.0</ele>
   </trkpt>
   <trkpt lat="-41.3080800" lon="174.7469310">
    <ele>305.0</ele>
   </trkpt>
   <trkpt lat="-41.3080990" lon="174.7469390">
    <ele>305.0</ele>
   </trkpt>
   <trkpt lat="-41.3081190" lon="174.7469490">
    <ele>305.0</ele>
   </trkpt>
   <trkpt lat="-41.3081380" lon="174.7469590">
    <ele>305.0</ele>
   </trkpt>
   <trkpt lat="-41.3081590" lon="174.7469690">
    <ele>305.0</ele>
   </trkpt>
   <trkpt lat="-41.3081790" lon="174.7469790">
    <ele>305.0</ele>
   </trkpt>
   <trkpt lat="-41.3082020" lon="174.7469860">
    <ele>305.0</ele>
   </trkpt>
   <trkpt lat="-41.3082250" lon="174.7469920">
    <ele>305.0</ele>
   </trkpt>
   <trkpt lat="-41.3082490" lon="174.7469930">
    <ele>305.0</ele>
   </trkpt>
   <trkpt lat="-41.3082730" lon="174.7469930">
    <ele>305.0</ele>
   </trkpt>
   <trkpt lat="-41.3082940" lon="174.7469870">
    <ele>305.0</ele>
   </trkpt>
   <trkpt lat="-41.3083140" lon="174.7469820">
    <ele>304.0</ele>
   </trkpt>
   <trkpt lat="-41.3083310" lon="174.7469740">
    <ele>304.0</ele>
   </trkpt>
   <trkpt lat="-41.3083480" lon="174.7469670">
    <ele>304.0</ele>
   </trkpt>
   <trkpt lat="-41.3083650" lon="174.7469610">
    <ele>304.0</ele>
   </trkpt>
   <trkpt lat="-41.3083810" lon="174.7469560">
    <ele>304.0</ele>
   </trkpt>
   <trkpt lat="-41.3084000" lon="174.7469500">
    <ele>304.0</ele>
   </trkpt>
   <trkpt lat="-41.3084190" lon="174.7469440">
    <ele>304.0</ele>
   </trkpt>
   <trkpt lat="-41.3084390" lon="174.7469370">
    <ele>304.0</ele>
   </trkpt>
   <trkpt lat="-41.3084590" lon="174.7469300">
    <ele>304.0</ele>
   </trkpt>
   <trkpt lat="-41.3084770" lon="174.7469250">
    <ele>305.0</ele>
   </trkpt>
   <trkpt lat="-41.3084950" lon="174.7469190">
    <ele>305.0</ele>
   </trkpt>
   <trkpt lat="-41.3085110" lon="174.7469140">
    <ele>305.0</ele>
   </trkpt>
   <trkpt lat="-41.3085260" lon="174.7469100">
    <ele>305.0</ele>
   </trkpt>
   <trkpt lat="-41.3085420" lon="174.7469030">
    <ele>305.0</ele>
   </trkpt>
   <trkpt lat="-41.3085580" lon="174.7468960">
    <ele>305.0</ele>
   </trkpt>
   <trkpt lat="-41.3085740" lon="174.7468870">
    <ele>305.0</ele>
   </trkpt>
   <trkpt lat="-41.3085900" lon="174.7468790">
    <ele>305.0</ele>
   </trkpt>
   <trkpt lat="-41.3086060" lon="174.7468710">
    <ele>305.0</ele>
   </trkpt>
   <trkpt lat="-41.3086220" lon="174.7468620">
    <ele>305.0</ele>
   </trkpt>
   <trkpt lat="-41.3086370" lon="174.7468540">
    <ele>305.0</ele>
   </trkpt>
   <trkpt lat="-41.3086520" lon="174.7468460">
    <ele>305.0</ele>
   </trkpt>
   <trkpt lat="-41.3086650" lon="174.7468390">
    <ele>305.0</ele>
   </trkpt>
   <trkpt lat="-41.3086790" lon="174.7468310">
    <ele>305.0</ele>
   </trkpt>
   <trkpt lat="-41.3086920" lon="174.7468250">
    <ele>305.0</ele>
   </trkpt>
   <trkpt lat="-41.3087060" lon="174.7468180">
    <ele>306.0</ele>
   </trkpt>
   <trkpt lat="-41.3087220" lon="174.7468110">
    <ele>306.0</ele>
   </trkpt>
   <trkpt lat="-41.3087380" lon="174.7468040">
    <ele>306.0</ele>
   </trkpt>
   <trkpt lat="-41.3087550" lon="174.7467940">
    <ele>306.0</ele>
   </trkpt>
   <trkpt lat="-41.3087730" lon="174.7467830">
    <ele>306.0</ele>
   </trkpt>
   <trkpt lat="-41.3087920" lon="174.7467690">
    <ele>306.0</ele>
   </trkpt>
   <trkpt lat="-41.3088110" lon="174.7467550">
    <ele>306.0</ele>
   </trkpt>
   <trkpt lat="-41.3088300" lon="174.7467370">
    <ele>306.0</ele>
   </trkpt>
   <trkpt lat="-41.3088490" lon="174.7467190">
    <ele>306.0</ele>
   </trkpt>
   <trkpt lat="-41.3088670" lon="174.7467000">
    <ele>306.0</ele>
   </trkpt>
   <trkpt lat="-41.3088850" lon="174.7466810">
    <ele>307.0</ele>
   </trkpt>
   <trkpt lat="-41.3089060" lon="174.7466640">
    <ele>307.0</ele>
   </trkpt>
   <trkpt lat="-41.3089280" lon="174.7466470">
    <ele>307.0</ele>
   </trkpt>
   <trkpt lat="-41.3089530" lon="174.7466330">
    <ele>307.0</ele>
   </trkpt>
   <trkpt lat="-41.3089780" lon="174.7466180">
    <ele>307.0</ele>
   </trkpt>
   <trkpt lat="-41.3090030" lon="174.7466060">
    <ele>307.0</ele>
   </trkpt>
   <trkpt lat="-41.3090290" lon="174.7465950">
    <ele>307.0</ele>
   </trkpt>
   <trkpt lat="-41.3090510" lon="174.7465850">
    <ele>307.0</ele>
   </trkpt>
   <trkpt lat="-41.3090730" lon="174.7465740">
    <ele>307.0</ele>
   </trkpt>
   <trkpt lat="-41.3090910" lon="174.7465650">
    <ele>307.0</ele>
   </trkpt>
   <trkpt lat="-41.3091090" lon="174.7465560">
    <ele>307.0</ele>
   </trkpt>
   <trkpt lat="-41.3091220" lon="174.7465450">
    <ele>307.0</ele>
   </trkpt>
   <trkpt lat="-41.3091350" lon="174.7465350">
    <ele>307.0</ele>
   </trkpt>
   <trkpt lat="-41.3091460" lon="174.7465220">
    <ele>307.0</ele>
   </trkpt>
   <trkpt lat="-41.3091580" lon="174.7465090">
    <ele>307.0</ele>
   </trkpt>
   <trkpt lat="-41.3091710" lon="174.7464980">
    <ele>307.0</ele>
   </trkpt>
   <trkpt lat="-41.3091850" lon="174.7464860">
    <ele>307.0</ele>
   </trkpt>
   <trkpt lat="-41.3092030" lon="174.7464780">
    <ele>307.0</ele>
   </trkpt>
   <trkpt lat="-41.3092210" lon="174.7464710">
    <ele>307.0</ele>
   </trkpt>
   <trkpt lat="-41.3092400" lon="174.7464690">
    <ele>307.0</ele>
   </trkpt>
   <trkpt lat="-41.3092590" lon="174.7464680">
    <ele>308.0</ele>
   </trkpt>
   <trkpt lat="-41.3092790" lon="174.7464710">
    <ele>308.0</ele>
   </trkpt>
   <trkpt lat="-41.3092990" lon="174.7464740">
    <ele>308.0</ele>
   </trkpt>
   <trkpt lat="-41.3093180" lon="174.7464800">
    <ele>308.0</ele>
   </trkpt>
   <trkpt lat="-41.3093370" lon="174.7464870">
    <ele>308.0</ele>
   </trkpt>
   <trkpt lat="-41.3093530" lon="174.7464970">
    <ele>308.0</ele>
   </trkpt>
   <trkpt lat="-41.3093700" lon="174.7465070">
    <ele>308.0</ele>
   </trkpt>
   <trkpt lat="-41.3093870" lon="174.7465180">
    <ele>308.0</ele>
   </trkpt>
   <trkpt lat="-41.3094040" lon="174.7465280">
    <ele>308.0</ele>
   </trkpt>
   <trkpt lat="-41.3094240" lon="174.7465330">
    <ele>308.0</ele>
   </trkpt>
   <trkpt lat="-41.3094440" lon="174.7465380">
    <ele>309.0</ele>
   </trkpt>
   <trkpt lat="-41.3094630" lon="174.7465370">
    <ele>309.0</ele>
   </trkpt>
   <trkpt lat="-41.3094830" lon="174.7465370">
    <ele>309.0</ele>
   </trkpt>
   <trkpt lat="-41.3095020" lon="174.7465350">
    <ele>309.0</ele>
   </trkpt>
   <trkpt lat="-41.3095210" lon="174.7465330">
    <ele>309.0</ele>
   </trkpt>
   <trkpt lat="-41.3095380" lon="174.7465350">
    <ele>309.0</ele>
   </trkpt>
   <trkpt lat="-41.3095550" lon="174.7465360">
    <ele>309.0</ele>
   </trkpt>
   <trkpt lat="-41.3095710" lon="174.7465410">
    <ele>309.0</ele>
   </trkpt>
   <trkpt lat="-41.3095880" lon="174.7465470">
    <ele>309.0</ele>
   </trkpt>
   <trkpt lat="-41.3096040" lon="174.7465540">
    <ele>309.0</ele>
   </trkpt>
   <trkpt lat="-41.3096210" lon="174.7465610">
    <ele>309.0</ele>
   </trkpt>
   <trkpt lat="-41.3096380" lon="174.7465690">
    <ele>309.0</ele>
   </trkpt>
   <trkpt lat="-41.3096560" lon="174.7465770">
    <ele>309.0</ele>
   </trkpt>
   <trkpt lat="-41.3096740" lon="174.7465840">
    <ele>309.0</ele>
   </trkpt>
   <trkpt lat="-41.3096910" lon="174.7465900">
    <ele>309.0</ele>
   </trkpt>
   <trkpt lat="-41.3097080" lon="174.7465950">
    <ele>309.0</ele>
   </trkpt>
   <trkpt lat="-41.3097250" lon="174.7466000">
    <ele>309.0</ele>
   </trkpt>
   <trkpt lat="-41.3097410" lon="174.7466060">
    <ele>309.0</ele>
   </trkpt>
   <trkpt lat="-41.3097570" lon="174.7466120">
    <ele>309.0</ele>
   </trkpt>
   <trkpt lat="-41.3097700" lon="174.7466240">
    <ele>309.0</ele>
   </trkpt>
   <trkpt lat="-41.3097840" lon="174.7466360">
    <ele>310.0</ele>
   </trkpt>
   <trkpt lat="-41.3097910" lon="174.7466520">
    <ele>310.0</ele>
   </trkpt>
   <trkpt lat="-41.3097980" lon="174.7466680">
    <ele>310.0</ele>
   </trkpt>
   <trkpt lat="-41.3097980" lon="174.7466850">
    <ele>310.0</ele>
   </trkpt>
   <trkpt lat="-41.3097980" lon="174.7467010">
    <ele>310.0</ele>
   </trkpt>
   <trkpt lat="-41.3097920" lon="174.7467190">
    <ele>310.0</ele>
   </trkpt>
   <trkpt lat="-41.3097870" lon="174.7467370">
    <ele>310.0</ele>
   </trkpt>
   <trkpt lat="-41.3097820" lon="174.7467590">
    <ele>310.0</ele>
   </trkpt>
   <trkpt lat="-41.3097780" lon="174.7467800">
    <ele>310.0</ele>
   </trkpt>
   <trkpt lat="-41.3097760" lon="174.7468060">
    <ele>310.0</ele>
   </trkpt>
   <trkpt lat="-41.3097750" lon="174.7468310">
    <ele>310.0</ele>
   </trkpt>
   <trkpt lat="-41.3097740" lon="174.7468580">
    <ele>310.0</ele>
   </trkpt>
   <trkpt lat="-41.3097740" lon="174.7468860">
    <ele>310.0</ele>
   </trkpt>
   <trkpt lat="-41.3097730" lon="174.7469120">
    <ele>310.0</ele>
   </trkpt>
   <trkpt lat="-41.3097710" lon="174.7469380">
    <ele>310.0</ele>
   </trkpt>
   <trkpt lat="-41.3097700" lon="174.7469620">
    <ele>311.0</ele>
   </trkpt>
   <trkpt lat="-41.3097690" lon="174.7469860">
    <ele>311.0</ele>
   </trkpt>
   <trkpt lat="-41.3097690" lon="174.7470080">
    <ele>311.0</ele>
   </trkpt>
   <trkpt lat="-41.3097690" lon="174.7470310">
    <ele>311.0</ele>
   </trkpt>
   <trkpt lat="-41.3097710" lon="174.7470520">
    <ele>311.0</ele>
   </trkpt>
   <trkpt lat="-41.3097730" lon="174.7470730">
    <ele>311.0</ele>
   </trkpt>
   <trkpt lat="-41.3097770" lon="174.7470920">
    <ele>311.0</ele>
   </trkpt>
   <trkpt lat="-41.3097810" lon="174.7471120">
    <ele>311.0</ele>
   </trkpt>
   <trkpt lat="-41.3097850" lon="174.7471290">
    <ele>311.0</ele>
   </trkpt>
   <trkpt lat="-41.3097890" lon="174.7471470">
    <ele>311.0</ele>
   </trkpt>
   <trkpt lat="-41.3097940" lon="174.7471630">
    <ele>311.0</ele>
   </trkpt>
   <trkpt lat="-41.3097990" lon="174.7471800">
    <ele>311.0</ele>
   </trkpt>
   <trkpt lat="-41.3098060" lon="174.7471940">
    <ele>311.0</ele>
   </trkpt>
   <trkpt lat="-41.3098130" lon="174.7472080">
    <ele>311.0</ele>
   </trkpt>
   <trkpt lat="-41.3098200" lon="174.7472210">
    <ele>311.0</ele>
   </trkpt>
   <trkpt lat="-41.3098270" lon="174.7472350">
    <ele>312.0</ele>
   </trkpt>
   <trkpt lat="-41.3098360" lon="174.7472510">
    <ele>312.0</ele>
   </trkpt>
   <trkpt lat="-41.3098460" lon="174.7472680">
    <ele>312.0</ele>
   </trkpt>
   <trkpt lat="-41.3098620" lon="174.7472870">
    <ele>312.0</ele>
   </trkpt>
   <trkpt lat="-41.3098770" lon="174.7473050">
    <ele>312.0</ele>
   </trkpt>
   <trkpt lat="-41.3098960" lon="174.7473230">
    <ele>312.0</ele>
   </trkpt>
   <trkpt lat="-41.3099140" lon="174.7473420">
    <ele>312.0</ele>
   </trkpt>
   <trkpt lat="-41.3099320" lon="174.7473600">
    <ele>312.0</ele>
   </trkpt>
   <trkpt lat="-41.3099510" lon="174.7473790">
    <ele>312.0</ele>
   </trkpt>
   <trkpt lat="-41.3099680" lon="174.7473980">
    <ele>312.0</ele>
   </trkpt>
   <trkpt lat="-41.3099860" lon="174.7474170">
    <ele>313.0</ele>
   </trkpt>
   <trkpt lat="-41.3100040" lon="174.7474340">
    <ele>313.0</ele>
   </trkpt>
   <trkpt lat="-41.3100210" lon="174.7474510">
    <ele>313.0</ele>
   </trkpt>
   <trkpt lat="-41.3100390" lon="174.7474640">
    <ele>313.0</ele>
   </trkpt>
   <trkpt lat="-41.3100570" lon="174.7474760">
    <ele>313.0</ele>
   </trkpt>
   <trkpt lat="-41.3100760" lon="174.7474830">
    <ele>314.0</ele>
   </trkpt>
   <trkpt lat="-41.3100940" lon="174.7474900">
    <ele>314.0</ele>
   </trkpt>
   <trkpt lat="-41.3101110" lon="174.7474920">
    <ele>314.0</ele>
   </trkpt>
   <trkpt lat="-41.3101280" lon="174.7474940">
    <ele>314.0</ele>
   </trkpt>
   <trkpt lat="-41.3101430" lon="174.7474940">
    <ele>314.0</ele>
   </trkpt>
   <trkpt lat="-41.3101580" lon="174.7474930">
    <ele>314.0</ele>
   </trkpt>
   <trkpt lat="-41.3101710" lon="174.7474930">
    <ele>314.0</ele>
   </trkpt>
   <trkpt lat="-41.3101850" lon="174.7474930">
    <ele>314.0</ele>
   </trkpt>
   <trkpt lat="-41.3102010" lon="174.7474930">
    <ele>314.0</ele>
   </trkpt>
   <trkpt lat="-41.3102160" lon="174.7474940">
    <ele>314.0</ele>
   </trkpt>
   <trkpt lat="-41.3102340" lon="174.7474950">
    <ele>315.0</ele>
   </trkpt>
   <trkpt lat="-41.3102520" lon="174.7474960">
    <ele>315.0</ele>
   </trkpt>
   <trkpt lat="-41.3102710" lon="174.7474960">
    <ele>315.0</ele>
   </trkpt>
   <trkpt lat="-41.3102900" lon="174.7474960">
    <ele>315.0</ele>
   </trkpt>
   <trkpt lat="-41.3103080" lon="174.7474900">
    <ele>315.0</ele>
   </trkpt>
   <trkpt lat="-41.3103260" lon="174.7474840">
    <ele>315.0</ele>
   </trkpt>
   <trkpt lat="-41.3103410" lon="174.7474700">
    <ele>315.0</ele>
   </trkpt>
   <trkpt lat="-41.3103550" lon="174.7474560">
    <ele>315.0</ele>
   </trkpt>
   <trkpt lat="-41.3103650" lon="174.7474360">
    <ele>315.0</ele>
   </trkpt>
   <trkpt lat="-41.3103750" lon="174.7474170">
    <ele>315.0</ele>
   </trkpt>
   <trkpt lat="-41.3103830" lon="174.7473940">
    <ele>316.0</ele>
   </trkpt>
   <trkpt lat="-41.3103910" lon="174.7473710">
    <ele>316.0</ele>
   </trkpt>
   <trkpt lat="-41.3104000" lon="174.7473470">
    <ele>316.0</ele>
   </trkpt>
   <trkpt lat="-41.3104100" lon="174.7473230">
    <ele>316.0</ele>
   </trkpt>
   <trkpt lat="-41.3104210" lon="174.7472980">
    <ele>316.0</ele>
   </trkpt>
   <trkpt lat="-41.3104330" lon="174.7472740">
    <ele>317.0</ele>
   </trkpt>
   <trkpt lat="-41.3104450" lon="174.7472550">
    <ele>317.0</ele>
   </trkpt>
   <trkpt lat="-41.3104580" lon="174.7472360">
    <ele>317.0</ele>
   </trkpt>
   <trkpt lat="-41.3104720" lon="174.7472220">
    <ele>317.0</ele>
   </trkpt>
   <trkpt lat="-41.3104870" lon="174.7472090">
    <ele>317.0</ele>
   </trkpt>
   <trkpt lat="-41.3105030" lon="174.7471960">
    <ele>317.0</ele>
   </trkpt>
   <trkpt lat="-41.3105200" lon="174.7471830">
    <ele>317.0</ele>
   </trkpt>
   <trkpt lat="-41.3105370" lon="174.7471670">
    <ele>317.0</ele>
   </trkpt>
   <trkpt lat="-41.3105540" lon="174.7471510">
    <ele>317.0</ele>
   </trkpt>
   <trkpt lat="-41.3105690" lon="174.7471320">
    <ele>317.0</ele>
   </trkpt>
   <trkpt lat="-41.3105830" lon="174.7471120">
    <ele>317.0</ele>
   </trkpt>
   <trkpt lat="-41.3105950" lon="174.7470900">
    <ele>317.0</ele>
   </trkpt>
   <trkpt lat="-41.3106060" lon="174.7470680">
    <ele>317.0</ele>
   </trkpt>
   <trkpt lat="-41.3106150" lon="174.7470460">
    <ele>317.0</ele>
   </trkpt>
   <trkpt lat="-41.3106230" lon="174.7470240">
    <ele>317.0</ele>
   </trkpt>
   <trkpt lat="-41.3106310" lon="174.7470040">
    <ele>317.0</ele>
   </trkpt>
   <trkpt lat="-41.3106390" lon="174.7469850">
    <ele>317.0</ele>
   </trkpt>
   <trkpt lat="-41.3106460" lon="174.7469690">
    <ele>317.0</ele>
   </trkpt>
   <trkpt lat="-41.3106530" lon="174.7469530">
    <ele>317.0</ele>
   </trkpt>
   <trkpt lat="-41.3106610" lon="174.7469420">
    <ele>317.0</ele>
   </trkpt>
   <trkpt lat="-41.3106680" lon="174.7469300">
    <ele>318.0</ele>
   </trkpt>
   <trkpt lat="-41.3106770" lon="174.7469240">
    <ele>318.0</ele>
   </trkpt>
   <trkpt lat="-41.3106860" lon="174.7469180">
    <ele>318.0</ele>
   </trkpt>
   <trkpt lat="-41.3106960" lon="174.7469150">
    <ele>318.0</ele>
   </trkpt>
   <trkpt lat="-41.3107050" lon="174.7469120">
    <ele>318.0</ele>
   </trkpt>
   <trkpt lat="-41.3107150" lon="174.7469090">
    <ele>318.0</ele>
   </trkpt>
   <trkpt lat="-41.3107250" lon="174.7469060">
    <ele>318.0</ele>
   </trkpt>
   <trkpt lat="-41.3107350" lon="174.7469020">
    <ele>318.0</ele>
   </trkpt>
   <trkpt lat="-41.3107460" lon="174.7468990">
    <ele>318.0</ele>
   </trkpt>
   <trkpt lat="-41.3107580" lon="174.7468970">
    <ele>318.0</ele>
   </trkpt>
   <trkpt lat="-41.3107700" lon="174.7468960">
    <ele>319.0</ele>
   </trkpt>
   <trkpt lat="-41.3107830" lon="174.7468960">
    <ele>319.0</ele>
   </trkpt>
   <trkpt lat="-41.3107970" lon="174.7468960">
    <ele>319.0</ele>
   </trkpt>
   <trkpt lat="-41.3108110" lon="174.7468990">
    <ele>319.0</ele>
   </trkpt>
   <trkpt lat="-41.3108250" lon="174.7469020">
    <ele>319.0</ele>
   </trkpt>
   <trkpt lat="-41.3108390" lon="174.7469050">
    <ele>319.0</ele>
   </trkpt>
   <trkpt lat="-41.3108520" lon="174.7469090">
    <ele>319.0</ele>
   </trkpt>
   <trkpt lat="-41.3108640" lon="174.7469120">
    <ele>319.0</ele>
   </trkpt>
   <trkpt lat="-41.3108760" lon="174.7469150">
    <ele>319.0</ele>
   </trkpt>
   <trkpt lat="-41.3108860" lon="174.7469170">
    <ele>319.0</ele>
   </trkpt>
   <trkpt lat="-41.3108970" lon="174.7469200">
    <ele>319.0</ele>
   </trkpt>
   <trkpt lat="-41.3109070" lon="174.7469250">
    <ele>319.0</ele>
   </trkpt>
   <trkpt lat="-41.3109170" lon="174.7469300">
    <ele>319.0</ele>
   </trkpt>
   <trkpt lat="-41.3109280" lon="174.7469380">
    <ele>319.0</ele>
   </trkpt>
   <trkpt lat="-41.3109400" lon="174.7469470">
    <ele>319.0</ele>
   </trkpt>
   <trkpt lat="-41.3109550" lon="174.7469590">
    <ele>319.0</ele>
   </trkpt>
   <trkpt lat="-41.3109690" lon="174.7469710">
    <ele>319.0</ele>
   </trkpt>
   <trkpt lat="-41.3109850" lon="174.7469820">
    <ele>319.0</ele>
   </trkpt>
   <trkpt lat="-41.3110000" lon="174.7469940">
    <ele>319.0</ele>
   </trkpt>
   <trkpt lat="-41.3110150" lon="174.7470050">
    <ele>319.0</ele>
   </trkpt>
   <trkpt lat="-41.3110300" lon="174.7470160">
    <ele>319.0</ele>
   </trkpt>
   <trkpt lat="-41.3110440" lon="174.7470280">
    <ele>319.0</ele>
   </trkpt>
   <trkpt lat="-41.3110580" lon="174.7470390">
    <ele>319.0</ele>
   </trkpt>
   <trkpt lat="-41.3110720" lon="174.7470520">
    <ele>319.0</ele>
   </trkpt>
   <trkpt lat="-41.3110860" lon="174.7470650">
    <ele>319.0</ele>
   </trkpt>
   <trkpt lat="-41.3111000" lon="174.7470770">
    <ele>320.0</ele>
   </trkpt>
   <trkpt lat="-41.3111140" lon="174.7470880">
    <ele>320.0</ele>
   </trkpt>
   <trkpt lat="-41.3111270" lon="174.7470970">
    <ele>320.0</ele>
   </trkpt>
   <trkpt lat="-41.3111400" lon="174.7471050">
    <ele>320.0</ele>
   </trkpt>
   <trkpt lat="-41.3111520" lon="174.7471100">
    <ele>320.0</ele>
   </trkpt>
   <trkpt lat="-41.3111640" lon="174.7471140">
    <ele>321.0</ele>
   </trkpt>
   <trkpt lat="-41.3111750" lon="174.7471160">
    <ele>321.0</ele>
   </trkpt>
   <trkpt lat="-41.3111860" lon="174.7471190">
    <ele>321.0</ele>
   </trkpt>
   <trkpt lat="-41.3111980" lon="174.7471200">
    <ele>321.0</ele>
   </trkpt>
   <trkpt lat="-41.3112090" lon="174.7471210">
    <ele>321.0</ele>
   </trkpt>
   <trkpt lat="-41.3112230" lon="174.7471220">
    <ele>322.0</ele>
   </trkpt>
   <trkpt lat="-41.3112370" lon="174.7471240">
    <ele>322.0</ele>
   </trkpt>
   <trkpt lat="-41.3112540" lon="174.7471250">
    <ele>322.0</ele>
   </trkpt>
   <trkpt lat="-41.3112710" lon="174.7471270">
    <ele>322.0</ele>
   </trkpt>
   <trkpt lat="-41.3112900" lon="174.7471290">
    <ele>322.0</ele>
   </trkpt>
   <trkpt lat="-41.3113090" lon="174.7471320">
    <ele>323.0</ele>
   </trkpt>
   <trkpt lat="-41.3113290" lon="174.7471350">
    <ele>323.0</ele>
   </trkpt>
   <trkpt lat="-41.3113500" lon="174.7471390">
    <ele>323.0</ele>
   </trkpt>
   <trkpt lat="-41.3113680" lon="174.7471460">
    <ele>323.0</ele>
   </trkpt>
   <trkpt lat="-41.3113870" lon="174.7471520">
    <ele>323.0</ele>
   </trkpt>
   <trkpt lat="-41.3114080" lon="174.7471630">
    <ele>323.0</ele>
   </trkpt>
   <trkpt lat="-41.3114280" lon="174.7471730">
    <ele>323.0</ele>
   </trkpt>
   <trkpt lat="-41.3114500" lon="174.7471880">
    <ele>323.0</ele>
   </trkpt>
   <trkpt lat="-41.3114720" lon="174.7472030">
    <ele>323.0</ele>
   </trkpt>
   <trkpt lat="-41.3114940" lon="174.7472210">
    <ele>323.0</ele>
   </trkpt>
   <trkpt lat="-41.3115160" lon="174.7472400">
    <ele>324.0</ele>
   </trkpt>
   <trkpt lat="-41.3115370" lon="174.7472560">
    <ele>324.0</ele>
   </trkpt>
   <trkpt lat="-41.3115590" lon="174.7472730">
    <ele>324.0</ele>
   </trkpt>
   <trkpt lat="-41.3115780" lon="174.7472840">
    <ele>324.0</ele>
   </trkpt>
   <trkpt lat="-41.3115980" lon="174.7472950">
    <ele>324.0</ele>
   </trkpt>
   <trkpt lat="-41.3116180" lon="174.7473000">
    <ele>324.0</ele>
   </trkpt>
   <trkpt lat="-41.3116380" lon="174.7473050">
    <ele>324.0</ele>
   </trkpt>
   <trkpt lat="-41.3116590" lon="174.7473080">
    <ele>324.0</ele>
   </trkpt>
   <trkpt lat="-41.3116800" lon="174.7473120">
    <ele>324.0</ele>
   </trkpt>
   <trkpt lat="-41.3117030" lon="174.7473170">
    <ele>324.0</ele>
   </trkpt>
   <trkpt lat="-41.3117260" lon="174.7473220">
    <ele>324.0</ele>
   </trkpt>
   <trkpt lat="-41.3117480" lon="174.7473270">
    <ele>324.0</ele>
   </trkpt>
   <trkpt lat="-41.3117700" lon="174.7473330">
    <ele>324.0</ele>
   </trkpt>
   <trkpt lat="-41.3117880" lon="174.7473340">
    <ele>324.0</ele>
   </trkpt>
   <trkpt lat="-41.3118070" lon="174.7473360">
    <ele>324.0</ele>
   </trkpt>
   <trkpt lat="-41.3118230" lon="174.7473350">
    <ele>324.0</ele>
   </trkpt>
   <trkpt lat="-41.3118390" lon="174.7473340">
    <ele>324.0</ele>
   </trkpt>
   <trkpt lat="-41.3118550" lon="174.7473340">
    <ele>324.0</ele>
   </trkpt>
   <trkpt lat="-41.3118720" lon="174.7473330">
    <ele>324.0</ele>
   </trkpt>
   <trkpt lat="-41.3118900" lon="174.7473330">
    <ele>324.0</ele>
   </trkpt>
   <trkpt lat="-41.3119070" lon="174.7473340">
    <ele>325.0</ele>
   </trkpt>
   <trkpt lat="-41.3119300" lon="174.7473340">
    <ele>325.0</ele>
   </trkpt>
   <trkpt lat="-41.3119520" lon="174.7473340">
    <ele>325.0</ele>
   </trkpt>
   <trkpt lat="-41.3119770" lon="174.7473330">
    <ele>325.0</ele>
   </trkpt>
   <trkpt lat="-41.3120010" lon="174.7473330">
    <ele>325.0</ele>
   </trkpt>
   <trkpt lat="-41.3120240" lon="174.7473280">
    <ele>326.0</ele>
   </trkpt>
   <trkpt lat="-41.3120460" lon="174.7473230">
    <ele>326.0</ele>
   </trkpt>
   <trkpt lat="-41.3120640" lon="174.7473150">
    <ele>326.0</ele>
   </trkpt>
   <trkpt lat="-41.3120820" lon="174.7473070">
    <ele>326.0</ele>
   </trkpt>
   <trkpt lat="-41.3120950" lon="174.7472970">
    <ele>326.0</ele>
   </trkpt>
   <trkpt lat="-41.3121090" lon="174.7472880">
    <ele>326.0</ele>
   </trkpt>
   <trkpt lat="-41.3121200" lon="174.7472770">
    <ele>326.0</ele>
   </trkpt>
   <trkpt lat="-41.3121310" lon="174.7472670">
    <ele>326.0</ele>
   </trkpt>
   <trkpt lat="-41.3121390" lon="174.7472560">
    <ele>326.0</ele>
   </trkpt>
   <trkpt lat="-41.3121470" lon="174.7472450">
    <ele>326.0</ele>
   </trkpt>
   <trkpt lat="-41.3121520" lon="174.7472330">
    <ele>327.0</ele>
   </trkpt>
   <trkpt lat="-41.3121560" lon="174.7472210">
    <ele>327.0</ele>
   </trkpt>
   <trkpt lat="-41.3121580" lon="174.7472090">
    <ele>327.0</ele>
   </trkpt>
   <trkpt lat="-41.3121600" lon="174.7471960">
    <ele>327.0</ele>
   </trkpt>
   <trkpt lat="-41.3121610" lon="174.7471820">
    <ele>327.0</ele>
   </trkpt>
   <trkpt lat="-41.3121620" lon="174.7471680">
    <ele>327.0</ele>
   </trkpt>
   <trkpt lat="-41.3121620" lon="174.7471530">
    <ele>327.0</ele>
   </trkpt>
   <trkpt lat="-41.3121620" lon="174.7471370">
    <ele>327.0</ele>
   </trkpt>
   <trkpt lat="-41.3121630" lon="174.7471210">
    <ele>327.0</ele>
   </trkpt>
   <trkpt lat="-41.3121640" lon="174.7471040">
    <ele>327.0</ele>
   </trkpt>
   <trkpt lat="-41.3121680" lon="174.7470860">
    <ele>328.0</ele>
   </trkpt>
   <trkpt lat="-41.3121730" lon="174.7470670">
    <ele>328.0</ele>
   </trkpt>
   <trkpt lat="-41.3121790" lon="174.7470470">
    <ele>328.0</ele>
   </trkpt>
   <trkpt lat="-41.3121840" lon="174.7470280">
    <ele>328.0</ele>
   </trkpt>
   <trkpt lat="-41.3121900" lon="174.7470080">
    <ele>328.0</ele>
   </trkpt>
   <trkpt lat="-41.3121960" lon="174.7469890">
    <ele>329.0</ele>
   </trkpt>
   <trkpt lat="-41.3122020" lon="174.7469690">
    <ele>329.0</ele>
   </trkpt>
   <trkpt lat="-41.3122090" lon="174.7469500">
    <ele>329.0</ele>
   </trkpt>
   <trkpt lat="-41.3122160" lon="174.7469300">
    <ele>329.0</ele>
   </trkpt>
   <trkpt lat="-41.3122230" lon="174.7469100">
    <ele>329.0</ele>
   </trkpt>
   <trkpt lat="-41.3122290" lon="174.7468860">
    <ele>330.0</ele>
   </trkpt>
   <trkpt lat="-41.3122360" lon="174.7468620">
    <ele>330.0</ele>
   </trkpt>
   <trkpt lat="-41.3122400" lon="174.7468370">
    <ele>330.0</ele>
   </trkpt>
   <trkpt lat="-41.3122450" lon="174.7468120">
    <ele>330.0</ele>
   </trkpt>
   <trkpt lat="-41.3122480" lon="174.7467880">
    <ele>330.0</ele>
   </trkpt>
   <trkpt lat="-41.3122520" lon="174.7467640">
    <ele>331.0</ele>
   </trkpt>
   <trkpt lat="-41.3122590" lon="174.7467390">
    <ele>331.0</ele>
   </trkpt>
   <trkpt lat="-41.3122660" lon="174.7467140">
    <ele>331.0</ele>
   </trkpt>
   <trkpt lat="-41.3122760" lon="174.7466870">
    <ele>331.0</ele>
   </trkpt>
   <trkpt lat="-41.3122860" lon="174.7466600">
    <ele>331.0</ele>
   </trkpt>
   <trkpt lat="-41.3122920" lon="174.7466330">
    <ele>331.0</ele>
   </trkpt>
   <trkpt lat="-41.3122990" lon="174.7466070">
    <ele>331.0</ele>
   </trkpt>
   <trkpt lat="-41.3122970" lon="174.7465860">
    <ele>331.0</ele>
   </trkpt>
   <trkpt lat="-41.3122950" lon="174.7465650">
    <ele>331.0</ele>
   </trkpt>
   <trkpt lat="-41.3122820" lon="174.7465530">
    <ele>331.0</ele>
   </trkpt>
   <trkpt lat="-41.3122690" lon="174.7465400">
    <ele>332.0</ele>
   </trkpt>
   <trkpt lat="-41.3122500" lon="174.7465310">
    <ele>332.0</ele>
   </trkpt>
   <trkpt lat="-41.3122310" lon="174.7465220">
    <ele>332.0</ele>
   </trkpt>
   <trkpt lat="-41.3122130" lon="174.7465120">
    <ele>332.0</ele>
   </trkpt>
   <trkpt lat="-41.3121950" lon="174.7465030">
    <ele>332.0</ele>
   </trkpt>
   <trkpt lat="-41.3121790" lon="174.7464920">
    <ele>333.0</ele>
   </trkpt>
   <trkpt lat="-41.3121630" lon="174.7464810">
    <ele>333.0</ele>
   </trkpt>
   <trkpt lat="-41.3121460" lon="174.7464700">
    <ele>333.0</ele>
   </trkpt>
   <trkpt lat="-41.3121280" lon="174.7464590">
    <ele>333.0</ele>
   </trkpt>
   <trkpt lat="-41.3121080" lon="174.7464500">
    <ele>333.0</ele>
   </trkpt>
   <trkpt lat="-41.3120890" lon="174.7464410">
    <ele>333.0</ele>
   </trkpt>
   <trkpt lat="-41.3120690" lon="174.7464350">
    <ele>333.0</ele>
   </trkpt>
   <trkpt lat="-41.3120480" lon="174.7464300">
    <ele>333.0</ele>
   </trkpt>
   <trkpt lat="-41.3120280" lon="174.7464270">
    <ele>333.0</ele>
   </trkpt>
   <trkpt lat="-41.3120070" lon="174.7464240">
    <ele>333.0</ele>
   </trkpt>
   <trkpt lat="-41.3119870" lon="174.7464190">
    <ele>334.0</ele>
   </trkpt>
   <trkpt lat="-41.3119680" lon="174.7464130">
    <ele>334.0</ele>
   </trkpt>
   <trkpt lat="-41.3119510" lon="174.7464050">
    <ele>334.0</ele>
   </trkpt>
   <trkpt lat="-41.3119340" lon="174.7463970">
    <ele>334.0</ele>
   </trkpt>
   <trkpt lat="-41.3119200" lon="174.7463860">
    <ele>334.0</ele>
   </trkpt>
   <trkpt lat="-41.3119060" lon="174.7463750">
    <ele>335.0</ele>
   </trkpt>
   <trkpt lat="-41.3118930" lon="174.7463620">
    <ele>335.0</ele>
   </trkpt>
   <trkpt lat="-41.3118800" lon="174.7463500">
    <ele>335.0</ele>
   </trkpt>
   <trkpt lat="-41.3118690" lon="174.7463350">
    <ele>335.0</ele>
   </trkpt>
   <trkpt lat="-41.3118570" lon="174.7463210">
    <ele>335.0</ele>
   </trkpt>
   <trkpt lat="-41.3118480" lon="174.7463000">
    <ele>335.0</ele>
   </trkpt>
   <trkpt lat="-41.3118380" lon="174.7462800">
    <ele>334.0</ele>
   </trkpt>
   <trkpt lat="-41.3118280" lon="174.7462570">
    <ele>334.0</ele>
   </trkpt>
   <trkpt lat="-41.3118190" lon="174.7462350">
    <ele>334.0</ele>
   </trkpt>
   <trkpt lat="-41.3118090" lon="174.7462270">
    <ele>334.0</ele>
   </trkpt>
   <trkpt lat="-41.3117990" lon="174.7462190">
    <ele>334.0</ele>
   </trkpt>
   <trkpt lat="-41.3117920" lon="174.7462250">
    <ele>334.0</ele>
   </trkpt>
   <trkpt lat="-41.3117860" lon="174.7462300">
    <ele>334.0</ele>
   </trkpt>
   <trkpt lat="-41.3117830" lon="174.7462420">
    <ele>334.0</ele>
   </trkpt>
   <trkpt lat="-41.3117810" lon="174.7462540">
    <ele>334.0</ele>
   </trkpt>
   <trkpt lat="-41.3117810" lon="174.7462660">
    <ele>334.0</ele>
   </trkpt>
   <trkpt lat="-41.3117810" lon="174.7462780">
    <ele>334.0</ele>
   </trkpt>
   <trkpt lat="-41.3117820" lon="174.7462890">
    <ele>334.0</ele>
   </trkpt>
   <trkpt lat="-41.3117840" lon="174.7463000">
    <ele>334.0</ele>
   </trkpt>
   <trkpt lat="-41.3117880" lon="174.7463090">
    <ele>334.0</ele>
   </trkpt>
   <trkpt lat="-41.3117930" lon="174.7463180">
    <ele>334.0</ele>
   </trkpt>
   <trkpt lat="-41.3118020" lon="174.7463270">
    <ele>334.0</ele>
   </trkpt>
   <trkpt lat="-41.3118110" lon="174.7463370">
    <ele>334.0</ele>
   </trkpt>
   <trkpt lat="-41.3118220" lon="174.7463500">
    <ele>334.0</ele>
   </trkpt>
   <trkpt lat="-41.3118330" lon="174.7463640">
    <ele>334.0</ele>
   </trkpt>
   <trkpt lat="-41.3118420" lon="174.7463790">
    <ele>335.0</ele>
   </trkpt>
   <trkpt lat="-41.3118510" lon="174.7463940">
    <ele>335.0</ele>
   </trkpt>
   <trkpt lat="-41.3118590" lon="174.7464070">
    <ele>335.0</ele>
   </trkpt>
   <trkpt lat="-41.3118670" lon="174.7464200">
    <ele>336.0</ele>
   </trkpt>
   <trkpt lat="-41.3118760" lon="174.7464300">
    <ele>336.0</ele>
   </trkpt>
   <trkpt lat="-41.3118860" lon="174.7464390">
    <ele>337.0</ele>
   </trkpt>
   <trkpt lat="-41.3118890" lon="174.7464440">
    <ele>337.0</ele>
   </trkpt>
   <trkpt lat="-41.3118920" lon="174.7464490">
    <ele>337.0</ele>
   </trkpt>
   <trkpt lat="-41.3118950" lon="174.7464540">
    <ele>337.0</ele>
   </trkpt>
   <trkpt lat="-41.3118920" lon="174.7464560">
    <ele>337.0</ele>
   </trkpt>
   <trkpt lat="-41.3118890" lon="174.7464580">
    <ele>338.0</ele>
   </trkpt>
   <trkpt lat="-41.3118810" lon="174.7464580">
    <ele>338.0</ele>
   </trkpt>
   <trkpt lat="-41.3118730" lon="174.7464570">
    <ele>338.0</ele>
   </trkpt>
   <trkpt lat="-41.3118640" lon="174.7464550">
    <ele>338.0</ele>
   </trkpt>
   <trkpt lat="-41.3118550" lon="174.7464530">
    <ele>338.0</ele>
   </trkpt>
   <trkpt lat="-41.3118450" lon="174.7464490">
    <ele>339.0</ele>
   </trkpt>
   <trkpt lat="-41.3118360" lon="174.7464450">
    <ele>339.0</ele>
   </trkpt>
   <trkpt lat="-41.3118250" lon="174.7464400">
    <ele>339.0</ele>
   </trkpt>
   <trkpt lat="-41.3118150" lon="174.7464340">
    <ele>339.0</ele>
   </trkpt>
   <trkpt lat="-41.3118030" lon="174.7464270">
    <ele>339.0</ele>
   </trkpt>
   <trkpt lat="-41.3117920" lon="174.7464200">
    <ele>340.0</ele>
   </trkpt>
   <trkpt lat="-41.3117800" lon="174.7464100">
    <ele>340.0</ele>
   </trkpt>
   <trkpt lat="-41.3117680" lon="174.7464010">
    <ele>340.0</ele>
   </trkpt>
   <trkpt lat="-41.3117550" lon="174.7463880">
    <ele>340.0</ele>
   </trkpt>
   <trkpt lat="-41.3117420" lon="174.7463750">
    <ele>340.0</ele>
   </trkpt>
   <trkpt lat="-41.3117320" lon="174.7463610">
    <ele>341.0</ele>
   </trkpt>
   <trkpt lat="-41.3117220" lon="174.7463470">
    <ele>341.0</ele>
   </trkpt>
   <trkpt lat="-41.3117150" lon="174.7463340">
    <ele>341.0</ele>
   </trkpt>
   <trkpt lat="-41.3117080" lon="174.7463200">
    <ele>341.0</ele>
   </trkpt>
   <trkpt lat="-41.3117000" lon="174.7463040">
    <ele>341.0</ele>
   </trkpt>
   <trkpt lat="-41.3116920" lon="174.7462880">
    <ele>341.0</ele>
   </trkpt>
   <trkpt lat="-41.3116830" lon="174.7462700">
    <ele>341.0</ele>
   </trkpt>
   <trkpt lat="-41.3116740" lon="174.7462520">
    <ele>341.0</ele>
   </trkpt>
   <trkpt lat="-41.3116650" lon="174.7462340">
    <ele>341.0</ele>
   </trkpt>
   <trkpt lat="-41.3116560" lon="174.7462170">
    <ele>341.0</ele>
   </trkpt>
   <trkpt lat="-41.3116480" lon="174.7461980">
    <ele>342.0</ele>
   </trkpt>
   <trkpt lat="-41.3116410" lon="174.7461790">
    <ele>342.0</ele>
   </trkpt>
   <trkpt lat="-41.3116370" lon="174.7461580">
    <ele>342.0</ele>
   </trkpt>
   <trkpt lat="-41.3116330" lon="174.7461380">
    <ele>342.0</ele>
   </trkpt>
   <trkpt lat="-41.3116320" lon="174.7461160">
    <ele>342.0</ele>
   </trkpt>
   <trkpt lat="-41.3116300" lon="174.7460940">
    <ele>342.0</ele>
   </trkpt>
   <trkpt lat="-41.3116290" lon="174.7460720">
    <ele>342.0</ele>
   </trkpt>
   <trkpt lat="-41.3116270" lon="174.7460500">
    <ele>342.0</ele>
   </trkpt>
   <trkpt lat="-41.3116250" lon="174.7460290">
    <ele>342.0</ele>
   </trkpt>
   <trkpt lat="-41.3116230" lon="174.7460080">
    <ele>342.0</ele>
   </trkpt>
   <trkpt lat="-41.3116200" lon="174.7459890">
    <ele>343.0</ele>
   </trkpt>
   <trkpt lat="-41.3116170" lon="174.7459700">
    <ele>343.0</ele>
   </trkpt>
   <trkpt lat="-41.3116110" lon="174.7459530">
    <ele>343.0</ele>
   </trkpt>
   <trkpt lat="-41.3116060" lon="174.7459360">
    <ele>343.0</ele>
   </trkpt>
   <trkpt lat="-41.3115980" lon="174.7459220">
    <ele>343.0</ele>
   </trkpt>
   <trkpt lat="-41.3115900" lon="174.7459080">
    <ele>344.0</ele>
   </trkpt>
   <trkpt lat="-41.3115810" lon="174.7458950">
    <ele>344.0</ele>
   </trkpt>
   <trkpt lat="-41.3115720" lon="174.7458810">
    <ele>344.0</ele>
   </trkpt>
   <trkpt lat="-41.3115630" lon="174.7458670">
    <ele>344.0</ele>
   </trkpt>
   <trkpt lat="-41.3115530" lon="174.7458540">
    <ele>344.0</ele>
   </trkpt>
   <trkpt lat="-41.3115440" lon="174.7458390">
    <ele>345.0</ele>
   </trkpt>
   <trkpt lat="-41.3115350" lon="174.7458250">
    <ele>345.0</ele>
   </trkpt>
   <trkpt lat="-41.3115270" lon="174.7458100">
    <ele>345.0</ele>
   </trkpt>
   <trkpt lat="-41.3115180" lon="174.7457940">
    <ele>345.0</ele>
   </trkpt>
   <trkpt lat="-41.3115080" lon="174.7457770">
    <ele>345.0</ele>
   </trkpt>
   <trkpt lat="-41.3114990" lon="174.7457600">
    <ele>346.0</ele>
   </trkpt>
   <trkpt lat="-41.3114890" lon="174.7457400">
    <ele>346.0</ele>
   </trkpt>
   <trkpt lat="-41.3114780" lon="174.7457200">
    <ele>346.0</ele>
   </trkpt>
   <trkpt lat="-41.3114680" lon="174.7456990">
    <ele>346.0</ele>
   </trkpt>
   <trkpt lat="-41.3114570" lon="174.7456780">
    <ele>346.0</ele>
   </trkpt>
   <trkpt lat="-41.3114470" lon="174.7456560">
    <ele>346.0</ele>
   </trkpt>
   <trkpt lat="-41.3114370" lon="174.7456350">
    <ele>346.0</ele>
   </trkpt>
   <trkpt lat="-41.3114290" lon="174.7456130">
    <ele>346.0</ele>
   </trkpt>
   <trkpt lat="-41.3114210" lon="174.7455900">
    <ele>346.0</ele>
   </trkpt>
   <trkpt lat="-41.3114150" lon="174.7455670">
    <ele>346.0</ele>
   </trkpt>
   <trkpt lat="-41.3114100" lon="174.7455450">
    <ele>347.0</ele>
   </trkpt>
   <trkpt lat="-41.3114070" lon="174.7455230">
    <ele>347.0</ele>
   </trkpt>
   <trkpt lat="-41.3114040" lon="174.7455010">
    <ele>347.0</ele>
   </trkpt>
   <trkpt lat="-41.3114050" lon="174.7454810">
    <ele>347.0</ele>
   </trkpt>
   <trkpt lat="-41.3114060" lon="174.7454620">
    <ele>347.0</ele>
   </trkpt>
   <trkpt lat="-41.3114100" lon="174.7454430">
    <ele>348.0</ele>
   </trkpt>
   <trkpt lat="-41.3114150" lon="174.7454240">
    <ele>348.0</ele>
   </trkpt>
   <trkpt lat="-41.3114230" lon="174.7454050">
    <ele>348.0</ele>
   </trkpt>
   <trkpt lat="-41.3114320" lon="174.7453860">
    <ele>348.0</ele>
   </trkpt>
   <trkpt lat="-41.3114440" lon="174.7453660">
    <ele>348.0</ele>
   </trkpt>
   <trkpt lat="-41.3114560" lon="174.7453470">
    <ele>349.0</ele>
   </trkpt>
   <trkpt lat="-41.3114710" lon="174.7453290">
    <ele>349.0</ele>
   </trkpt>
   <trkpt lat="-41.3114860" lon="174.7453120">
    <ele>349.0</ele>
   </trkpt>
   <trkpt lat="-41.3115030" lon="174.7452950">
    <ele>349.0</ele>
   </trkpt>
   <trkpt lat="-41.3115200" lon="174.7452790">
    <ele>349.0</ele>
   </trkpt>
   <trkpt lat="-41.3115380" lon="174.7452620">
    <ele>350.0</ele>
   </trkpt>
   <trkpt lat="-41.3115560" lon="174.7452450">
    <ele>350.0</ele>
   </trkpt>
   <trkpt lat="-41.3115700" lon="174.7452270">
    <ele>350.0</ele>
   </trkpt>
   <trkpt lat="-41.3115850" lon="174.7452090">
    <ele>350.0</ele>
   </trkpt>
   <trkpt lat="-41.3115980" lon="174.7451930">
    <ele>350.0</ele>
   </trkpt>
   <trkpt lat="-41.3116110" lon="174.7451770">
    <ele>351.0</ele>
   </trkpt>
   <trkpt lat="-41.3116240" lon="174.7451650">
    <ele>351.0</ele>
   </trkpt>
   <trkpt lat="-41.3116370" lon="174.7451530">
    <ele>351.0</ele>
   </trkpt>
   <trkpt lat="-41.3116520" lon="174.7451470">
    <ele>351.0</ele>
   </trkpt>
   <trkpt lat="-41.3116670" lon="174.7451400">
    <ele>351.0</ele>
   </trkpt>
   <trkpt lat="-41.3116830" lon="174.7451360">
    <ele>351.0</ele>
   </trkpt>
   <trkpt lat="-41.3117000" lon="174.7451330">
    <ele>351.0</ele>
   </trkpt>
   <trkpt lat="-41.3117190" lon="174.7451340">
    <ele>351.0</ele>
   </trkpt>
   <trkpt lat="-41.3117390" lon="174.7451350">
    <ele>351.0</ele>
   </trkpt>
   <trkpt lat="-41.3117600" lon="174.7451420">
    <ele>351.0</ele>
   </trkpt>
   <trkpt lat="-41.3117810" lon="174.7451480">
    <ele>352.0</ele>
   </trkpt>
   <trkpt lat="-41.3118030" lon="174.7451580">
    <ele>352.0</ele>
   </trkpt>
   <trkpt lat="-41.3118250" lon="174.7451670">
    <ele>352.0</ele>
   </trkpt>
   <trkpt lat="-41.3118470" lon="174.7451760">
    <ele>352.0</ele>
   </trkpt>
   <trkpt lat="-41.3118700" lon="174.7451840">
    <ele>352.0</ele>
   </trkpt>
   <trkpt lat="-41.3118920" lon="174.7451900">
    <ele>353.0</ele>
   </trkpt>
   <trkpt lat="-41.3119140" lon="174.7451960">
    <ele>353.0</ele>
   </trkpt>
   <trkpt lat="-41.3119360" lon="174.7452010">
    <ele>353.0</ele>
   </trkpt>
   <trkpt lat="-41.3119570" lon="174.7452060">
    <ele>353.0</ele>
   </trkpt>
   <trkpt lat="-41.3119780" lon="174.7452100">
    <ele>353.0</ele>
   </trkpt>
   <trkpt lat="-41.3119990" lon="174.7452140">
    <ele>354.0</ele>
   </trkpt>
   <trkpt lat="-41.3120200" lon="174.7452180">
    <ele>354.0</ele>
   </trkpt>
   <trkpt lat="-41.3120420" lon="174.7452210">
    <ele>354.0</ele>
   </trkpt>
   <trkpt lat="-41.3120650" lon="174.7452230">
    <ele>354.0</ele>
   </trkpt>
   <trkpt lat="-41.3120880" lon="174.7452240">
    <ele>354.0</ele>
   </trkpt>
   <trkpt lat="-41.3121110" lon="174.7452200">
    <ele>354.0</ele>
   </trkpt>
   <trkpt lat="-41.3121330" lon="174.7452160">
    <ele>354.0</ele>
   </trkpt>
   <trkpt lat="-41.3121550" lon="174.7452070">
    <ele>354.0</ele>
   </trkpt>
   <trkpt lat="-41.3121770" lon="174.7451990">
    <ele>354.0</ele>
   </trkpt>
   <trkpt lat="-41.3121990" lon="174.7451890">
    <ele>354.0</ele>
   </trkpt>
   <trkpt lat="-41.3122210" lon="174.7451790">
    <ele>354.0</ele>
   </trkpt>
   <trkpt lat="-41.3122440" lon="174.7451710">
    <ele>354.0</ele>
   </trkpt>
   <trkpt lat="-41.3122670" lon="174.7451620">
    <ele>354.0</ele>
   </trkpt>
   <trkpt lat="-41.3122890" lon="174.7451550">
    <ele>354.0</ele>
   </trkpt>
   <trkpt lat="-41.3123120" lon="174.7451480">
    <ele>354.0</ele>
   </trkpt>
   <trkpt lat="-41.3123320" lon="174.7451420">
    <ele>354.0</ele>
   </trkpt>
   <trkpt lat="-41.3123520" lon="174.7451360">
    <ele>354.0</ele>
   </trkpt>
   <trkpt lat="-41.3123680" lon="174.7451280">
    <ele>354.0</ele>
   </trkpt>
   <trkpt lat="-41.3123850" lon="174.7451200">
    <ele>354.0</ele>
   </trkpt>
   <trkpt lat="-41.3123980" lon="174.7451120">
    <ele>354.0</ele>
   </trkpt>
   <trkpt lat="-41.3124100" lon="174.7451040">
    <ele>355.0</ele>
   </trkpt>
   <trkpt lat="-41.3124210" lon="174.7450970">
    <ele>355.0</ele>
   </trkpt>
   <trkpt lat="-41.3124320" lon="174.7450910">
    <ele>355.0</ele>
   </trkpt>
   <trkpt lat="-41.3124460" lon="174.7450840">
    <ele>355.0</ele>
   </trkpt>
   <trkpt lat="-41.3124590" lon="174.7450770">
    <ele>355.0</ele>
   </trkpt>
   <trkpt lat="-41.3124790" lon="174.7450660">
    <ele>355.0</ele>
   </trkpt>
   <trkpt lat="-41.3124990" lon="174.7450560">
    <ele>355.0</ele>
   </trkpt>
   <trkpt lat="-41.3125230" lon="174.7450450">
    <ele>355.0</ele>
   </trkpt>
   <trkpt lat="-41.3125480" lon="174.7450340">
    <ele>355.0</ele>
   </trkpt>
   <trkpt lat="-41.3125770" lon="174.7450260">
    <ele>355.0</ele>
   </trkpt>
   <trkpt lat="-41.3126070" lon="174.7450190">
    <ele>355.0</ele>
   </trkpt>
   <trkpt lat="-41.3126390" lon="174.7450130">
    <ele>355.0</ele>
   </trkpt>
   <trkpt lat="-41.3126700" lon="174.7450080">
    <ele>355.0</ele>
   </trkpt>
   <trkpt lat="-41.3127000" lon="174.7449990">
    <ele>355.0</ele>
   </trkpt>
   <trkpt lat="-41.3127290" lon="174.7449910">
    <ele>355.0</ele>
   </trkpt>
   <trkpt lat="-41.3127560" lon="174.7449790">
    <ele>355.0</ele>
   </trkpt>
   <trkpt lat="-41.3127820" lon="174.7449660">
    <ele>354.0</ele>
   </trkpt>
   <trkpt lat="-41.3128050" lon="174.7449500">
    <ele>354.0</ele>
   </trkpt>
   <trkpt lat="-41.3128280" lon="174.7449340">
    <ele>354.0</ele>
   </trkpt>
   <trkpt lat="-41.3128480" lon="174.7449150">
    <ele>354.0</ele>
   </trkpt>
   <trkpt lat="-41.3128670" lon="174.7448950">
    <ele>354.0</ele>
   </trkpt>
   <trkpt lat="-41.3128820" lon="174.7448690">
    <ele>354.0</ele>
   </trkpt>
   <trkpt lat="-41.3128970" lon="174.7448430">
    <ele>354.0</ele>
   </trkpt>
   <trkpt lat="-41.3129040" lon="174.7448100">
    <ele>354.0</ele>
   </trkpt>
   <trkpt lat="-41.3129110" lon="174.7447780">
    <ele>354.0</ele>
   </trkpt>
   <trkpt lat="-41.3129100" lon="174.7447450">
    <ele>354.0</ele>
   </trkpt>
   <trkpt lat="-41.3129090" lon="174.7447110">
    <ele>354.0</ele>
   </trkpt>
   <trkpt lat="-41.3129020" lon="174.7446800">
    <ele>354.0</ele>
   </trkpt>
   <trkpt lat="-41.3128950" lon="174.7446490">
    <ele>354.0</ele>
   </trkpt>
   <trkpt lat="-41.3128810" lon="174.7446220">
    <ele>354.0</ele>
   </trkpt>
   <trkpt lat="-41.3128680" lon="174.7445950">
    <ele>354.0</ele>
   </trkpt>
   <trkpt lat="-41.3128490" lon="174.7445750">
    <ele>354.0</ele>
   </trkpt>
   <trkpt lat="-41.3128300" lon="174.7445560">
    <ele>354.0</ele>
   </trkpt>
   <trkpt lat="-41.3128090" lon="174.7445410">
    <ele>354.0</ele>
   </trkpt>
   <trkpt lat="-41.3127880" lon="174.7445270">
    <ele>354.0</ele>
   </trkpt>
   <trkpt lat="-41.3127670" lon="174.7445140">
    <ele>354.0</ele>
   </trkpt>
   <trkpt lat="-41.3127460" lon="174.7445020">
    <ele>354.0</ele>
   </trkpt>
   <trkpt lat="-41.3127270" lon="174.7444890">
    <ele>354.0</ele>
   </trkpt>
   <trkpt lat="-41.3127090" lon="174.7444760">
    <ele>354.0</ele>
   </trkpt>
   <trkpt lat="-41.3126910" lon="174.7444610">
    <ele>354.0</ele>
   </trkpt>
   <trkpt lat="-41.3126740" lon="174.7444470">
    <ele>354.0</ele>
   </trkpt>
   <trkpt lat="-41.3126550" lon="174.7444340">
    <ele>354.0</ele>
   </trkpt>
   <trkpt lat="-41.3126370" lon="174.7444210">
    <ele>354.0</ele>
   </trkpt>
   <trkpt lat="-41.3126160" lon="174.7444120">
    <ele>354.0</ele>
   </trkpt>
   <trkpt lat="-41.3125950" lon="174.7444030">
    <ele>354.0</ele>
   </trkpt>
   <trkpt lat="-41.3125740" lon="174.7443970">
    <ele>354.0</ele>
   </trkpt>
   <trkpt lat="-41.3125530" lon="174.7443900">
    <ele>353.0</ele>
   </trkpt>
   <trkpt lat="-41.3125330" lon="174.7443850">
    <ele>353.0</ele>
   </trkpt>
   <trkpt lat="-41.3125120" lon="174.7443800">
    <ele>353.0</ele>
   </trkpt>
   <trkpt lat="-41.3124920" lon="174.7443750">
    <ele>353.0</ele>
   </trkpt>
   <trkpt lat="-41.3124720" lon="174.7443710">
    <ele>353.0</ele>
   </trkpt>
   <trkpt lat="-41.3124540" lon="174.7443650">
    <ele>353.0</ele>
   </trkpt>
   <trkpt lat="-41.3124350" lon="174.7443590">
    <ele>353.0</ele>
   </trkpt>
   <trkpt lat="-41.3124170" lon="174.7443500">
    <ele>353.0</ele>
   </trkpt>
   <trkpt lat="-41.3124000" lon="174.7443400">
    <ele>353.0</ele>
   </trkpt>
   <trkpt lat="-41.3123820" lon="174.7443270">
    <ele>353.0</ele>
   </trkpt>
   <trkpt lat="-41.3123630" lon="174.7443140">
    <ele>353.0</ele>
   </trkpt>
   <trkpt lat="-41.3123460" lon="174.7442970">
    <ele>353.0</ele>
   </trkpt>
   <trkpt lat="-41.3123280" lon="174.7442800">
    <ele>353.0</ele>
   </trkpt>
   <trkpt lat="-41.3123110" lon="174.7442610">
    <ele>353.0</ele>
   </trkpt>
   <trkpt lat="-41.3122940" lon="174.7442420">
    <ele>354.0</ele>
   </trkpt>
   <trkpt lat="-41.3122800" lon="174.7442220">
    <ele>354.0</ele>
   </trkpt>
   <trkpt lat="-41.3122650" lon="174.7442020">
    <ele>354.0</ele>
   </trkpt>
   <trkpt lat="-41.3122520" lon="174.7441820">
    <ele>354.0</ele>
   </trkpt>
   <trkpt lat="-41.3122390" lon="174.7441620">
    <ele>354.0</ele>
   </trkpt>
   <trkpt lat="-41.3122290" lon="174.7441400">
    <ele>355.0</ele>
   </trkpt>
   <trkpt lat="-41.3122190" lon="174.7441180">
    <ele>355.0</ele>
   </trkpt>
   <trkpt lat="-41.3122090" lon="174.7440920">
    <ele>355.0</ele>
   </trkpt>
   <trkpt lat="-41.3121990" lon="174.7440670">
    <ele>355.0</ele>
   </trkpt>
   <trkpt lat="-41.3121860" lon="174.7440480">
    <ele>355.0</ele>
   </trkpt>
   <trkpt lat="-41.3121720" lon="174.7440280">
    <ele>355.0</ele>
   </trkpt>
   <trkpt lat="-41.3121560" lon="174.7440230">
    <ele>355.0</ele>
   </trkpt>
   <trkpt lat="-41.3121400" lon="174.7440170">
    <ele>355.0</ele>
   </trkpt>
   <trkpt lat="-41.3121260" lon="174.7440200">
    <ele>355.0</ele>
   </trkpt>
   <trkpt lat="-41.3121110" lon="174.7440230">
    <ele>355.0</ele>
   </trkpt>
   <trkpt lat="-41.3120990" lon="174.7440290">
    <ele>356.0</ele>
   </trkpt>
   <trkpt lat="-41.3120870" lon="174.7440340">
    <ele>356.0</ele>
   </trkpt>
   <trkpt lat="-41.3120780" lon="174.7440420">
    <ele>356.0</ele>
   </trkpt>
   <trkpt lat="-41.3120700" lon="174.7440500">
    <ele>356.0</ele>
   </trkpt>
   <trkpt lat="-41.3120700" lon="174.7440560">
    <ele>356.0</ele>
   </trkpt>
   <trkpt lat="-41.3120700" lon="174.7440620">
    <ele>357.0</ele>
   </trkpt>
   <trkpt lat="-41.3120780" lon="174.7440640">
    <ele>357.0</ele>
   </trkpt>
   <trkpt lat="-41.3120860" lon="174.7440660">
    <ele>357.0</ele>
   </trkpt>
   <trkpt lat="-41.3120980" lon="174.7440680">
    <ele>357.0</ele>
   </trkpt>
   <trkpt lat="-41.3121100" lon="174.7440710">
    <ele>357.0</ele>
   </trkpt>
   <trkpt lat="-41.3121220" lon="174.7440820">
    <ele>358.0</ele>
   </trkpt>
   <trkpt lat="-41.3121350" lon="174.7440930">
    <ele>358.0</ele>
   </trkpt>
   <trkpt lat="-41.3121460" lon="174.7441130">
    <ele>358.0</ele>
   </trkpt>
   <trkpt lat="-41.3121580" lon="174.7441320">
    <ele>358.0</ele>
   </trkpt>
   <trkpt lat="-41.3121680" lon="174.7441570">
    <ele>358.0</ele>
   </trkpt>
   <trkpt lat="-41.3121790" lon="174.7441810">
    <ele>359.0</ele>
   </trkpt>
   <trkpt lat="-41.3121890" lon="174.7442040">
    <ele>359.0</ele>
   </trkpt>
   <trkpt lat="-41.3121990" lon="174.7442280">
    <ele>359.0</ele>
   </trkpt>
   <trkpt lat="-41.3122090" lon="174.7442470">
    <ele>359.0</ele>
   </trkpt>
   <trkpt lat="-41.3122200" lon="174.7442670">
    <ele>359.0</ele>
   </trkpt>
   <trkpt lat="-41.3122280" lon="174.7442830">
    <ele>359.0</ele>
   </trkpt>
   <trkpt lat="-41.3122370" lon="174.7442990">
    <ele>359.0</ele>
   </trkpt>
   <trkpt lat="-41.3122370" lon="174.7443050">
    <ele>359.0</ele>
   </trkpt>
   <trkpt lat="-41.3122380" lon="174.7443130">
    <ele>359.0</ele>
   </trkpt>
   <trkpt lat="-41.3122320" lon="174.7443080">
    <ele>359.0</ele>
   </trkpt>
   <trkpt lat="-41.3122260" lon="174.7443040">
    <ele>360.0</ele>
   </trkpt>
   <trkpt lat="-41.3122170" lon="174.7442910">
    <ele>360.0</ele>
   </trkpt>
   <trkpt lat="-41.3122070" lon="174.7442780">
    <ele>360.0</ele>
   </trkpt>
   <trkpt lat="-41.3121930" lon="174.7442590">
    <ele>360.0</ele>
   </trkpt>
   <trkpt lat="-41.3121790" lon="174.7442410">
    <ele>360.0</ele>
   </trkpt>
   <trkpt lat="-41.3121610" lon="174.7442200">
    <ele>361.0</ele>
   </trkpt>
   <trkpt lat="-41.3121430" lon="174.7442000">
    <ele>361.0</ele>
   </trkpt>
   <trkpt lat="-41.3121230" lon="174.7441870">
    <ele>361.0</ele>
   </trkpt>
   <trkpt lat="-41.3121040" lon="174.7441730">
    <ele>361.0</ele>
   </trkpt>
   <trkpt lat="-41.3120840" lon="174.7441690">
    <ele>361.0</ele>
   </trkpt>
   <trkpt lat="-41.3120640" lon="174.7441650">
    <ele>362.0</ele>
   </trkpt>
   <trkpt lat="-41.3120440" lon="174.7441670">
    <ele>362.0</ele>
   </trkpt>
   <trkpt lat="-41.3120240" lon="174.7441690">
    <ele>362.0</ele>
   </trkpt>
   <trkpt lat="-41.3120030" lon="174.7441730">
    <ele>362.0</ele>
   </trkpt>
   <trkpt lat="-41.3119830" lon="174.7441780">
    <ele>362.0</ele>
   </trkpt>
   <trkpt lat="-41.3119640" lon="174.7441870">
    <ele>363.0</ele>
   </trkpt>
   <trkpt lat="-41.3119450" lon="174.7441970">
    <ele>363.0</ele>
   </trkpt>
   <trkpt lat="-41.3119310" lon="174.7442100">
    <ele>363.0</ele>
   </trkpt>
   <trkpt lat="-41.3119160" lon="174.7442240">
    <ele>363.0</ele>
   </trkpt>
   <trkpt lat="-41.3119060" lon="174.7442370">
    <ele>363.0</ele>
   </trkpt>
   <trkpt lat="-41.3118970" lon="174.7442500">
    <ele>364.0</ele>
   </trkpt>
   <trkpt lat="-41.3118900" lon="174.7442620">
    <ele>364.0</ele>
   </trkpt>
   <trkpt lat="-41.3118830" lon="174.7442730">
    <ele>364.0</ele>
   </trkpt>
   <trkpt lat="-41.3118770" lon="174.7442840">
    <ele>364.0</ele>
   </trkpt>
   <trkpt lat="-41.3118710" lon="174.7442960">
    <ele>364.0</ele>
   </trkpt>
   <trkpt lat="-41.3118650" lon="174.7443050">
    <ele>365.0</ele>
   </trkpt>
   <trkpt lat="-41.3118590" lon="174.7443140">
    <ele>365.0</ele>
   </trkpt>
   <trkpt lat="-41.3118540" lon="174.7443160">
    <ele>365.0</ele>
   </trkpt>
   <trkpt lat="-41.3118500" lon="174.7443190">
    <ele>365.0</ele>
   </trkpt>
   <trkpt lat="-41.3118410" lon="174.7443230">
    <ele>365.0</ele>
   </trkpt>
   <trkpt lat="-41.3118320" lon="174.7443270">
    <ele>365.0</ele>
   </trkpt>
   <trkpt lat="-41.3118180" lon="174.7443330">
    <ele>365.0</ele>
   </trkpt>
   <trkpt lat="-41.3118050" lon="174.7443400">
    <ele>365.0</ele>
   </trkpt>
   <trkpt lat="-41.3117880" lon="174.7443500">
    <ele>365.0</ele>
   </trkpt>
   <trkpt lat="-41.3117710" lon="174.7443590">
    <ele>365.0</ele>
   </trkpt>
   <trkpt lat="-41.3117510" lon="174.7443670">
    <ele>365.0</ele>
   </trkpt>
   <trkpt lat="-41.3117320" lon="174.7443740">
    <ele>365.0</ele>
   </trkpt>
   <trkpt lat="-41.3117120" lon="174.7443740">
    <ele>365.0</ele>
   </trkpt>
   <trkpt lat="-41.3116920" lon="174.7443730">
    <ele>365.0</ele>
   </trkpt>
   <trkpt lat="-41.3116740" lon="174.7443640">
    <ele>365.0</ele>
   </trkpt>
   <trkpt lat="-41.3116570" lon="174.7443540">
    <ele>365.0</ele>
   </trkpt>
   <trkpt lat="-41.3116390" lon="174.7443380">
    <ele>365.0</ele>
   </trkpt>
   <trkpt lat="-41.3116210" lon="174.7443220">
    <ele>365.0</ele>
   </trkpt>
   <trkpt lat="-41.3116040" lon="174.7443050">
    <ele>365.0</ele>
   </trkpt>
   <trkpt lat="-41.3115870" lon="174.7442880">
    <ele>365.0</ele>
   </trkpt>
   <trkpt lat="-41.3115720" lon="174.7442690">
    <ele>366.0</ele>
   </trkpt>
   <trkpt lat="-41.3115560" lon="174.7442510">
    <ele>366.0</ele>
   </trkpt>
   <trkpt lat="-41.3115420" lon="174.7442310">
    <ele>366.0</ele>
   </trkpt>
   <trkpt lat="-41.3115280" lon="174.7442100">
    <ele>366.0</ele>
   </trkpt>
   <trkpt lat="-41.3115160" lon="174.7441880">
    <ele>366.0</ele>
   </trkpt>
   <trkpt lat="-41.3115040" lon="174.7441670">
    <ele>366.0</ele>
   </trkpt>
   <trkpt lat="-41.3114930" lon="174.7441420">
    <ele>366.0</ele>
   </trkpt>
   <trkpt lat="-41.3114830" lon="174.7441180">
    <ele>366.0</ele>
   </trkpt>
   <trkpt lat="-41.3114680" lon="174.7440960">
    <ele>366.0</ele>
   </trkpt>
   <trkpt lat="-41.3114540" lon="174.7440740">
    <ele>366.0</ele>
   </trkpt>
   <trkpt lat="-41.3114370" lon="174.7440610">
    <ele>367.0</ele>
   </trkpt>
   <trkpt lat="-41.3114190" lon="174.7440480">
    <ele>367.0</ele>
   </trkpt>
   <trkpt lat="-41.3114020" lon="174.7440370">
    <ele>367.0</ele>
   </trkpt>
   <trkpt lat="-41.3113850" lon="174.7440250">
    <ele>367.0</ele>
   </trkpt>
   <trkpt lat="-41.3113700" lon="174.7440030">
    <ele>367.0</ele>
   </trkpt>
   <trkpt lat="-41.3113550" lon="174.7439810">
    <ele>367.0</ele>
   </trkpt>
   <trkpt lat="-41.3113430" lon="174.7439530">
    <ele>367.0</ele>
   </trkpt>
   <trkpt lat="-41.3113300" lon="174.7439250">
    <ele>367.0</ele>
   </trkpt>
   <trkpt lat="-41.3113180" lon="174.7439090">
    <ele>367.0</ele>
   </trkpt>
   <trkpt lat="-41.3113060" lon="174.7438930">
    <ele>367.0</ele>
   </trkpt>
   <trkpt lat="-41.3113000" lon="174.7438970">
    <ele>368.0</ele>
   </trkpt>
   <trkpt lat="-41.3112930" lon="174.7439020">
    <ele>368.0</ele>
   </trkpt>
   <trkpt lat="-41.3112920" lon="174.7439190">
    <ele>368.0</ele>
   </trkpt>
   <trkpt lat="-41.3112900" lon="174.7439360">
    <ele>368.0</ele>
   </trkpt>
   <trkpt lat="-41.3112920" lon="174.7439560">
    <ele>368.0</ele>
   </trkpt>
   <trkpt lat="-41.3112940" lon="174.7439770">
    <ele>368.0</ele>
   </trkpt>
   <trkpt lat="-41.3113000" lon="174.7439970">
    <ele>368.0</ele>
   </trkpt>
   <trkpt lat="-41.3113060" lon="174.7440170">
    <ele>368.0</ele>
   </trkpt>
   <trkpt lat="-41.3113160" lon="174.7440350">
    <ele>368.0</ele>
   </trkpt>
   <trkpt lat="-41.3113270" lon="174.7440530">
    <ele>368.0</ele>
   </trkpt>
   <trkpt lat="-41.3113370" lon="174.7440700">
    <ele>369.0</ele>
   </trkpt>
   <trkpt lat="-41.3113470" lon="174.7440880">
    <ele>369.0</ele>
   </trkpt>
   <trkpt lat="-41.3113540" lon="174.7441080">
    <ele>369.0</ele>
   </trkpt>
   <trkpt lat="-41.3113610" lon="174.7441290">
    <ele>369.0</ele>
   </trkpt>
   <trkpt lat="-41.3113660" lon="174.7441520">
    <ele>369.0</ele>
   </trkpt>
   <trkpt lat="-41.3113710" lon="174.7441750">
    <ele>370.0</ele>
   </trkpt>
   <trkpt lat="-41.3113760" lon="174.7442000">
    <ele>370.0</ele>
   </trkpt>
   <trkpt lat="-41.3113800" lon="174.7442250">
    <ele>370.0</ele>
   </trkpt>
   <trkpt lat="-41.3113830" lon="174.7442480">
    <ele>370.0</ele>
   </trkpt>
   <trkpt lat="-41.3113870" lon="174.7442710">
    <ele>370.0</ele>
   </trkpt>
   <trkpt lat="-41.3113890" lon="174.7442900">
    <ele>371.0</ele>
   </trkpt>
   <trkpt lat="-41.3113920" lon="174.7443090">
    <ele>371.0</ele>
   </trkpt>
   <trkpt lat="-41.3113960" lon="174.7443260">
    <ele>371.0</ele>
   </trkpt>
   <trkpt lat="-41.3114000" lon="174.7443420">
    <ele>371.0</ele>
   </trkpt>
   <trkpt lat="-41.3114050" lon="174.7443580">
    <ele>371.0</ele>
   </trkpt>
   <trkpt lat="-41.3114090" lon="174.7443730">
    <ele>372.0</ele>
   </trkpt>
   <trkpt lat="-41.3114140" lon="174.7443900">
    <ele>372.0</ele>
   </trkpt>
   <trkpt lat="-41.3114190" lon="174.7444060">
    <ele>372.0</ele>
   </trkpt>
   <trkpt lat="-41.3114220" lon="174.7444230">
    <ele>372.0</ele>
   </trkpt>
   <trkpt lat="-41.3114250" lon="174.7444410">
    <ele>372.0</ele>
   </trkpt>
   <trkpt lat="-41.3114250" lon="174.7444580">
    <ele>373.0</ele>
   </trkpt>
   <trkpt lat="-41.3114250" lon="174.7444750">
    <ele>373.0</ele>
   </trkpt>
   <trkpt lat="-41.3114210" lon="174.7444910">
    <ele>373.0</ele>
   </trkpt>
   <trkpt lat="-41.3114160" lon="174.7445060">
    <ele>373.0</ele>
   </trkpt>
   <trkpt lat="-41.3114070" lon="174.7445180">
    <ele>373.0</ele>
   </trkpt>
   <trkpt lat="-41.3113980" lon="174.7445290">
    <ele>374.0</ele>
   </trkpt>
   <trkpt lat="-41.3113850" lon="174.7445380">
    <ele>374.0</ele>
   </trkpt>
   <trkpt lat="-41.3113730" lon="174.7445460">
    <ele>374.0</ele>
   </trkpt>
   <trkpt lat="-41.3113610" lon="174.7445520">
    <ele>374.0</ele>
   </trkpt>
   <trkpt lat="-41.3113490" lon="174.7445590">
    <ele>374.0</ele>
   </trkpt>
   <trkpt lat="-41.3113380" lon="174.7445660">
    <ele>375.0</ele>
   </trkpt>
   <trkpt lat="-41.3113280" lon="174.7445740">
    <ele>375.0</ele>
   </trkpt>
   <trkpt lat="-41.3113180" lon="174.7445840">
    <ele>375.0</ele>
   </trkpt>
   <trkpt lat="-41.3113090" lon="174.7445930">
    <ele>375.0</ele>
   </trkpt>
   <trkpt lat="-41.3113000" lon="174.7446060">
    <ele>375.0</ele>
   </trkpt>
   <trkpt lat="-41.3112920" lon="174.7446190">
    <ele>375.0</ele>
   </trkpt>
   <trkpt lat="-41.3112830" lon="174.7446320">
    <ele>375.0</ele>
   </trkpt>
   <trkpt lat="-41.3112740" lon="174.7446450">
    <ele>375.0</ele>
   </trkpt>
   <trkpt lat="-41.3112650" lon="174.7446590">
    <ele>375.0</ele>
   </trkpt>
   <trkpt lat="-41.3112560" lon="174.7446730">
    <ele>375.0</ele>
   </trkpt>
   <trkpt lat="-41.3112480" lon="174.7446860">
    <ele>375.0</ele>
   </trkpt>
   <trkpt lat="-41.3112400" lon="174.7446990">
    <ele>375.0</ele>
   </trkpt>
   <trkpt lat="-41.3112310" lon="174.7447110">
    <ele>375.0</ele>
   </trkpt>
   <trkpt lat="-41.3112230" lon="174.7447230">
    <ele>375.0</ele>
   </trkpt>
   <trkpt lat="-41.3112130" lon="174.7447340">
    <ele>375.0</ele>
   </trkpt>
   <trkpt lat="-41.3112040" lon="174.7447450">
    <ele>375.0</ele>
   </trkpt>
   <trkpt lat="-41.3111830" lon="174.7447610">
    <ele>375.0</ele>
   </trkpt>
   <trkpt lat="-41.3111620" lon="174.7447780">
    <ele>375.0</ele>
   </trkpt>
   <trkpt lat="-41.3108870" lon="174.7450330">
    <ele>375.0</ele>
   </trkpt>
   <trkpt lat="-41.3108800" lon="174.7450360">
    <ele>375.0</ele>
   </trkpt>
   <trkpt lat="-41.3108740" lon="174.7450390">
    <ele>375.0</ele>
   </trkpt>
   <trkpt lat="-41.3108620" lon="174.7450500">
    <ele>375.0</ele>
   </trkpt>
   <trkpt lat="-41.3108510" lon="174.7450600">
    <ele>379.0</ele>
   </trkpt>
   <trkpt lat="-41.3108380" lon="174.7450800">
    <ele>379.0</ele>
   </trkpt>
   <trkpt lat="-41.3108240" lon="174.7450990">
    <ele>379.0</ele>
   </trkpt>
   <trkpt lat="-41.3108100" lon="174.7451230">
    <ele>379.0</ele>
   </trkpt>
   <trkpt lat="-41.3107960" lon="174.7451480">
    <ele>379.0</ele>
   </trkpt>
   <trkpt lat="-41.3107820" lon="174.7451740">
    <ele>379.0</ele>
   </trkpt>
   <trkpt lat="-41.3107690" lon="174.7452000">
    <ele>379.0</ele>
   </trkpt>
   <trkpt lat="-41.3107560" lon="174.7452250">
    <ele>379.0</ele>
   </trkpt>
   <trkpt lat="-41.3107420" lon="174.7452500">
    <ele>379.0</ele>
   </trkpt>
   <trkpt lat="-41.3107290" lon="174.7452720">
    <ele>379.0</ele>
   </trkpt>
   <trkpt lat="-41.3107160" lon="174.7452940">
    <ele>379.0</ele>
   </trkpt>
   <trkpt lat="-41.3107030" lon="174.7453140">
    <ele>378.0</ele>
   </trkpt>
   <trkpt lat="-41.3106900" lon="174.7453340">
    <ele>378.0</ele>
   </trkpt>
   <trkpt lat="-41.3106770" lon="174.7453510">
    <ele>378.0</ele>
   </trkpt>
   <trkpt lat="-41.3106650" lon="174.7453680">
    <ele>378.0</ele>
   </trkpt>
   <trkpt lat="-41.3106510" lon="174.7453820">
    <ele>378.0</ele>
   </trkpt>
   <trkpt lat="-41.3106370" lon="174.7453950">
    <ele>377.0</ele>
   </trkpt>
   <trkpt lat="-41.3106210" lon="174.7454050">
    <ele>377.0</ele>
   </trkpt>
   <trkpt lat="-41.3106050" lon="174.7454150">
    <ele>376.0</ele>
   </trkpt>
   <trkpt lat="-41.3105860" lon="174.7454230">
    <ele>376.0</ele>
   </trkpt>
   <trkpt lat="-41.3105670" lon="174.7454320">
    <ele>376.0</ele>
   </trkpt>
   <trkpt lat="-41.3105470" lon="174.7454380">
    <ele>375.0</ele>
   </trkpt>
   <trkpt lat="-41.3105270" lon="174.7454440">
    <ele>375.0</ele>
   </trkpt>
   <trkpt lat="-41.3105080" lon="174.7454490">
    <ele>375.0</ele>
   </trkpt>
   <trkpt lat="-41.3104900" lon="174.7454540">
    <ele>375.0</ele>
   </trkpt>
   <trkpt lat="-41.3104720" lon="174.7454580">
    <ele>375.0</ele>
   </trkpt>
   <trkpt lat="-41.3104550" lon="174.7454610">
    <ele>374.0</ele>
   </trkpt>
   <trkpt lat="-41.3104370" lon="174.7454640">
    <ele>373.0</ele>
   </trkpt>
   <trkpt lat="-41.3104200" lon="174.7454670">
    <ele>373.0</ele>
   </trkpt>
   <trkpt lat="-41.3104010" lon="174.7454700">
    <ele>372.0</ele>
   </trkpt>
   <trkpt lat="-41.3103820" lon="174.7454740">
    <ele>372.0</ele>
   </trkpt>
   <trkpt lat="-41.3103600" lon="174.7454760">
    <ele>371.0</ele>
   </trkpt>
   <trkpt lat="-41.3103390" lon="174.7454770">
    <ele>371.0</ele>
   </trkpt>
   <trkpt lat="-41.3103150" lon="174.7454780">
    <ele>371.0</ele>
   </trkpt>
   <trkpt lat="-41.3102910" lon="174.7454780">
    <ele>371.0</ele>
   </trkpt>
   <trkpt lat="-41.3102640" lon="174.7454770">
    <ele>371.0</ele>
   </trkpt>
   <trkpt lat="-41.3102380" lon="174.7454770">
    <ele>370.0</ele>
   </trkpt>
   <trkpt lat="-41.3102110" lon="174.7454770">
    <ele>369.0</ele>
   </trkpt>
   <trkpt lat="-41.3101850" lon="174.7454770">
    <ele>369.0</ele>
   </trkpt>
   <trkpt lat="-41.3101580" lon="174.7454780">
    <ele>368.0</ele>
   </trkpt>
   <trkpt lat="-41.3101320" lon="174.7454800">
    <ele>368.0</ele>
   </trkpt>
   <trkpt lat="-41.3101070" lon="174.7454830">
    <ele>367.0</ele>
   </trkpt>
   <trkpt lat="-41.3100830" lon="174.7454870">
    <ele>367.0</ele>
   </trkpt>
   <trkpt lat="-41.3100580" lon="174.7454900">
    <ele>366.0</ele>
   </trkpt>
   <trkpt lat="-41.3100340" lon="174.7454930">
    <ele>366.0</ele>
   </trkpt>
   <trkpt lat="-41.3100110" lon="174.7454950">
    <ele>366.0</ele>
   </trkpt>
   <trkpt lat="-41.3099870" lon="174.7454980">
    <ele>365.0</ele>
   </trkpt>
   <trkpt lat="-41.3099640" lon="174.7454980">
    <ele>365.0</ele>
   </trkpt>
   <trkpt lat="-41.3099420" lon="174.7454990">
    <ele>365.0</ele>
   </trkpt>
   <trkpt lat="-41.3099200" lon="174.7455010">
    <ele>365.0</ele>
   </trkpt>
   <trkpt lat="-41.3098970" lon="174.7455030">
    <ele>365.0</ele>
   </trkpt>
   <trkpt lat="-41.3098750" lon="174.7455050">
    <ele>364.0</ele>
   </trkpt>
   <trkpt lat="-41.3098530" lon="174.7455080">
    <ele>364.0</ele>
   </trkpt>
   <trkpt lat="-41.3098310" lon="174.7455110">
    <ele>364.0</ele>
   </trkpt>
   <trkpt lat="-41.3098080" lon="174.7455140">
    <ele>364.0</ele>
   </trkpt>
   <trkpt lat="-41.3097870" lon="174.7455180">
    <ele>364.0</ele>
   </trkpt>
   <trkpt lat="-41.3097650" lon="174.7455220">
    <ele>363.0</ele>
   </trkpt>
   <trkpt lat="-41.3097440" lon="174.7455260">
    <ele>363.0</ele>
   </trkpt>
   <trkpt lat="-41.3097230" lon="174.7455310">
    <ele>363.0</ele>
   </trkpt>
   <trkpt lat="-41.3097020" lon="174.7455350">
    <ele>363.0</ele>
   </trkpt>
   <trkpt lat="-41.3096810" lon="174.7455400">
    <ele>363.0</ele>
   </trkpt>
   <trkpt lat="-41.3096590" lon="174.7455450">
    <ele>362.0</ele>
   </trkpt>
   <trkpt lat="-41.3096380" lon="174.7455510">
    <ele>362.0</ele>
   </trkpt>
   <trkpt lat="-41.3096150" lon="174.7455560">
    <ele>362.0</ele>
   </trkpt>
   <trkpt lat="-41.3095920" lon="174.7455610">
    <ele>362.0</ele>
   </trkpt>
   <trkpt lat="-41.3095690" lon="174.7455650">
    <ele>362.0</ele>
   </trkpt>
   <trkpt lat="-41.3095450" lon="174.7455690">
    <ele>361.0</ele>
   </trkpt>
   <trkpt lat="-41.3095220" lon="174.7455690">
    <ele>361.0</ele>
   </trkpt>
   <trkpt lat="-41.3094980" lon="174.7455700">
    <ele>360.0</ele>
   </trkpt>
   <trkpt lat="-41.3094750" lon="174.7455680">
    <ele>360.0</ele>
   </trkpt>
   <trkpt lat="-41.3094520" lon="174.7455660">
    <ele>360.0</ele>
   </trkpt>
   <trkpt lat="-41.3094300" lon="174.7455650">
    <ele>359.0</ele>
   </trkpt>
   <trkpt lat="-41.3094080" lon="174.7455640">
    <ele>359.0</ele>
   </trkpt>
   <trkpt lat="-41.3093860" lon="174.7455640">
    <ele>358.0</ele>
   </trkpt>
   <trkpt lat="-41.3093640" lon="174.7455640">
    <ele>358.0</ele>
   </trkpt>
   <trkpt lat="-41.3093440" lon="174.7455650">
    <ele>358.0</ele>
   </trkpt>
   <trkpt lat="-41.3093230" lon="174.7455660">
    <ele>357.0</ele>
   </trkpt>
   <trkpt lat="-41.3093040" lon="174.7455680">
    <ele>357.0</ele>
   </trkpt>
   <trkpt lat="-41.3092860" lon="174.7455710">
    <ele>356.0</ele>
   </trkpt>
   <trkpt lat="-41.3092700" lon="174.7455780">
    <ele>356.0</ele>
   </trkpt>
   <trkpt lat="-41.3092540" lon="174.7455840">
    <ele>356.0</ele>
   </trkpt>
   <trkpt lat="-41.3092390" lon="174.7455920">
    <ele>355.0</ele>
   </trkpt>
   <trkpt lat="-41.3092250" lon="174.7456000">
    <ele>355.0</ele>
   </trkpt>
   <trkpt lat="-41.3092110" lon="174.7456090">
    <ele>355.0</ele>
   </trkpt>
   <trkpt lat="-41.3091980" lon="174.7456170">
    <ele>355.0</ele>
   </trkpt>
   <trkpt lat="-41.3091860" lon="174.7456230">
    <ele>355.0</ele>
   </trkpt>
   <trkpt lat="-41.3091730" lon="174.7456300">
    <ele>354.0</ele>
   </trkpt>
   <trkpt lat="-41.3091610" lon="174.7456370">
    <ele>353.0</ele>
   </trkpt>
   <trkpt lat="-41.3091480" lon="174.7456440">
    <ele>353.0</ele>
   </trkpt>
   <trkpt lat="-41.3091350" lon="174.7456520">
    <ele>352.0</ele>
   </trkpt>
   <trkpt lat="-41.3091230" lon="174.7456600">
    <ele>352.0</ele>
   </trkpt>
   <trkpt lat="-41.3091100" lon="174.7456700">
    <ele>351.0</ele>
   </trkpt>
   <trkpt lat="-41.3090970" lon="174.7456800">
    <ele>351.0</ele>
   </trkpt>
   <trkpt lat="-41.3090840" lon="174.7456900">
    <ele>350.0</ele>
   </trkpt>
   <trkpt lat="-41.3090710" lon="174.7457000">
    <ele>350.0</ele>
   </trkpt>
   <trkpt lat="-41.3090570" lon="174.7457090">
    <ele>350.0</ele>
   </trkpt>
   <trkpt lat="-41.3090430" lon="174.7457190">
    <ele>349.0</ele>
   </trkpt>
   <trkpt lat="-41.3090270" lon="174.7457280">
    <ele>349.0</ele>
   </trkpt>
   <trkpt lat="-41.3090120" lon="174.7457370">
    <ele>348.0</ele>
   </trkpt>
   <trkpt lat="-41.3089970" lon="174.7457450">
    <ele>348.0</ele>
   </trkpt>
   <trkpt lat="-41.3089810" lon="174.7457540">
    <ele>348.0</ele>
   </trkpt>
   <trkpt lat="-41.3089630" lon="174.7457620">
    <ele>347.0</ele>
   </trkpt>
   <trkpt lat="-41.3089460" lon="174.7457700">
    <ele>347.0</ele>
   </trkpt>
   <trkpt lat="-41.3089260" lon="174.7457800">
    <ele>346.0</ele>
   </trkpt>
   <trkpt lat="-41.3089070" lon="174.7457900">
    <ele>346.0</ele>
   </trkpt>
   <trkpt lat="-41.3088860" lon="174.7458020">
    <ele>346.0</ele>
   </trkpt>
   <trkpt lat="-41.3088640" lon="174.7458140">
    <ele>345.0</ele>
   </trkpt>
   <trkpt lat="-41.3088430" lon="174.7458250">
    <ele>344.0</ele>
   </trkpt>
   <trkpt lat="-41.3088220" lon="174.7458370">
    <ele>344.0</ele>
   </trkpt>
   <trkpt lat="-41.3088010" lon="174.7458460">
    <ele>343.0</ele>
   </trkpt>
   <trkpt lat="-41.3087800" lon="174.7458540">
    <ele>343.0</ele>
   </trkpt>
   <trkpt lat="-41.3087590" lon="174.7458600">
    <ele>342.0</ele>
   </trkpt>
   <trkpt lat="-41.3087380" lon="174.7458670">
    <ele>342.0</ele>
   </trkpt>
   <trkpt lat="-41.3087170" lon="174.7458710">
    <ele>341.0</ele>
   </trkpt>
   <trkpt lat="-41.3086970" lon="174.7458750">
    <ele>341.0</ele>
   </trkpt>
   <trkpt lat="-41.3086750" lon="174.7458790">
    <ele>341.0</ele>
   </trkpt>
   <trkpt lat="-41.3086540" lon="174.7458820">
    <ele>340.0</ele>
   </trkpt>
   <trkpt lat="-41.3086320" lon="174.7458860">
    <ele>339.0</ele>
   </trkpt>
   <trkpt lat="-41.3086110" lon="174.7458900">
    <ele>339.0</ele>
   </trkpt>
   <trkpt lat="-41.3085900" lon="174.7458950">
    <ele>338.0</ele>
   </trkpt>
   <trkpt lat="-41.3085690" lon="174.7459000">
    <ele>338.0</ele>
   </trkpt>
   <trkpt lat="-41.3085490" lon="174.7459050">
    <ele>337.0</ele>
   </trkpt>
   <trkpt lat="-41.3085290" lon="174.7459100">
    <ele>337.0</ele>
   </trkpt>
   <trkpt lat="-41.3085100" lon="174.7459150">
    <ele>336.0</ele>
   </trkpt>
   <trkpt lat="-41.3084910" lon="174.7459200">
    <ele>336.0</ele>
   </trkpt>
   <trkpt lat="-41.3084720" lon="174.7459250">
    <ele>336.0</ele>
   </trkpt>
   <trkpt lat="-41.3084530" lon="174.7459300">
    <ele>335.0</ele>
   </trkpt>
   <trkpt lat="-41.3084350" lon="174.7459370">
    <ele>335.0</ele>
   </trkpt>
   <trkpt lat="-41.3084170" lon="174.7459430">
    <ele>334.0</ele>
   </trkpt>
   <trkpt lat="-41.3084010" lon="174.7459510">
    <ele>334.0</ele>
   </trkpt>
   <trkpt lat="-41.3083840" lon="174.7459590">
    <ele>334.0</ele>
   </trkpt>
   <trkpt lat="-41.3083690" lon="174.7459690">
    <ele>333.0</ele>
   </trkpt>
   <trkpt lat="-41.3083540" lon="174.7459790">
    <ele>333.0</ele>
   </trkpt>
   <trkpt lat="-41.3083410" lon="174.7459910">
    <ele>332.0</ele>
   </trkpt>
   <trkpt lat="-41.3083280" lon="174.7460030">
    <ele>332.0</ele>
   </trkpt>
   <trkpt lat="-41.3083150" lon="174.7460160">
    <ele>332.0</ele>
   </trkpt>
   <trkpt lat="-41.3083020" lon="174.7460300">
    <ele>331.0</ele>
   </trkpt>
   <trkpt lat="-41.3082880" lon="174.7460440">
    <ele>331.0</ele>
   </trkpt>
   <trkpt lat="-41.3082750" lon="174.7460580">
    <ele>330.0</ele>
   </trkpt>
   <trkpt lat="-41.3082620" lon="174.7460730">
    <ele>330.0</ele>
   </trkpt>
   <trkpt lat="-41.3082480" lon="174.7460880">
    <ele>330.0</ele>
   </trkpt>
   <trkpt lat="-41.3082360" lon="174.7461030">
    <ele>329.0</ele>
   </trkpt>
   <trkpt lat="-41.3082240" lon="174.7461190">
    <ele>329.0</ele>
   </trkpt>
   <trkpt lat="-41.3082100" lon="174.7461360">
    <ele>328.0</ele>
   </trkpt>
   <trkpt lat="-41.3081960" lon="174.7461530">
    <ele>328.0</ele>
   </trkpt>
   <trkpt lat="-41.3081800" lon="174.7461700">
    <ele>328.0</ele>
   </trkpt>
   <trkpt lat="-41.3081640" lon="174.7461880">
    <ele>327.0</ele>
   </trkpt>
   <trkpt lat="-41.3081460" lon="174.7462070">
    <ele>326.0</ele>
   </trkpt>
   <trkpt lat="-41.3081290" lon="174.7462260">
    <ele>326.0</ele>
   </trkpt>
   <trkpt lat="-41.3081100" lon="174.7462470">
    <ele>325.0</ele>
   </trkpt>
   <trkpt lat="-41.3080910" lon="174.7462680">
    <ele>325.0</ele>
   </trkpt>
   <trkpt lat="-41.3080720" lon="174.7462890">
    <ele>324.0</ele>
   </trkpt>
   <trkpt lat="-41.3080520" lon="174.7463110">
    <ele>323.0</ele>
   </trkpt>
   <trkpt lat="-41.3080310" lon="174.7463310">
    <ele>323.0</ele>
   </trkpt>
   <trkpt lat="-41.3080110" lon="174.7463510">
    <ele>322.0</ele>
   </trkpt>
   <trkpt lat="-41.3079860" lon="174.7463660">
    <ele>322.0</ele>
   </trkpt>
   <trkpt lat="-41.3079610" lon="174.7463800">
    <ele>321.0</ele>
   </trkpt>
   <trkpt lat="-41.3079340" lon="174.7463910">
    <ele>320.0</ele>
   </trkpt>
   <trkpt lat="-41.3079070" lon="174.7464020">
    <ele>320.0</ele>
   </trkpt>
   <trkpt lat="-41.3078790" lon="174.7464110">
    <ele>319.0</ele>
   </trkpt>
   <trkpt lat="-41.3078510" lon="174.7464190">
    <ele>319.0</ele>
   </trkpt>
   <trkpt lat="-41.3078250" lon="174.7464280">
    <ele>318.0</ele>
   </trkpt>
   <trkpt lat="-41.3077980" lon="174.7464370">
    <ele>318.0</ele>
   </trkpt>
   <trkpt lat="-41.3077750" lon="174.7464480">
    <ele>318.0</ele>
   </trkpt>
   <trkpt lat="-41.3077510" lon="174.7464600">
    <ele>318.0</ele>
   </trkpt>
   <trkpt lat="-41.3077300" lon="174.7464720">
    <ele>318.0</ele>
   </trkpt>
   <trkpt lat="-41.3077080" lon="174.7464840">
    <ele>317.0</ele>
   </trkpt>
   <trkpt lat="-41.3076870" lon="174.7464970">
    <ele>317.0</ele>
   </trkpt>
   <trkpt lat="-41.3076650" lon="174.7465100">
    <ele>317.0</ele>
   </trkpt>
   <trkpt lat="-41.3076450" lon="174.7465240">
    <ele>317.0</ele>
   </trkpt>
   <trkpt lat="-41.3076260" lon="174.7465380">
    <ele>317.0</ele>
   </trkpt>
   <trkpt lat="-41.3076060" lon="174.7465530">
    <ele>317.0</ele>
   </trkpt>
   <trkpt lat="-41.3075860" lon="174.7465680">
    <ele>317.0</ele>
   </trkpt>
   <trkpt lat="-41.3075640" lon="174.7465830">
    <ele>317.0</ele>
   </trkpt>
   <trkpt lat="-41.3075430" lon="174.7465980">
    <ele>317.0</ele>
   </trkpt>
   <trkpt lat="-41.3075190" lon="174.7466140">
    <ele>317.0</ele>
   </trkpt>
   <trkpt lat="-41.3074960" lon="174.7466290">
    <ele>317.0</ele>
   </trkpt>
   <trkpt lat="-41.3074710" lon="174.7466450">
    <ele>317.0</ele>
   </trkpt>
   <trkpt lat="-41.3074470" lon="174.7466600">
    <ele>317.0</ele>
   </trkpt>
   <trkpt lat="-41.3074210" lon="174.7466770">
    <ele>317.0</ele>
   </trkpt>
   <trkpt lat="-41.3073960" lon="174.7466930">
    <ele>317.0</ele>
   </trkpt>
   <trkpt lat="-41.3073740" lon="174.7467080">
    <ele>317.0</ele>
   </trkpt>
   <trkpt lat="-41.3073510" lon="174.7467230">
    <ele>317.0</ele>
   </trkpt>
   <trkpt lat="-41.3073310" lon="174.7467380">
    <ele>317.0</ele>
   </trkpt>
   <trkpt lat="-41.3073110" lon="174.7467520">
    <ele>317.0</ele>
   </trkpt>
   <trkpt lat="-41.3072910" lon="174.7467660">
    <ele>317.0</ele>
   </trkpt>
   <trkpt lat="-41.3072710" lon="174.7467810">
    <ele>317.0</ele>
   </trkpt>
   <trkpt lat="-41.3072490" lon="174.7467950">
    <ele>317.0</ele>
   </trkpt>
   <trkpt lat="-41.3072280" lon="174.7468090">
    <ele>317.0</ele>
   </trkpt>
   <trkpt lat="-41.3072060" lon="174.7468230">
    <ele>317.0</ele>
   </trkpt>
   <trkpt lat="-41.3071850" lon="174.7468360">
    <ele>317.0</ele>
   </trkpt>
   <trkpt lat="-41.3071630" lon="174.7468490">
    <ele>317.0</ele>
   </trkpt>
   <trkpt lat="-41.3071420" lon="174.7468620">
    <ele>317.0</ele>
   </trkpt>
   <trkpt lat="-41.3071220" lon="174.7468750">
    <ele>317.0</ele>
   </trkpt>
   <trkpt lat="-41.3071020" lon="174.7468880">
    <ele>317.0</ele>
   </trkpt>
   <trkpt lat="-41.3070800" lon="174.7469010">
    <ele>317.0</ele>
   </trkpt>
   <trkpt lat="-41.3070590" lon="174.7469150">
    <ele>317.0</ele>
   </trkpt>
   <trkpt lat="-41.3070340" lon="174.7469290">
    <ele>317.0</ele>
   </trkpt>
   <trkpt lat="-41.3070100" lon="174.7469430">
    <ele>317.0</ele>
   </trkpt>
   <trkpt lat="-41.3069850" lon="174.7469580">
    <ele>317.0</ele>
   </trkpt>
   <trkpt lat="-41.3069600" lon="174.7469720">
    <ele>317.0</ele>
   </trkpt>
   <trkpt lat="-41.3069370" lon="174.7469870">
    <ele>316.0</ele>
   </trkpt>
   <trkpt lat="-41.3069130" lon="174.7470010">
    <ele>316.0</ele>
   </trkpt>
   <trkpt lat="-41.3068930" lon="174.7470150">
    <ele>316.0</ele>
   </trkpt>
   <trkpt lat="-41.3068730" lon="174.7470280">
    <ele>316.0</ele>
   </trkpt>
   <trkpt lat="-41.3068560" lon="174.7470380">
    <ele>316.0</ele>
   </trkpt>
   <trkpt lat="-41.3068400" lon="174.7470490">
    <ele>315.0</ele>
   </trkpt>
   <trkpt lat="-41.3068270" lon="174.7470560">
    <ele>315.0</ele>
   </trkpt>
   <trkpt lat="-41.3068140" lon="174.7470640">
    <ele>315.0</ele>
   </trkpt>
   <trkpt lat="-41.3068040" lon="174.7470690">
    <ele>315.0</ele>
   </trkpt>
   <trkpt lat="-41.3067950" lon="174.7470750">
    <ele>315.0</ele>
   </trkpt>
   <trkpt lat="-41.3067870" lon="174.7470790">
    <ele>315.0</ele>
   </trkpt>
   <trkpt lat="-41.3067800" lon="174.7470830">
    <ele>315.0</ele>
   </trkpt>
   <trkpt lat="-41.3067720" lon="174.7470880">
    <ele>315.0</ele>
   </trkpt>
   <trkpt lat="-41.3067650" lon="174.7470920">
    <ele>315.0</ele>
   </trkpt>
   <trkpt lat="-41.3067570" lon="174.7470970">
    <ele>315.0</ele>
   </trkpt>
   <trkpt lat="-41.3067490" lon="174.7471030">
    <ele>315.0</ele>
   </trkpt>
   <trkpt lat="-41.3067410" lon="174.7471080">
    <ele>315.0</ele>
   </trkpt>
   <trkpt lat="-41.3067320" lon="174.7471140">
    <ele>315.0</ele>
   </trkpt>
   <trkpt lat="-41.3067240" lon="174.7471190">
    <ele>315.0</ele>
   </trkpt>
   <trkpt lat="-41.3067150" lon="174.7471240">
    <ele>315.0</ele>
   </trkpt>
   <trkpt lat="-41.3067060" lon="174.7471290">
    <ele>315.0</ele>
   </trkpt>
   <trkpt lat="-41.3066970" lon="174.7471340">
    <ele>315.0</ele>
   </trkpt>
   <trkpt lat="-41.3066870" lon="174.7471400">
    <ele>315.0</ele>
   </trkpt>
   <trkpt lat="-41.3066770" lon="174.7471460">
    <ele>315.0</ele>
   </trkpt>
   <trkpt lat="-41.3066670" lon="174.7471520">
    <ele>316.0</ele>
   </trkpt>
   <trkpt lat="-41.3066570" lon="174.7471580">
    <ele>316.0</ele>
   </trkpt>
   <trkpt lat="-41.3066470" lon="174.7471630">
    <ele>316.0</ele>
   </trkpt>
   <trkpt lat="-41.3066360" lon="174.7471690">
    <ele>316.0</ele>
   </trkpt>
   <trkpt lat="-41.3066260" lon="174.7471740">
    <ele>316.0</ele>
   </trkpt>
   <trkpt lat="-41.3066160" lon="174.7471790">
    <ele>317.0</ele>
   </trkpt>
   <trkpt lat="-41.3066050" lon="174.7471840">
    <ele>317.0</ele>
   </trkpt>
   <trkpt lat="-41.3065940" lon="174.7471890">
    <ele>317.0</ele>
   </trkpt>
   <trkpt lat="-41.3065820" lon="174.7471940">
    <ele>318.0</ele>
   </trkpt>
   <trkpt lat="-41.3065700" lon="174.7471990">
    <ele>318.0</ele>
   </trkpt>
   <trkpt lat="-41.3065580" lon="174.7472040">
    <ele>319.0</ele>
   </trkpt>
   <trkpt lat="-41.3065450" lon="174.7472090">
    <ele>319.0</ele>
   </trkpt>
   <trkpt lat="-41.3065330" lon="174.7472130">
    <ele>319.0</ele>
   </trkpt>
   <trkpt lat="-41.3065200" lon="174.7472170">
    <ele>319.0</ele>
   </trkpt>
   <trkpt lat="-41.3065070" lon="174.7472220">
    <ele>319.0</ele>
   </trkpt>
   <trkpt lat="-41.3064940" lon="174.7472260">
    <ele>320.0</ele>
   </trkpt>
   <trkpt lat="-41.3064790" lon="174.7472310">
    <ele>320.0</ele>
   </trkpt>
   <trkpt lat="-41.3064640" lon="174.7472370">
    <ele>320.0</ele>
   </trkpt>
   <trkpt lat="-41.3064460" lon="174.7472420">
    <ele>320.0</ele>
   </trkpt>
   <trkpt lat="-41.3064290" lon="174.7472480">
    <ele>320.0</ele>
   </trkpt>
   <trkpt lat="-41.3064070" lon="174.7472540">
    <ele>321.0</ele>
   </trkpt>
   <trkpt lat="-41.3063850" lon="174.7472600">
    <ele>321.0</ele>
   </trkpt>
   <trkpt lat="-41.3063610" lon="174.7472670">
    <ele>321.0</ele>
   </trkpt>
   <trkpt lat="-41.3063370" lon="174.7472730">
    <ele>321.0</ele>
   </trkpt>
   <trkpt lat="-41.3063110" lon="174.7472790">
    <ele>321.0</ele>
   </trkpt>
   <trkpt lat="-41.3062860" lon="174.7472850">
    <ele>321.0</ele>
   </trkpt>
   <trkpt lat="-41.3062610" lon="174.7472900">
    <ele>321.0</ele>
   </trkpt>
   <trkpt lat="-41.3062360" lon="174.7472950">
    <ele>321.0</ele>
   </trkpt>
   <trkpt lat="-41.3062100" lon="174.7472990">
    <ele>321.0</ele>
   </trkpt>
   <trkpt lat="-41.3061850" lon="174.7473040">
    <ele>321.0</ele>
   </trkpt>
   <trkpt lat="-41.3061590" lon="174.7473100">
    <ele>321.0</ele>
   </trkpt>
   <trkpt lat="-41.3061330" lon="174.7473170">
    <ele>320.0</ele>
   </trkpt>
   <trkpt lat="-41.3061090" lon="174.7473240">
    <ele>320.0</ele>
   </trkpt>
   <trkpt lat="-41.3060850" lon="174.7473320">
    <ele>320.0</ele>
   </trkpt>
   <trkpt lat="-41.3060650" lon="174.7473380">
    <ele>320.0</ele>
   </trkpt>
   <trkpt lat="-41.3060450" lon="174.7473450">
    <ele>320.0</ele>
   </trkpt>
   <trkpt lat="-41.3060290" lon="174.7473490">
    <ele>319.0</ele>
   </trkpt>
   <trkpt lat="-41.3060120" lon="174.7473530">
    <ele>319.0</ele>
   </trkpt>
   <trkpt lat="-41.3059960" lon="174.7473570">
    <ele>319.0</ele>
   </trkpt>
   <trkpt lat="-41.3059800" lon="174.7473610">
    <ele>319.0</ele>
   </trkpt>
   <trkpt lat="-41.3059620" lon="174.7473660">
    <ele>319.0</ele>
   </trkpt>
   <trkpt lat="-41.3059450" lon="174.7473720">
    <ele>319.0</ele>
   </trkpt>
   <trkpt lat="-41.3059270" lon="174.7473800">
    <ele>319.0</ele>
   </trkpt>
   <trkpt lat="-41.3059080" lon="174.7473870">
    <ele>319.0</ele>
   </trkpt>
   <trkpt lat="-41.3058900" lon="174.7473950">
    <ele>319.0</ele>
   </trkpt>
   <trkpt lat="-41.3058710" lon="174.7474030">
    <ele>320.0</ele>
   </trkpt>
   <trkpt lat="-41.3058530" lon="174.7474080">
    <ele>320.0</ele>
   </trkpt>
   <trkpt lat="-41.3058340" lon="174.7474130">
    <ele>320.0</ele>
   </trkpt>
   <trkpt lat="-41.3058160" lon="174.7474160">
    <ele>320.0</ele>
   </trkpt>
   <trkpt lat="-41.3057980" lon="174.7474190">
    <ele>320.0</ele>
   </trkpt>
   <trkpt lat="-41.3057790" lon="174.7474200">
    <ele>320.0</ele>
   </trkpt>
   <trkpt lat="-41.3057610" lon="174.7474220">
    <ele>320.0</ele>
   </trkpt>
   <trkpt lat="-41.3057430" lon="174.7474220">
    <ele>320.0</ele>
   </trkpt>
   <trkpt lat="-41.3057250" lon="174.7474220">
    <ele>320.0</ele>
   </trkpt>
   <trkpt lat="-41.3057080" lon="174.7474220">
    <ele>320.0</ele>
   </trkpt>
   <trkpt lat="-41.3056900" lon="174.7474220">
    <ele>321.0</ele>
   </trkpt>
   <trkpt lat="-41.3056710" lon="174.7474220">
    <ele>321.0</ele>
   </trkpt>
   <trkpt lat="-41.3056530" lon="174.7474220">
    <ele>321.0</ele>
   </trkpt>
   <trkpt lat="-41.3056330" lon="174.7474210">
    <ele>321.0</ele>
   </trkpt>
   <trkpt lat="-41.3056120" lon="174.7474200">
    <ele>321.0</ele>
   </trkpt>
   <trkpt lat="-41.3055910" lon="174.7474180">
    <ele>322.0</ele>
   </trkpt>
   <trkpt lat="-41.3055690" lon="174.7474160">
    <ele>322.0</ele>
   </trkpt>
   <trkpt lat="-41.3055480" lon="174.7474130">
    <ele>322.0</ele>
   </trkpt>
   <trkpt lat="-41.3055260" lon="174.7474100">
    <ele>322.0</ele>
   </trkpt>
   <trkpt lat="-41.3055050" lon="174.7474060">
    <ele>322.0</ele>
   </trkpt>
   <trkpt lat="-41.3054840" lon="174.7474030">
    <ele>322.0</ele>
   </trkpt>
   <trkpt lat="-41.3054630" lon="174.7473970">
    <ele>321.0</ele>
   </trkpt>
   <trkpt lat="-41.3054430" lon="174.7473920">
    <ele>321.0</ele>
   </trkpt>
   <trkpt lat="-41.3054230" lon="174.7473850">
    <ele>321.0</ele>
   </trkpt>
   <trkpt lat="-41.3054020" lon="174.7473780">
    <ele>321.0</ele>
   </trkpt>
   <trkpt lat="-41.3053800" lon="174.7473700">
    <ele>321.0</ele>
   </trkpt>
   <trkpt lat="-41.3053570" lon="174.7473630">
    <ele>320.0</ele>
   </trkpt>
   <trkpt lat="-41.3053330" lon="174.7473560">
    <ele>320.0</ele>
   </trkpt>
   <trkpt lat="-41.3053080" lon="174.7473490">
    <ele>320.0</ele>
   </trkpt>
   <trkpt lat="-41.3052840" lon="174.7473420">
    <ele>320.0</ele>
   </trkpt>
   <trkpt lat="-41.3052600" lon="174.7473350">
    <ele>320.0</ele>
   </trkpt>
   <trkpt lat="-41.3052360" lon="174.7473310">
    <ele>319.0</ele>
   </trkpt>
   <trkpt lat="-41.3052130" lon="174.7473270">
    <ele>319.0</ele>
   </trkpt>
   <trkpt lat="-41.3051910" lon="174.7473280">
    <ele>318.0</ele>
   </trkpt>
   <trkpt lat="-41.3051700" lon="174.7473280">
    <ele>318.0</ele>
   </trkpt>
   <trkpt lat="-41.3051520" lon="174.7473370">
    <ele>318.0</ele>
   </trkpt>
   <trkpt lat="-41.3051350" lon="174.7473450">
    <ele>317.0</ele>
   </trkpt>
   <trkpt lat="-41.3051230" lon="174.7473590">
    <ele>317.0</ele>
   </trkpt>
   <trkpt lat="-41.3051110" lon="174.7473740">
    <ele>317.0</ele>
   </trkpt>
   <trkpt lat="-41.3051030" lon="174.7473920">
    <ele>317.0</ele>
   </trkpt>
   <trkpt lat="-41.3050950" lon="174.7474110">
    <ele>317.0</ele>
   </trkpt>
   <trkpt lat="-41.3050900" lon="174.7474320">
    <ele>316.0</ele>
   </trkpt>
   <trkpt lat="-41.3050860" lon="174.7474520">
    <ele>316.0</ele>
   </trkpt>
   <trkpt lat="-41.3050850" lon="174.7474730">
    <ele>316.0</ele>
   </trkpt>
   <trkpt lat="-41.3050850" lon="174.7474930">
    <ele>316.0</ele>
   </trkpt>
   <trkpt lat="-41.3050850" lon="174.7475140">
    <ele>316.0</ele>
   </trkpt>
   <trkpt lat="-41.3050860" lon="174.7475340">
    <ele>315.0</ele>
   </trkpt>
   <trkpt lat="-41.3050870" lon="174.7475540">
    <ele>315.0</ele>
   </trkpt>
   <trkpt lat="-41.3050880" lon="174.7475740">
    <ele>314.0</ele>
   </trkpt>
   <trkpt lat="-41.3050900" lon="174.7475940">
    <ele>314.0</ele>
   </trkpt>
   <trkpt lat="-41.3050920" lon="174.7476150">
    <ele>314.0</ele>
   </trkpt>
   <trkpt lat="-41.3050940" lon="174.7476360">
    <ele>313.0</ele>
   </trkpt>
   <trkpt lat="-41.3050960" lon="174.7476580">
    <ele>313.0</ele>
   </trkpt>
   <trkpt lat="-41.3050980" lon="174.7476800">
    <ele>312.0</ele>
   </trkpt>
   <trkpt lat="-41.3050990" lon="174.7477030">
    <ele>312.0</ele>
   </trkpt>
   <trkpt lat="-41.3051000" lon="174.7477270">
    <ele>312.0</ele>
   </trkpt>
   <trkpt lat="-41.3051010" lon="174.7477510">
    <ele>311.0</ele>
   </trkpt>
   <trkpt lat="-41.3051030" lon="174.7477770">
    <ele>311.0</ele>
   </trkpt>
   <trkpt lat="-41.3051040" lon="174.7478030">
    <ele>310.0</ele>
   </trkpt>
   <trkpt lat="-41.3051070" lon="174.7478320">
    <ele>310.0</ele>
   </trkpt>
   <trkpt lat="-41.3051090" lon="174.7478610">
    <ele>310.0</ele>
   </trkpt>
   <trkpt lat="-41.3051100" lon="174.7478930">
    <ele>309.0</ele>
   </trkpt>
   <trkpt lat="-41.3051100" lon="174.7479240">
    <ele>309.0</ele>
   </trkpt>
   <trkpt lat="-41.3051060" lon="174.7479590">
    <ele>308.0</ele>
   </trkpt>
   <trkpt lat="-41.3051020" lon="174.7479930">
    <ele>308.0</ele>
   </trkpt>
   <trkpt lat="-41.3050940" lon="174.7480290">
    <ele>308.0</ele>
   </trkpt>
   <trkpt lat="-41.3050850" lon="174.7480650">
    <ele>307.0</ele>
   </trkpt>
   <trkpt lat="-41.3050740" lon="174.7480990">
    <ele>307.0</ele>
   </trkpt>
   <trkpt lat="-41.3050620" lon="174.7481340">
    <ele>306.0</ele>
   </trkpt>
   <trkpt lat="-41.3050490" lon="174.7481660">
    <ele>306.0</ele>
   </trkpt>
   <trkpt lat="-41.3050350" lon="174.7481980">
    <ele>306.0</ele>
   </trkpt>
   <trkpt lat="-41.3050210" lon="174.7482280">
    <ele>305.0</ele>
   </trkpt>
   <trkpt lat="-41.3050080" lon="174.7482580">
    <ele>305.0</ele>
   </trkpt>
   <trkpt lat="-41.3049940" lon="174.7482860">
    <ele>304.0</ele>
   </trkpt>
   <trkpt lat="-41.3049810" lon="174.7483130">
    <ele>304.0</ele>
   </trkpt>
   <trkpt lat="-41.3049680" lon="174.7483400">
    <ele>304.0</ele>
   </trkpt>
   <trkpt lat="-41.3049550" lon="174.7483660">
    <ele>304.0</ele>
   </trkpt>
   <trkpt lat="-41.3049440" lon="174.7483920">
    <ele>304.0</ele>
   </trkpt>
   <trkpt lat="-41.3049340" lon="174.7484190">
    <ele>304.0</ele>
   </trkpt>
   <trkpt lat="-41.3049270" lon="174.7484470">
    <ele>304.0</ele>
   </trkpt>
   <trkpt lat="-41.3049200" lon="174.7484760">
    <ele>304.0</ele>
   </trkpt>
   <trkpt lat="-41.3049150" lon="174.7485070">
    <ele>304.0</ele>
   </trkpt>
   <trkpt lat="-41.3049110" lon="174.7485370">
    <ele>304.0</ele>
   </trkpt>
   <trkpt lat="-41.3049090" lon="174.7485690">
    <ele>304.0</ele>
   </trkpt>
   <trkpt lat="-41.3049060" lon="174.7486020">
    <ele>304.0</ele>
   </trkpt>
   <trkpt lat="-41.3049050" lon="174.7486350">
    <ele>304.0</ele>
   </trkpt>
   <trkpt lat="-41.3049030" lon="174.7486690">
    <ele>304.0</ele>
   </trkpt>
   <trkpt lat="-41.3049020" lon="174.7487020">
    <ele>304.0</ele>
   </trkpt>
   <trkpt lat="-41.3049000" lon="174.7487360">
    <ele>304.0</ele>
   </trkpt>
   <trkpt lat="-41.3049000" lon="174.7487690">
    <ele>304.0</ele>
   </trkpt>
   <trkpt lat="-41.3048990" lon="174.7488030">
    <ele>304.0</ele>
   </trkpt>
   <trkpt lat="-41.3048990" lon="174.7488370">
    <ele>304.0</ele>
   </trkpt>
   <trkpt lat="-41.3049000" lon="174.7488710">
    <ele>304.0</ele>
   </trkpt>
   <trkpt lat="-41.3049010" lon="174.7489060">
    <ele>304.0</ele>
   </trkpt>
   <trkpt lat="-41.3049010" lon="174.7489410">
    <ele>304.0</ele>
   </trkpt>
   <trkpt lat="-41.3048990" lon="174.7489750">
    <ele>304.0</ele>
   </trkpt>
   <trkpt lat="-41.3048960" lon="174.7490100">
    <ele>304.0</ele>
   </trkpt>
   <trkpt lat="-41.3048860" lon="174.7490380">
    <ele>304.0</ele>
   </trkpt>
   <trkpt lat="-41.3048760" lon="174.7490670">
    <ele>304.0</ele>
   </trkpt>
   <trkpt lat="-41.3048590" lon="174.7490880">
    <ele>304.0</ele>
   </trkpt>
   <trkpt lat="-41.3048430" lon="174.7491080">
    <ele>304.0</ele>
   </trkpt>
   <trkpt lat="-41.3048220" lon="174.7491210">
    <ele>304.0</ele>
   </trkpt>
   <trkpt lat="-41.3048010" lon="174.7491340">
    <ele>304.0</ele>
   </trkpt>
   <trkpt lat="-41.3047800" lon="174.7491410">
    <ele>304.0</ele>
   </trkpt>
   <trkpt lat="-41.3047590" lon="174.7491480">
    <ele>304.0</ele>
   </trkpt>
   <trkpt lat="-41.3047380" lon="174.7491510">
    <ele>304.0</ele>
   </trkpt>
   <trkpt lat="-41.3047180" lon="174.7491540">
    <ele>304.0</ele>
   </trkpt>
   <trkpt lat="-41.3046960" lon="174.7491560">
    <ele>304.0</ele>
   </trkpt>
   <trkpt lat="-41.3046750" lon="174.7491570">
    <ele>304.0</ele>
   </trkpt>
   <trkpt lat="-41.3046530" lon="174.7491590">
    <ele>304.0</ele>
   </trkpt>
   <trkpt lat="-41.3046310" lon="174.7491600">
    <ele>304.0</ele>
   </trkpt>
   <trkpt lat="-41.3046090" lon="174.7491610">
    <ele>304.0</ele>
   </trkpt>
   <trkpt lat="-41.3045870" lon="174.7491630">
    <ele>304.0</ele>
   </trkpt>
   <trkpt lat="-41.3045620" lon="174.7491630">
    <ele>304.0</ele>
   </trkpt>
   <trkpt lat="-41.3045380" lon="174.7491640">
    <ele>304.0</ele>
   </trkpt>
   <trkpt lat="-41.3045120" lon="174.7491620">
    <ele>304.0</ele>
   </trkpt>
   <trkpt lat="-41.3044860" lon="174.7491600">
    <ele>304.0</ele>
   </trkpt>
   <trkpt lat="-41.3044590" lon="174.7491570">
    <ele>304.0</ele>
   </trkpt>
   <trkpt lat="-41.3044330" lon="174.7491540">
    <ele>304.0</ele>
   </trkpt>
   <trkpt lat="-41.3044050" lon="174.7491520">
    <ele>304.0</ele>
   </trkpt>
   <trkpt lat="-41.3043770" lon="174.7491510">
    <ele>305.0</ele>
   </trkpt>
   <trkpt lat="-41.3043480" lon="174.7491510">
    <ele>305.0</ele>
   </trkpt>
   <trkpt lat="-41.3043200" lon="174.7491500">
    <ele>305.0</ele>
   </trkpt>
   <trkpt lat="-41.3042910" lon="174.7491500">
    <ele>305.0</ele>
   </trkpt>
   <trkpt lat="-41.3042620" lon="174.7491490">
    <ele>305.0</ele>
   </trkpt>
   <trkpt lat="-41.3042320" lon="174.7491480">
    <ele>305.0</ele>
   </trkpt>
   <trkpt lat="-41.3042030" lon="174.7491470">
    <ele>305.0</ele>
   </trkpt>
   <trkpt lat="-41.3041730" lon="174.7491460">
    <ele>305.0</ele>
   </trkpt>
   <trkpt lat="-41.3041440" lon="174.7491450">
    <ele>305.0</ele>
   </trkpt>
   <trkpt lat="-41.3041160" lon="174.7491460">
    <ele>305.0</ele>
   </trkpt>
   <trkpt lat="-41.3040870" lon="174.7491460">
    <ele>305.0</ele>
   </trkpt>
   <trkpt lat="-41.3040590" lon="174.7491510">
    <ele>304.0</ele>
   </trkpt>
   <trkpt lat="-41.3040320" lon="174.7491560">
    <ele>304.0</ele>
   </trkpt>
   <trkpt lat="-41.3040050" lon="174.7491670">
    <ele>304.0</ele>
   </trkpt>
   <trkpt lat="-41.3039790" lon="174.7491790">
    <ele>304.0</ele>
   </trkpt>
   <trkpt lat="-41.3039540" lon="174.7491930">
    <ele>304.0</ele>
   </trkpt>
   <trkpt lat="-41.3039290" lon="174.7492080">
    <ele>303.0</ele>
   </trkpt>
   <trkpt lat="-41.3039060" lon="174.7492240">
    <ele>303.0</ele>
   </trkpt>
   <trkpt lat="-41.3038820" lon="174.7492400">
    <ele>303.0</ele>
   </trkpt>
   <trkpt lat="-41.3038600" lon="174.7492560">
    <ele>303.0</ele>
   </trkpt>
   <trkpt lat="-41.3038370" lon="174.7492720">
    <ele>303.0</ele>
   </trkpt>
   <trkpt lat="-41.3038150" lon="174.7492860">
    <ele>303.0</ele>
   </trkpt>
   <trkpt lat="-41.3037920" lon="174.7493000">
    <ele>303.0</ele>
   </trkpt>
   <trkpt lat="-41.3037680" lon="174.7493130">
    <ele>303.0</ele>
   </trkpt>
   <trkpt lat="-41.3037450" lon="174.7493270">
    <ele>303.0</ele>
   </trkpt>
   <trkpt lat="-41.3037200" lon="174.7493430">
    <ele>303.0</ele>
   </trkpt>
   <trkpt lat="-41.3036950" lon="174.7493600">
    <ele>303.0</ele>
   </trkpt>
   <trkpt lat="-41.3036700" lon="174.7493790">
    <ele>303.0</ele>
   </trkpt>
   <trkpt lat="-41.3036450" lon="174.7493980">
    <ele>303.0</ele>
   </trkpt>
   <trkpt lat="-41.3036220" lon="174.7494190">
    <ele>303.0</ele>
   </trkpt>
   <trkpt lat="-41.3035980" lon="174.7494400">
    <ele>303.0</ele>
   </trkpt>
   <trkpt lat="-41.3035750" lon="174.7494610">
    <ele>303.0</ele>
   </trkpt>
   <trkpt lat="-41.3035520" lon="174.7494810">
    <ele>303.0</ele>
   </trkpt>
   <trkpt lat="-41.3035300" lon="174.7495000">
    <ele>303.0</ele>
   </trkpt>
   <trkpt lat="-41.3035090" lon="174.7495200">
    <ele>303.0</ele>
   </trkpt>
   <trkpt lat="-41.3034890" lon="174.7495380">
    <ele>303.0</ele>
   </trkpt>
   <trkpt lat="-41.3034690" lon="174.7495570">
    <ele>302.0</ele>
   </trkpt>
   <trkpt lat="-41.3034500" lon="174.7495760">
    <ele>302.0</ele>
   </trkpt>
   <trkpt lat="-41.3034310" lon="174.7495940">
    <ele>302.0</ele>
   </trkpt>
   <trkpt lat="-41.3034130" lon="174.7496100">
    <ele>302.0</ele>
   </trkpt>
   <trkpt lat="-41.3033940" lon="174.7496260">
    <ele>302.0</ele>
   </trkpt>
   <trkpt lat="-41.3033750" lon="174.7496360">
    <ele>301.0</ele>
   </trkpt>
   <trkpt lat="-41.3033560" lon="174.7496470">
    <ele>301.0</ele>
   </trkpt>
   <trkpt lat="-41.3033370" lon="174.7496540">
    <ele>301.0</ele>
   </trkpt>
   <trkpt lat="-41.3033180" lon="174.7496620">
    <ele>301.0</ele>
   </trkpt>
   <trkpt lat="-41.3032980" lon="174.7496680">
    <ele>301.0</ele>
   </trkpt>
   <trkpt lat="-41.3032780" lon="174.7496730">
    <ele>301.0</ele>
   </trkpt>
   <trkpt lat="-41.3032580" lon="174.7496760">
    <ele>301.0</ele>
   </trkpt>
   <trkpt lat="-41.3032370" lon="174.7496780">
    <ele>301.0</ele>
   </trkpt>
   <trkpt lat="-41.3032150" lon="174.7496750">
    <ele>301.0</ele>
   </trkpt>
   <trkpt lat="-41.3031930" lon="174.7496720">
    <ele>301.0</ele>
   </trkpt>
   <trkpt lat="-41.3031680" lon="174.7496650">
    <ele>300.0</ele>
   </trkpt>
   <trkpt lat="-41.3031440" lon="174.7496580">
    <ele>300.0</ele>
   </trkpt>
   <trkpt lat="-41.3031180" lon="174.7496500">
    <ele>300.0</ele>
   </trkpt>
   <trkpt lat="-41.3030920" lon="174.7496410">
    <ele>300.0</ele>
   </trkpt>
   <trkpt lat="-41.3030660" lon="174.7496320">
    <ele>300.0</ele>
   </trkpt>
   <trkpt lat="-41.3030390" lon="174.7496230">
    <ele>299.0</ele>
   </trkpt>
   <trkpt lat="-41.3030130" lon="174.7496140">
    <ele>299.0</ele>
   </trkpt>
   <trkpt lat="-41.3029860" lon="174.7496060">
    <ele>298.0</ele>
   </trkpt>
   <trkpt lat="-41.3029590" lon="174.7495970">
    <ele>298.0</ele>
   </trkpt>
   <trkpt lat="-41.3029310" lon="174.7495890">
    <ele>298.0</ele>
   </trkpt>
   <trkpt lat="-41.3029030" lon="174.7495810">
    <ele>297.0</ele>
   </trkpt>
   <trkpt lat="-41.3028740" lon="174.7495730">
    <ele>297.0</ele>
   </trkpt>
   <trkpt lat="-41.3028450" lon="174.7495660">
    <ele>297.0</ele>
   </trkpt>
   <trkpt lat="-41.3028160" lon="174.7495590">
    <ele>297.0</ele>
   </trkpt>
   <trkpt lat="-41.3027880" lon="174.7495520">
    <ele>297.0</ele>
   </trkpt>
   <trkpt lat="-41.3027590" lon="174.7495450">
    <ele>296.0</ele>
   </trkpt>
   <trkpt lat="-41.3027320" lon="174.7495380">
    <ele>296.0</ele>
   </trkpt>
   <trkpt lat="-41.3027050" lon="174.7495320">
    <ele>295.0</ele>
   </trkpt>
   <trkpt lat="-41.3026800" lon="174.7495240">
    <ele>295.0</ele>
   </trkpt>
   <trkpt lat="-41.3026550" lon="174.7495180">
    <ele>295.0</ele>
   </trkpt>
   <trkpt lat="-41.3026330" lon="174.7495100">
    <ele>294.0</ele>
   </trkpt>
   <trkpt lat="-41.3026100" lon="174.7495030">
    <ele>294.0</ele>
   </trkpt>
   <trkpt lat="-41.3025890" lon="174.7494950">
    <ele>294.0</ele>
   </trkpt>
   <trkpt lat="-41.3025680" lon="174.7494870">
    <ele>294.0</ele>
   </trkpt>
   <trkpt lat="-41.3025470" lon="174.7494750">
    <ele>294.0</ele>
   </trkpt>
   <trkpt lat="-41.3025270" lon="174.7494630">
    <ele>294.0</ele>
   </trkpt>
   <trkpt lat="-41.3025060" lon="174.7494470">
    <ele>294.0</ele>
   </trkpt>
   <trkpt lat="-41.3024850" lon="174.7494310">
    <ele>294.0</ele>
   </trkpt>
   <trkpt lat="-41.3024630" lon="174.7494130">
    <ele>294.0</ele>
   </trkpt>
   <trkpt lat="-41.3024420" lon="174.7493950">
    <ele>294.0</ele>
   </trkpt>
   <trkpt lat="-41.3024210" lon="174.7493780">
    <ele>294.0</ele>
   </trkpt>
   <trkpt lat="-41.3024000" lon="174.7493600">
    <ele>294.0</ele>
   </trkpt>
   <trkpt lat="-41.3023780" lon="174.7493410">
    <ele>294.0</ele>
   </trkpt>
   <trkpt lat="-41.3023560" lon="174.7493230">
    <ele>294.0</ele>
   </trkpt>
   <trkpt lat="-41.3023320" lon="174.7493050">
    <ele>295.0</ele>
   </trkpt>
   <trkpt lat="-41.3023090" lon="174.7492880">
    <ele>295.0</ele>
   </trkpt>
   <trkpt lat="-41.3022840" lon="174.7492730">
    <ele>295.0</ele>
   </trkpt>
   <trkpt lat="-41.3022590" lon="174.7492580">
    <ele>295.0</ele>
   </trkpt>
   <trkpt lat="-41.3022350" lon="174.7492450">
    <ele>295.0</ele>
   </trkpt>
   <trkpt lat="-41.3022100" lon="174.7492320">
    <ele>295.0</ele>
   </trkpt>
   <trkpt lat="-41.3021880" lon="174.7492220">
    <ele>295.0</ele>
   </trkpt>
   <trkpt lat="-41.3021660" lon="174.7492110">
    <ele>295.0</ele>
   </trkpt>
   <trkpt lat="-41.3021480" lon="174.7492050">
    <ele>295.0</ele>
   </trkpt>
   <trkpt lat="-41.3021310" lon="174.7491990">
    <ele>295.0</ele>
   </trkpt>
   <trkpt lat="-41.3021170" lon="174.7491970">
    <ele>296.0</ele>
   </trkpt>
   <trkpt lat="-41.3021030" lon="174.7491950">
    <ele>296.0</ele>
   </trkpt>
   <trkpt lat="-41.3020910" lon="174.7491960">
    <ele>296.0</ele>
   </trkpt>
   <trkpt lat="-41.3020790" lon="174.7491960">
    <ele>296.0</ele>
   </trkpt>
   <trkpt lat="-41.3020670" lon="174.7492000">
    <ele>296.0</ele>
   </trkpt>
   <trkpt lat="-41.3020550" lon="174.7492040">
    <ele>296.0</ele>
   </trkpt>
   <trkpt lat="-41.3020420" lon="174.7492100">
    <ele>296.0</ele>
   </trkpt>
   <trkpt lat="-41.3020290" lon="174.7492160">
    <ele>296.0</ele>
   </trkpt>
   <trkpt lat="-41.3020130" lon="174.7492250">
    <ele>296.0</ele>
   </trkpt>
   <trkpt lat="-41.3019980" lon="174.7492340">
    <ele>296.0</ele>
   </trkpt>
   <trkpt lat="-41.3019790" lon="174.7492490">
    <ele>297.0</ele>
   </trkpt>
   <trkpt lat="-41.3019610" lon="174.7492630">
    <ele>297.0</ele>
   </trkpt>
   <trkpt lat="-41.3019410" lon="174.7492800">
    <ele>297.0</ele>
   </trkpt>
   <trkpt lat="-41.3019210" lon="174.7492970">
    <ele>297.0</ele>
   </trkpt>
   <trkpt lat="-41.3019020" lon="174.7493140">
    <ele>297.0</ele>
   </trkpt>
   <trkpt lat="-41.3018820" lon="174.7493300">
    <ele>298.0</ele>
   </trkpt>
   <trkpt lat="-41.3018650" lon="174.7493450">
    <ele>298.0</ele>
   </trkpt>
   <trkpt lat="-41.3018470" lon="174.7493590">
    <ele>298.0</ele>
   </trkpt>
   <trkpt lat="-41.3018310" lon="174.7493730">
    <ele>298.0</ele>
   </trkpt>
   <trkpt lat="-41.3018150" lon="174.7493870">
    <ele>298.0</ele>
   </trkpt>
   <trkpt lat="-41.3017980" lon="174.7494020">
    <ele>298.0</ele>
   </trkpt>
   <trkpt lat="-41.3017820" lon="174.7494170">
    <ele>298.0</ele>
   </trkpt>
   <trkpt lat="-41.3017650" lon="174.7494330">
    <ele>298.0</ele>
   </trkpt>
   <trkpt lat="-41.3017470" lon="174.7494480">
    <ele>298.0</ele>
   </trkpt>
   <trkpt lat="-41.3017280" lon="174.7494650">
    <ele>298.0</ele>
   </trkpt>
   <trkpt lat="-41.3017090" lon="174.7494820">
    <ele>298.0</ele>
   </trkpt>
   <trkpt lat="-41.3016890" lon="174.7495000">
    <ele>297.0</ele>
   </trkpt>
   <trkpt lat="-41.3016680" lon="174.7495190">
    <ele>297.0</ele>
   </trkpt>
   <trkpt lat="-41.3016470" lon="174.7495380">
    <ele>297.0</ele>
   </trkpt>
   <trkpt lat="-41.3016250" lon="174.7495580">
    <ele>297.0</ele>
   </trkpt>
   <trkpt lat="-41.3016030" lon="174.7495770">
    <ele>297.0</ele>
   </trkpt>
   <trkpt lat="-41.3015810" lon="174.7495960">
    <ele>296.0</ele>
   </trkpt>
   <trkpt lat="-41.3015590" lon="174.7496130">
    <ele>295.0</ele>
   </trkpt>
   <trkpt lat="-41.3015360" lon="174.7496300">
    <ele>295.0</ele>
   </trkpt>
   <trkpt lat="-41.3015140" lon="174.7496450">
    <ele>294.0</ele>
   </trkpt>
   <trkpt lat="-41.3014920" lon="174.7496600">
    <ele>294.0</ele>
   </trkpt>
   <trkpt lat="-41.3014690" lon="174.7496710">
    <ele>293.0</ele>
   </trkpt>
   <trkpt lat="-41.3014470" lon="174.7496830">
    <ele>293.0</ele>
   </trkpt>
   <trkpt lat="-41.3014240" lon="174.7496910">
    <ele>292.0</ele>
   </trkpt>
   <trkpt lat="-41.3014010" lon="174.7496990">
    <ele>292.0</ele>
   </trkpt>
   <trkpt lat="-41.3013780" lon="174.7497050">
    <ele>292.0</ele>
   </trkpt>
   <trkpt lat="-41.3013540" lon="174.7497100">
    <ele>291.0</ele>
   </trkpt>
   <trkpt lat="-41.3013310" lon="174.7497140">
    <ele>291.0</ele>
   </trkpt>
   <trkpt lat="-41.3013070" lon="174.7497190">
    <ele>291.0</ele>
   </trkpt>
   <trkpt lat="-41.3012830" lon="174.7497210">
    <ele>291.0</ele>
   </trkpt>
   <trkpt lat="-41.3012600" lon="174.7497240">
    <ele>291.0</ele>
   </trkpt>
   <trkpt lat="-41.3012370" lon="174.7497260">
    <ele>290.0</ele>
   </trkpt>
   <trkpt lat="-41.3012140" lon="174.7497280">
    <ele>290.0</ele>
   </trkpt>
   <trkpt lat="-41.3011930" lon="174.7497300">
    <ele>290.0</ele>
   </trkpt>
   <trkpt lat="-41.3011710" lon="174.7497320">
    <ele>290.0</ele>
   </trkpt>
   <trkpt lat="-41.3011510" lon="174.7497350">
    <ele>290.0</ele>
   </trkpt>
   <trkpt lat="-41.3011310" lon="174.7497370">
    <ele>289.0</ele>
   </trkpt>
   <trkpt lat="-41.3011120" lon="174.7497400">
    <ele>289.0</ele>
   </trkpt>
   <trkpt lat="-41.3010930" lon="174.7497430">
    <ele>289.0</ele>
   </trkpt>
   <trkpt lat="-41.3010740" lon="174.7497470">
    <ele>289.0</ele>
   </trkpt>
   <trkpt lat="-41.3010550" lon="174.7497510">
    <ele>289.0</ele>
   </trkpt>
   <trkpt lat="-41.3010360" lon="174.7497550">
    <ele>288.0</ele>
   </trkpt>
   <trkpt lat="-41.3010170" lon="174.7497590">
    <ele>288.0</ele>
   </trkpt>
   <trkpt lat="-41.3009970" lon="174.7497620">
    <ele>288.0</ele>
   </trkpt>
   <trkpt lat="-41.3009770" lon="174.7497650">
    <ele>288.0</ele>
   </trkpt>
   <trkpt lat="-41.3009570" lon="174.7497680">
    <ele>288.0</ele>
   </trkpt>
   <trkpt lat="-41.3009370" lon="174.7497720">
    <ele>287.0</ele>
   </trkpt>
   <trkpt lat="-41.3009170" lon="174.7497760">
    <ele>287.0</ele>
   </trkpt>
   <trkpt lat="-41.3008980" lon="174.7497810">
    <ele>286.0</ele>
   </trkpt>
   <trkpt lat="-41.3008780" lon="174.7497850">
    <ele>286.0</ele>
   </trkpt>
   <trkpt lat="-41.3008580" lon="174.7497900">
    <ele>286.0</ele>
   </trkpt>
   <trkpt lat="-41.3008390" lon="174.7497940">
    <ele>285.0</ele>
   </trkpt>
   <trkpt lat="-41.3008190" lon="174.7497970">
    <ele>284.0</ele>
   </trkpt>
   <trkpt lat="-41.3008000" lon="174.7498000">
    <ele>284.0</ele>
   </trkpt>
   <trkpt lat="-41.3007810" lon="174.7498040">
    <ele>283.0</ele>
   </trkpt>
   <trkpt lat="-41.3007610" lon="174.7498060">
    <ele>283.0</ele>
   </trkpt>
   <trkpt lat="-41.3007420" lon="174.7498090">
    <ele>282.0</ele>
   </trkpt>
   <trkpt lat="-41.3007230" lon="174.7498120">
    <ele>282.0</ele>
   </trkpt>
   <trkpt lat="-41.3007040" lon="174.7498150">
    <ele>281.0</ele>
   </trkpt>
   <trkpt lat="-41.3006840" lon="174.7498180">
    <ele>281.0</ele>
   </trkpt>
   <trkpt lat="-41.3006650" lon="174.7498220">
    <ele>281.0</ele>
   </trkpt>
   <trkpt lat="-41.3006450" lon="174.7498250">
    <ele>280.0</ele>
   </trkpt>
   <trkpt lat="-41.3006250" lon="174.7498290">
    <ele>280.0</ele>
   </trkpt>
   <trkpt lat="-41.3006040" lon="174.7498330">
    <ele>279.0</ele>
   </trkpt>
   <trkpt lat="-41.3005840" lon="174.7498370">
    <ele>279.0</ele>
   </trkpt>
   <trkpt lat="-41.3005620" lon="174.7498420">
    <ele>279.0</ele>
   </trkpt>
   <trkpt lat="-41.3005400" lon="174.7498460">
    <ele>278.0</ele>
   </trkpt>
   <trkpt lat="-41.3005160" lon="174.7498510">
    <ele>278.0</ele>
   </trkpt>
   <trkpt lat="-41.3004930" lon="174.7498570">
    <ele>277.0</ele>
   </trkpt>
   <trkpt lat="-41.3004690" lon="174.7498620">
    <ele>277.0</ele>
   </trkpt>
   <trkpt lat="-41.3004450" lon="174.7498670">
    <ele>277.0</ele>
   </trkpt>
   <trkpt lat="-41.3004200" lon="174.7498710">
    <ele>276.0</ele>
   </trkpt>
   <trkpt lat="-41.3003960" lon="174.7498760">
    <ele>276.0</ele>
   </trkpt>
   <trkpt lat="-41.3003710" lon="174.7498790">
    <ele>275.0</ele>
   </trkpt>
   <trkpt lat="-41.3003450" lon="174.7498820">
    <ele>275.0</ele>
   </trkpt>
   <trkpt lat="-41.3003200" lon="174.7498850">
    <ele>275.0</ele>
   </trkpt>
   <trkpt lat="-41.3002950" lon="174.7498890">
    <ele>274.0</ele>
   </trkpt>
   <trkpt lat="-41.3002690" lon="174.7498940">
    <ele>274.0</ele>
   </trkpt>
   <trkpt lat="-41.3002430" lon="174.7499000">
    <ele>273.0</ele>
   </trkpt>
   <trkpt lat="-41.3002170" lon="174.7499060">
    <ele>273.0</ele>
   </trkpt>
   <trkpt lat="-41.3001910" lon="174.7499130">
    <ele>273.0</ele>
   </trkpt>
   <trkpt lat="-41.3001650" lon="174.7499190">
    <ele>272.0</ele>
   </trkpt>
   <trkpt lat="-41.3001390" lon="174.7499260">
    <ele>272.0</ele>
   </trkpt>
   <trkpt lat="-41.3001130" lon="174.7499320">
    <ele>271.0</ele>
   </trkpt>
   <trkpt lat="-41.3000870" lon="174.7499370">
    <ele>271.0</ele>
   </trkpt>
   <trkpt lat="-41.3000610" lon="174.7499430">
    <ele>271.0</ele>
   </trkpt>
   <trkpt lat="-41.3000360" lon="174.7499480">
    <ele>271.0</ele>
   </trkpt>
   <trkpt lat="-41.3000120" lon="174.7499520">
    <ele>271.0</ele>
   </trkpt>
   <trkpt lat="-41.2999870" lon="174.7499570">
    <ele>271.0</ele>
   </trkpt>
   <trkpt lat="-41.2999640" lon="174.7499590">
    <ele>271.0</ele>
   </trkpt>
   <trkpt lat="-41.2999410" lon="174.7499610">
    <ele>271.0</ele>
   </trkpt>
   <trkpt lat="-41.2999180" lon="174.7499590">
    <ele>270.0</ele>
   </trkpt>
   <trkpt lat="-41.2998950" lon="174.7499580">
    <ele>270.0</ele>
   </trkpt>
   <trkpt lat="-41.2998730" lon="174.7499560">
    <ele>270.0</ele>
   </trkpt>
   <trkpt lat="-41.2998510" lon="174.7499530">
    <ele>270.0</ele>
   </trkpt>
   <trkpt lat="-41.2998300" lon="174.7499480">
    <ele>270.0</ele>
   </trkpt>
   <trkpt lat="-41.2998090" lon="174.7499440">
    <ele>269.0</ele>
   </trkpt>
   <trkpt lat="-41.2997880" lon="174.7499380">
    <ele>269.0</ele>
   </trkpt>
   <trkpt lat="-41.2997670" lon="174.7499320">
    <ele>269.0</ele>
   </trkpt>
   <trkpt lat="-41.2997440" lon="174.7499280">
    <ele>269.0</ele>
   </trkpt>
   <trkpt lat="-41.2997220" lon="174.7499230">
    <ele>269.0</ele>
   </trkpt>
   <trkpt lat="-41.2996990" lon="174.7499220">
    <ele>268.0</ele>
   </trkpt>
   <trkpt lat="-41.2996760" lon="174.7499210">
    <ele>268.0</ele>
   </trkpt>
   <trkpt lat="-41.2996510" lon="174.7499220">
    <ele>268.0</ele>
   </trkpt>
   <trkpt lat="-41.2996260" lon="174.7499240">
    <ele>268.0</ele>
   </trkpt>
   <trkpt lat="-41.2996000" lon="174.7499250">
    <ele>268.0</ele>
   </trkpt>
   <trkpt lat="-41.2995740" lon="174.7499270">
    <ele>267.0</ele>
   </trkpt>
   <trkpt lat="-41.2995480" lon="174.7499280">
    <ele>267.0</ele>
   </trkpt>
   <trkpt lat="-41.2995220" lon="174.7499280">
    <ele>267.0</ele>
   </trkpt>
   <trkpt lat="-41.2994980" lon="174.7499280">
    <ele>267.0</ele>
   </trkpt>
   <trkpt lat="-41.2994740" lon="174.7499280">
    <ele>267.0</ele>
   </trkpt>
   <trkpt lat="-41.2994510" lon="174.7499290">
    <ele>266.0</ele>
   </trkpt>
   <trkpt lat="-41.2994290" lon="174.7499290">
    <ele>266.0</ele>
   </trkpt>
   <trkpt lat="-41.2994080" lon="174.7499290">
    <ele>266.0</ele>
   </trkpt>
   <trkpt lat="-41.2993870" lon="174.7499300">
    <ele>266.0</ele>
   </trkpt>
   <trkpt lat="-41.2993650" lon="174.7499300">
    <ele>266.0</ele>
   </trkpt>
   <trkpt lat="-41.2993430" lon="174.7499310">
    <ele>265.0</ele>
   </trkpt>
   <trkpt lat="-41.2993200" lon="174.7499320">
    <ele>265.0</ele>
   </trkpt>
   <trkpt lat="-41.2992980" lon="174.7499340">
    <ele>264.0</ele>
   </trkpt>
   <trkpt lat="-41.2992730" lon="174.7499360">
    <ele>264.0</ele>
   </trkpt>
   <trkpt lat="-41.2992490" lon="174.7499380">
    <ele>264.0</ele>
   </trkpt>
   <trkpt lat="-41.2992220" lon="174.7499400">
    <ele>263.0</ele>
   </trkpt>
   <trkpt lat="-41.2991950" lon="174.7499420">
    <ele>263.0</ele>
   </trkpt>
   <trkpt lat="-41.2991660" lon="174.7499460">
    <ele>262.0</ele>
   </trkpt>
   <trkpt lat="-41.2991380" lon="174.7499500">
    <ele>262.0</ele>
   </trkpt>
   <trkpt lat="-41.2991120" lon="174.7499550">
    <ele>262.0</ele>
   </trkpt>
   <trkpt lat="-41.2990850" lon="174.7499590">
    <ele>261.0</ele>
   </trkpt>
   <trkpt lat="-41.2990590" lon="174.7499630">
    <ele>261.0</ele>
   </trkpt>
   <trkpt lat="-41.2990330" lon="174.7499660">
    <ele>260.0</ele>
   </trkpt>
   <trkpt lat="-41.2990090" lon="174.7499670">
    <ele>260.0</ele>
   </trkpt>
   <trkpt lat="-41.2989850" lon="174.7499680">
    <ele>260.0</ele>
   </trkpt>
   <trkpt lat="-41.2989610" lon="174.7499670">
    <ele>259.0</ele>
   </trkpt>
   <trkpt lat="-41.2989370" lon="174.7499660">
    <ele>259.0</ele>
   </trkpt>
   <trkpt lat="-41.2989120" lon="174.7499660">
    <ele>258.0</ele>
   </trkpt>
   <trkpt lat="-41.2988880" lon="174.7499650">
    <ele>258.0</ele>
   </trkpt>
   <trkpt lat="-41.2988620" lon="174.7499650">
    <ele>258.0</ele>
   </trkpt>
   <trkpt lat="-41.2988350" lon="174.7499650">
    <ele>257.0</ele>
   </trkpt>
   <trkpt lat="-41.2988080" lon="174.7499650">
    <ele>257.0</ele>
   </trkpt>
   <trkpt lat="-41.2987820" lon="174.7499640">
    <ele>256.0</ele>
   </trkpt>
   <trkpt lat="-41.2987550" lon="174.7499630">
    <ele>256.0</ele>
   </trkpt>
   <trkpt lat="-41.2987280" lon="174.7499630">
    <ele>256.0</ele>
   </trkpt>
   <trkpt lat="-41.2987010" lon="174.7499620">
    <ele>255.0</ele>
   </trkpt>
   <trkpt lat="-41.2986730" lon="174.7499610">
    <ele>255.0</ele>
   </trkpt>
   <trkpt lat="-41.2986460" lon="174.7499610">
    <ele>255.0</ele>
   </trkpt>
   <trkpt lat="-41.2986190" lon="174.7499610">
    <ele>255.0</ele>
   </trkpt>
   <trkpt lat="-41.2985920" lon="174.7499590">
    <ele>255.0</ele>
   </trkpt>
   <trkpt lat="-41.2985640" lon="174.7499580">
    <ele>254.0</ele>
   </trkpt>
   <trkpt lat="-41.2985380" lon="174.7499570">
    <ele>254.0</ele>
   </trkpt>
   <trkpt lat="-41.2985110" lon="174.7499560">
    <ele>254.0</ele>
   </trkpt>
   <trkpt lat="-41.2984840" lon="174.7499550">
    <ele>254.0</ele>
   </trkpt>
   <trkpt lat="-41.2984570" lon="174.7499550">
    <ele>254.0</ele>
   </trkpt>
   <trkpt lat="-41.2984310" lon="174.7499540">
    <ele>253.0</ele>
   </trkpt>
   <trkpt lat="-41.2984040" lon="174.7499530">
    <ele>253.0</ele>
   </trkpt>
   <trkpt lat="-41.2983780" lon="174.7499510">
    <ele>252.0</ele>
   </trkpt>
   <trkpt lat="-41.2983530" lon="174.7499490">
    <ele>252.0</ele>
   </trkpt>
   <trkpt lat="-41.2983320" lon="174.7499460">
    <ele>252.0</ele>
   </trkpt>
   <trkpt lat="-41.2983120" lon="174.7499440">
    <ele>251.0</ele>
   </trkpt>
   <trkpt lat="-41.2982960" lon="174.7499420">
    <ele>251.0</ele>
   </trkpt>
   <trkpt lat="-41.2982810" lon="174.7499410">
    <ele>251.0</ele>
   </trkpt>
   <trkpt lat="-41.2982690" lon="174.7499390">
    <ele>251.0</ele>
   </trkpt>
   <trkpt lat="-41.2982560" lon="174.7499370">
    <ele>251.0</ele>
   </trkpt>
   <trkpt lat="-41.2982460" lon="174.7499350">
    <ele>251.0</ele>
   </trkpt>
   <trkpt lat="-41.2982350" lon="174.7499330">
    <ele>251.0</ele>
   </trkpt>
   <trkpt lat="-41.2982250" lon="174.7499300">
    <ele>251.0</ele>
   </trkpt>
   <trkpt lat="-41.2982150" lon="174.7499270">
    <ele>251.0</ele>
   </trkpt>
   <trkpt lat="-41.2982040" lon="174.7499250">
    <ele>251.0</ele>
   </trkpt>
   <trkpt lat="-41.2981940" lon="174.7499220">
    <ele>251.0</ele>
   </trkpt>
   <trkpt lat="-41.2981820" lon="174.7499210">
    <ele>251.0</ele>
   </trkpt>
   <trkpt lat="-41.2981700" lon="174.7499200">
    <ele>251.0</ele>
   </trkpt>
   <trkpt lat="-41.2981560" lon="174.7499220">
    <ele>251.0</ele>
   </trkpt>
   <trkpt lat="-41.2981410" lon="174.7499230">
    <ele>251.0</ele>
   </trkpt>
   <trkpt lat="-41.2981260" lon="174.7499250">
    <ele>251.0</ele>
   </trkpt>
   <trkpt lat="-41.2981110" lon="174.7499280">
    <ele>251.0</ele>
   </trkpt>
   <trkpt lat="-41.2980940" lon="174.7499310">
    <ele>251.0</ele>
   </trkpt>
   <trkpt lat="-41.2980780" lon="174.7499340">
    <ele>251.0</ele>
   </trkpt>
   <trkpt lat="-41.2980600" lon="174.7499390">
    <ele>252.0</ele>
   </trkpt>
   <trkpt lat="-41.2980420" lon="174.7499450">
    <ele>252.0</ele>
   </trkpt>
   <trkpt lat="-41.2980240" lon="174.7499520">
    <ele>252.0</ele>
   </trkpt>
   <trkpt lat="-41.2980060" lon="174.7499590">
    <ele>252.0</ele>
   </trkpt>
   <trkpt lat="-41.2979880" lon="174.7499670">
    <ele>252.0</ele>
   </trkpt>
   <trkpt lat="-41.2979700" lon="174.7499750">
    <ele>253.0</ele>
   </trkpt>
   <trkpt lat="-41.2979530" lon="174.7499830">
    <ele>253.0</ele>
   </trkpt>
   <trkpt lat="-41.2979360" lon="174.7499920">
    <ele>253.0</ele>
   </trkpt>
   <trkpt lat="-41.2979180" lon="174.7500010">
    <ele>253.0</ele>
   </trkpt>
   <trkpt lat="-41.2979000" lon="174.7500100">
    <ele>253.0</ele>
   </trkpt>
   <trkpt lat="-41.2978810" lon="174.7500210">
    <ele>253.0</ele>
   </trkpt>
   <trkpt lat="-41.2978630" lon="174.7500320">
    <ele>252.0</ele>
   </trkpt>
   <trkpt lat="-41.2978450" lon="174.7500430">
    <ele>252.0</ele>
   </trkpt>
   <trkpt lat="-41.2978270" lon="174.7500550">
    <ele>252.0</ele>
   </trkpt>
   <trkpt lat="-41.2978070" lon="174.7500660">
    <ele>252.0</ele>
   </trkpt>
   <trkpt lat="-41.2977880" lon="174.7500770">
    <ele>252.0</ele>
   </trkpt>
   <trkpt lat="-41.2977670" lon="174.7500870">
    <ele>251.0</ele>
   </trkpt>
   <trkpt lat="-41.2977470" lon="174.7500960">
    <ele>251.0</ele>
   </trkpt>
   <trkpt lat="-41.2977270" lon="174.7501050">
    <ele>251.0</ele>
   </trkpt>
   <trkpt lat="-41.2977070" lon="174.7501140">
    <ele>251.0</ele>
   </trkpt>
   <trkpt lat="-41.2976870" lon="174.7501220">
    <ele>251.0</ele>
   </trkpt>
   <trkpt lat="-41.2976670" lon="174.7501300">
    <ele>250.0</ele>
   </trkpt>
   <trkpt lat="-41.2976460" lon="174.7501400">
    <ele>250.0</ele>
   </trkpt>
   <trkpt lat="-41.2976250" lon="174.7501500">
    <ele>249.0</ele>
   </trkpt>
   <trkpt lat="-41.2976020" lon="174.7501620">
    <ele>249.0</ele>
   </trkpt>
   <trkpt lat="-41.2975790" lon="174.7501740">
    <ele>249.0</ele>
   </trkpt>
   <trkpt lat="-41.2975540" lon="174.7501870">
    <ele>248.0</ele>
   </trkpt>
   <trkpt lat="-41.2975290" lon="174.7502010">
    <ele>248.0</ele>
   </trkpt>
   <trkpt lat="-41.2975030" lon="174.7502130">
    <ele>247.0</ele>
   </trkpt>
   <trkpt lat="-41.2974770" lon="174.7502260">
    <ele>247.0</ele>
   </trkpt>
   <trkpt lat="-41.2974510" lon="174.7502380">
    <ele>247.0</ele>
   </trkpt>
   <trkpt lat="-41.2974250" lon="174.7502500">
    <ele>246.0</ele>
   </trkpt>
   <trkpt lat="-41.2973990" lon="174.7502610">
    <ele>246.0</ele>
   </trkpt>
   <trkpt lat="-41.2973730" lon="174.7502730">
    <ele>246.0</ele>
   </trkpt>
   <trkpt lat="-41.2973480" lon="174.7502840">
    <ele>246.0</ele>
   </trkpt>
   <trkpt lat="-41.2973230" lon="174.7502950">
    <ele>246.0</ele>
   </trkpt>
   <trkpt lat="-41.2973000" lon="174.7503090">
    <ele>245.0</ele>
   </trkpt>
   <trkpt lat="-41.2972760" lon="174.7503220">
    <ele>245.0</ele>
   </trkpt>
   <trkpt lat="-41.2972550" lon="174.7503390">
    <ele>244.0</ele>
   </trkpt>
   <trkpt lat="-41.2972330" lon="174.7503570">
    <ele>244.0</ele>
   </trkpt>
   <trkpt lat="-41.2972150" lon="174.7503770">
    <ele>244.0</ele>
   </trkpt>
   <trkpt lat="-41.2971970" lon="174.7503980">
    <ele>244.0</ele>
   </trkpt>
   <trkpt lat="-41.2971800" lon="174.7504220">
    <ele>244.0</ele>
   </trkpt>
   <trkpt lat="-41.2971620" lon="174.7504450">
    <ele>244.0</ele>
   </trkpt>
   <trkpt lat="-41.2971440" lon="174.7504710">
    <ele>244.0</ele>
   </trkpt>
   <trkpt lat="-41.2971260" lon="174.7504970">
    <ele>244.0</ele>
   </trkpt>
   <trkpt lat="-41.2971080" lon="174.7505250">
    <ele>243.0</ele>
   </trkpt>
   <trkpt lat="-41.2970890" lon="174.7505530">
    <ele>243.0</ele>
   </trkpt>
   <trkpt lat="-41.2970720" lon="174.7505830">
    <ele>243.0</ele>
   </trkpt>
   <trkpt lat="-41.2970540" lon="174.7506130">
    <ele>243.0</ele>
   </trkpt>
   <trkpt lat="-41.2970390" lon="174.7506440">
    <ele>243.0</ele>
   </trkpt>
   <trkpt lat="-41.2970240" lon="174.7506750">
    <ele>242.0</ele>
   </trkpt>
   <trkpt lat="-41.2970090" lon="174.7507050">
    <ele>242.0</ele>
   </trkpt>
   <trkpt lat="-41.2969950" lon="174.7507350">
    <ele>242.0</ele>
   </trkpt>
   <trkpt lat="-41.2969810" lon="174.7507650">
    <ele>242.0</ele>
   </trkpt>
   <trkpt lat="-41.2969670" lon="174.7507940">
    <ele>242.0</ele>
   </trkpt>
   <trkpt lat="-41.2969530" lon="174.7508210">
    <ele>242.0</ele>
   </trkpt>
   <trkpt lat="-41.2969380" lon="174.7508480">
    <ele>242.0</ele>
   </trkpt>
   <trkpt lat="-41.2969240" lon="174.7508740">
    <ele>242.0</ele>
   </trkpt>
   <trkpt lat="-41.2969110" lon="174.7508990">
    <ele>242.0</ele>
   </trkpt>
   <trkpt lat="-41.2969000" lon="174.7509240">
    <ele>242.0</ele>
   </trkpt>
   <trkpt lat="-41.2968900" lon="174.7509490">
    <ele>242.0</ele>
   </trkpt>
   <trkpt lat="-41.2968810" lon="174.7509740">
    <ele>242.0</ele>
   </trkpt>
   <trkpt lat="-41.2968720" lon="174.7509990">
    <ele>242.0</ele>
   </trkpt>
   <trkpt lat="-41.2968630" lon="174.7510240">
    <ele>242.0</ele>
   </trkpt>
   <trkpt lat="-41.2968530" lon="174.7510490">
    <ele>242.0</ele>
   </trkpt>
   <trkpt lat="-41.2968420" lon="174.7510740">
    <ele>242.0</ele>
   </trkpt>
   <trkpt lat="-41.2968320" lon="174.7511000">
    <ele>242.0</ele>
   </trkpt>
   <trkpt lat="-41.2968190" lon="174.7511260">
    <ele>242.0</ele>
   </trkpt>
   <trkpt lat="-41.2968070" lon="174.7511520">
    <ele>242.0</ele>
   </trkpt>
   <trkpt lat="-41.2967940" lon="174.7511780">
    <ele>242.0</ele>
   </trkpt>
   <trkpt lat="-41.2967810" lon="174.7512040">
    <ele>242.0</ele>
   </trkpt>
   <trkpt lat="-41.2967680" lon="174.7512300">
    <ele>242.0</ele>
   </trkpt>
   <trkpt lat="-41.2967540" lon="174.7512560">
    <ele>242.0</ele>
   </trkpt>
   <trkpt lat="-41.2967390" lon="174.7512800">
    <ele>242.0</ele>
   </trkpt>
   <trkpt lat="-41.2967240" lon="174.7513040">
    <ele>243.0</ele>
   </trkpt>
   <trkpt lat="-41.2967060" lon="174.7513260">
    <ele>243.0</ele>
   </trkpt>
   <trkpt lat="-41.2966880" lon="174.7513480">
    <ele>243.0</ele>
   </trkpt>
   <trkpt lat="-41.2966690" lon="174.7513690">
    <ele>243.0</ele>
   </trkpt>
   <trkpt lat="-41.2966500" lon="174.7513900">
    <ele>243.0</ele>
   </trkpt>
   <trkpt lat="-41.2966310" lon="174.7514100">
    <ele>243.0</ele>
   </trkpt>
   <trkpt lat="-41.2966110" lon="174.7514310">
    <ele>243.0</ele>
   </trkpt>
   <trkpt lat="-41.2965920" lon="174.7514490">
    <ele>243.0</ele>
   </trkpt>
   <trkpt lat="-41.2965730" lon="174.7514670">
    <ele>243.0</ele>
   </trkpt>
   <trkpt lat="-41.2965520" lon="174.7514810">
    <ele>243.0</ele>
   </trkpt>
   <trkpt lat="-41.2965310" lon="174.7514950">
    <ele>243.0</ele>
   </trkpt>
   <trkpt lat="-41.2965100" lon="174.7515070">
    <ele>242.0</ele>
   </trkpt>
   <trkpt lat="-41.2964880" lon="174.7515190">
    <ele>242.0</ele>
   </trkpt>
   <trkpt lat="-41.2964690" lon="174.7515330">
    <ele>242.0</ele>
   </trkpt>
   <trkpt lat="-41.2964500" lon="174.7515470">
    <ele>242.0</ele>
   </trkpt>
   <trkpt lat="-41.2964330" lon="174.7515650">
    <ele>242.0</ele>
   </trkpt>
   <trkpt lat="-41.2964170" lon="174.7515830">
    <ele>241.0</ele>
   </trkpt>
   <trkpt lat="-41.2964010" lon="174.7516030">
    <ele>241.0</ele>
   </trkpt>
   <trkpt lat="-41.2963860" lon="174.7516230">
    <ele>241.0</ele>
   </trkpt>
   <trkpt lat="-41.2963700" lon="174.7516420">
    <ele>241.0</ele>
   </trkpt>
   <trkpt lat="-41.2963540" lon="174.7516610">
    <ele>241.0</ele>
   </trkpt>
   <trkpt lat="-41.2963380" lon="174.7516790">
    <ele>240.0</ele>
   </trkpt>
   <trkpt lat="-41.2963220" lon="174.7516960">
    <ele>240.0</ele>
   </trkpt>
   <trkpt lat="-41.2963050" lon="174.7517120">
    <ele>240.0</ele>
   </trkpt>
   <trkpt lat="-41.2962890" lon="174.7517280">
    <ele>240.0</ele>
   </trkpt>
   <trkpt lat="-41.2962710" lon="174.7517410">
    <ele>240.0</ele>
   </trkpt>
   <trkpt lat="-41.2962530" lon="174.7517540">
    <ele>239.0</ele>
   </trkpt>
   <trkpt lat="-41.2962340" lon="174.7517630">
    <ele>239.0</ele>
   </trkpt>
   <trkpt lat="-41.2962150" lon="174.7517730">
    <ele>238.0</ele>
   </trkpt>
   <trkpt lat="-41.2961940" lon="174.7517800">
    <ele>238.0</ele>
   </trkpt>
   <trkpt lat="-41.2961730" lon="174.7517860">
    <ele>238.0</ele>
   </trkpt>
   <trkpt lat="-41.2961530" lon="174.7517910">
    <ele>237.0</ele>
   </trkpt>
   <trkpt lat="-41.2961320" lon="174.7517960">
    <ele>237.0</ele>
   </trkpt>
   <trkpt lat="-41.2961140" lon="174.7518030">
    <ele>237.0</ele>
   </trkpt>
   <trkpt lat="-41.2960950" lon="174.7518090">
    <ele>237.0</ele>
   </trkpt>
   <trkpt lat="-41.2960770" lon="174.7518170">
    <ele>237.0</ele>
   </trkpt>
   <trkpt lat="-41.2960590" lon="174.7518250">
    <ele>236.0</ele>
   </trkpt>
   <trkpt lat="-41.2960410" lon="174.7518340">
    <ele>236.0</ele>
   </trkpt>
   <trkpt lat="-41.2960240" lon="174.7518430">
    <ele>235.0</ele>
   </trkpt>
   <trkpt lat="-41.2960050" lon="174.7518520">
    <ele>235.0</ele>
   </trkpt>
   <trkpt lat="-41.2959870" lon="174.7518610">
    <ele>235.0</ele>
   </trkpt>
   <trkpt lat="-41.2959670" lon="174.7518680">
    <ele>234.0</ele>
   </trkpt>
   <trkpt lat="-41.2959470" lon="174.7518750">
    <ele>233.0</ele>
   </trkpt>
   <trkpt lat="-41.2959230" lon="174.7518800">
    <ele>233.0</ele>
   </trkpt>
   <trkpt lat="-41.2959000" lon="174.7518850">
    <ele>232.0</ele>
   </trkpt>
   <trkpt lat="-41.2958740" lon="174.7518900">
    <ele>232.0</ele>
   </trkpt>
   <trkpt lat="-41.2958480" lon="174.7518940">
    <ele>231.0</ele>
   </trkpt>
   <trkpt lat="-41.2958220" lon="174.7518980">
    <ele>230.0</ele>
   </trkpt>
   <trkpt lat="-41.2957970" lon="174.7519030">
    <ele>230.0</ele>
   </trkpt>
   <trkpt lat="-41.2957740" lon="174.7519050">
    <ele>229.0</ele>
   </trkpt>
   <trkpt lat="-41.2957510" lon="174.7519080">
    <ele>229.0</ele>
   </trkpt>
   <trkpt lat="-41.2957300" lon="174.7519050">
    <ele>228.0</ele>
   </trkpt>
   <trkpt lat="-41.2957090" lon="174.7519020">
    <ele>228.0</ele>
   </trkpt>
   <trkpt lat="-41.2956890" lon="174.7518940">
    <ele>227.0</ele>
   </trkpt>
   <trkpt lat="-41.2956690" lon="174.7518850">
    <ele>227.0</ele>
   </trkpt>
   <trkpt lat="-41.2956480" lon="174.7518740">
    <ele>227.0</ele>
   </trkpt>
   <trkpt lat="-41.2956280" lon="174.7518630">
    <ele>226.0</ele>
   </trkpt>
   <trkpt lat="-41.2956060" lon="174.7518500">
    <ele>226.0</ele>
   </trkpt>
   <trkpt lat="-41.2955840" lon="174.7518380">
    <ele>225.0</ele>
   </trkpt>
   <trkpt lat="-41.2955600" lon="174.7518250">
    <ele>225.0</ele>
   </trkpt>
   <trkpt lat="-41.2955370" lon="174.7518130">
    <ele>225.0</ele>
   </trkpt>
   <trkpt lat="-41.2955130" lon="174.7518020">
    <ele>224.0</ele>
   </trkpt>
   <trkpt lat="-41.2954900" lon="174.7517910">
    <ele>224.0</ele>
   </trkpt>
   <trkpt lat="-41.2954670" lon="174.7517820">
    <ele>224.0</ele>
   </trkpt>
   <trkpt lat="-41.2954440" lon="174.7517730">
    <ele>224.0</ele>
   </trkpt>
   <trkpt lat="-41.2954240" lon="174.7517700">
    <ele>224.0</ele>
   </trkpt>
   <trkpt lat="-41.2954050" lon="174.7517670">
    <ele>223.0</ele>
   </trkpt>
   <trkpt lat="-41.2953880" lon="174.7517720">
    <ele>223.0</ele>
   </trkpt>
   <trkpt lat="-41.2953710" lon="174.7517770">
    <ele>222.0</ele>
   </trkpt>
   <trkpt lat="-41.2953550" lon="174.7517910">
    <ele>222.0</ele>
   </trkpt>
   <trkpt lat="-41.2953400" lon="174.7518040">
    <ele>222.0</ele>
   </trkpt>
   <trkpt lat="-41.2953260" lon="174.7518220">
    <ele>222.0</ele>
   </trkpt>
   <trkpt lat="-41.2953110" lon="174.7518390">
    <ele>222.0</ele>
   </trkpt>
   <trkpt lat="-41.2952940" lon="174.7518580">
    <ele>222.0</ele>
   </trkpt>
   <trkpt lat="-41.2952780" lon="174.7518760">
    <ele>222.0</ele>
   </trkpt>
   <trkpt lat="-41.2952610" lon="174.7518940">
    <ele>222.0</ele>
   </trkpt>
   <trkpt lat="-41.2952440" lon="174.7519110">
    <ele>221.0</ele>
   </trkpt>
   <trkpt lat="-41.2952300" lon="174.7519280">
    <ele>221.0</ele>
   </trkpt>
   <trkpt lat="-41.2952160" lon="174.7519440">
    <ele>220.0</ele>
   </trkpt>
   <trkpt lat="-41.2952050" lon="174.7519610">
    <ele>220.0</ele>
   </trkpt>
   <trkpt lat="-41.2951950" lon="174.7519770">
    <ele>220.0</ele>
   </trkpt>
   <trkpt lat="-41.2951860" lon="174.7519950">
    <ele>219.0</ele>
   </trkpt>
   <trkpt lat="-41.2951770" lon="174.7520120">
    <ele>219.0</ele>
   </trkpt>
   <trkpt lat="-41.2951690" lon="174.7520310">
    <ele>219.0</ele>
   </trkpt>
   <trkpt lat="-41.2951610" lon="174.7520500">
    <ele>219.0</ele>
   </trkpt>
   <trkpt lat="-41.2951530" lon="174.7520710">
    <ele>219.0</ele>
   </trkpt>
   <trkpt lat="-41.2951460" lon="174.7520920">
    <ele>218.0</ele>
   </trkpt>
   <trkpt lat="-41.2951400" lon="174.7521120">
    <ele>218.0</ele>
   </trkpt>
   <trkpt lat="-41.2951340" lon="174.7521330">
    <ele>217.0</ele>
   </trkpt>
   <trkpt lat="-41.2951300" lon="174.7521550">
    <ele>217.0</ele>
   </trkpt>
   <trkpt lat="-41.2951270" lon="174.7521760">
    <ele>217.0</ele>
   </trkpt>
   <trkpt lat="-41.2951240" lon="174.7521990">
    <ele>216.0</ele>
   </trkpt>
   <trkpt lat="-41.2951220" lon="174.7522230">
    <ele>216.0</ele>
   </trkpt>
   <trkpt lat="-41.2951220" lon="174.7522480">
    <ele>216.0</ele>
   </trkpt>
   <trkpt lat="-41.2951220" lon="174.7522720">
    <ele>216.0</ele>
   </trkpt>
   <trkpt lat="-41.2951270" lon="174.7522940">
    <ele>216.0</ele>
   </trkpt>
   <trkpt lat="-41.2951320" lon="174.7523150">
    <ele>215.0</ele>
   </trkpt>
   <trkpt lat="-41.2951450" lon="174.7523330">
    <ele>215.0</ele>
   </trkpt>
   <trkpt lat="-41.2951580" lon="174.7523500">
    <ele>214.0</ele>
   </trkpt>
   <trkpt lat="-41.2951770" lon="174.7523650">
    <ele>214.0</ele>
   </trkpt>
   <trkpt lat="-41.2951970" lon="174.7523800">
    <ele>214.0</ele>
   </trkpt>
   <trkpt lat="-41.2952200" lon="174.7523900">
    <ele>213.0</ele>
   </trkpt>
   <trkpt lat="-41.2952430" lon="174.7524020">
    <ele>213.0</ele>
   </trkpt>
   <trkpt lat="-41.2952640" lon="174.7524110">
    <ele>213.0</ele>
   </trkpt>
   <trkpt lat="-41.2952850" lon="174.7524200">
    <ele>213.0</ele>
   </trkpt>
   <trkpt lat="-41.2953020" lon="174.7524290">
    <ele>213.0</ele>
   </trkpt>
   <trkpt lat="-41.2953190" lon="174.7524380">
    <ele>212.0</ele>
   </trkpt>
   <trkpt lat="-41.2953330" lon="174.7524480">
    <ele>212.0</ele>
   </trkpt>
   <trkpt lat="-41.2953460" lon="174.7524580">
    <ele>212.0</ele>
   </trkpt>
   <trkpt lat="-41.2953580" lon="174.7524680">
    <ele>212.0</ele>
   </trkpt>
   <trkpt lat="-41.2953690" lon="174.7524790">
    <ele>212.0</ele>
   </trkpt>
   <trkpt lat="-41.2953790" lon="174.7524890">
    <ele>212.0</ele>
   </trkpt>
   <trkpt lat="-41.2953900" lon="174.7525000">
    <ele>212.0</ele>
   </trkpt>
   <trkpt lat="-41.2953990" lon="174.7525100">
    <ele>212.0</ele>
   </trkpt>
   <trkpt lat="-41.2954090" lon="174.7525200">
    <ele>212.0</ele>
   </trkpt>
   <trkpt lat="-41.2954190" lon="174.7525290">
    <ele>213.0</ele>
   </trkpt>
   <trkpt lat="-41.2954280" lon="174.7525370">
    <ele>213.0</ele>
   </trkpt>
   <trkpt lat="-41.2954380" lon="174.7525440">
    <ele>213.0</ele>
   </trkpt>
   <trkpt lat="-41.2954470" lon="174.7525510">
    <ele>213.0</ele>
   </trkpt>
   <trkpt lat="-41.2954570" lon="174.7525580">
    <ele>213.0</ele>
   </trkpt>
   <trkpt lat="-41.2954670" lon="174.7525640">
    <ele>213.0</ele>
   </trkpt>
   <trkpt lat="-41.2954790" lon="174.7525700">
    <ele>213.0</ele>
   </trkpt>
   <trkpt lat="-41.2954910" lon="174.7525760">
    <ele>213.0</ele>
   </trkpt>
   <trkpt lat="-41.2955050" lon="174.7525800">
    <ele>213.0</ele>
   </trkpt>
   <trkpt lat="-41.2955190" lon="174.7525840">
    <ele>213.0</ele>
   </trkpt>
   <trkpt lat="-41.2955320" lon="174.7525860">
    <ele>213.0</ele>
   </trkpt>
   <trkpt lat="-41.2955450" lon="174.7525870">
    <ele>213.0</ele>
   </trkpt>
   <trkpt lat="-41.2955550" lon="174.7525870">
    <ele>213.0</ele>
   </trkpt>
   <trkpt lat="-41.2955650" lon="174.7525860">
    <ele>213.0</ele>
   </trkpt>
   <trkpt lat="-41.2955730" lon="174.7525850">
    <ele>213.0</ele>
   </trkpt>
   <trkpt lat="-41.2955810" lon="174.7525830">
    <ele>213.0</ele>
   </trkpt>
   <trkpt lat="-41.2955920" lon="174.7525820">
    <ele>213.0</ele>
   </trkpt>
   <trkpt lat="-41.2956020" lon="174.7525800">
    <ele>213.0</ele>
   </trkpt>
   <trkpt lat="-41.2956160" lon="174.7525770">
    <ele>213.0</ele>
   </trkpt>
   <trkpt lat="-41.2956300" lon="174.7525750">
    <ele>213.0</ele>
   </trkpt>
   <trkpt lat="-41.2956470" lon="174.7525690">
    <ele>213.0</ele>
   </trkpt>
   <trkpt lat="-41.2956640" lon="174.7525630">
    <ele>213.0</ele>
   </trkpt>
   <trkpt lat="-41.2956810" lon="174.7525560">
    <ele>213.0</ele>
   </trkpt>
   <trkpt lat="-41.2956990" lon="174.7525490">
    <ele>213.0</ele>
   </trkpt>
   <trkpt lat="-41.2957150" lon="174.7525420">
    <ele>213.0</ele>
   </trkpt>
   <trkpt lat="-41.2957310" lon="174.7525370">
    <ele>213.0</ele>
   </trkpt>
   <trkpt lat="-41.2957460" lon="174.7525340">
    <ele>212.0</ele>
   </trkpt>
   <trkpt lat="-41.2957610" lon="174.7525310">
    <ele>212.0</ele>
   </trkpt>
   <trkpt lat="-41.2957790" lon="174.7525340">
    <ele>212.0</ele>
   </trkpt>
   <trkpt lat="-41.2957970" lon="174.7525370">
    <ele>212.0</ele>
   </trkpt>
   <trkpt lat="-41.2958160" lon="174.7525440">
    <ele>212.0</ele>
   </trkpt>
   <trkpt lat="-41.2958350" lon="174.7525500">
    <ele>211.0</ele>
   </trkpt>
   <trkpt lat="-41.2958570" lon="174.7525560">
    <ele>211.0</ele>
   </trkpt>
   <trkpt lat="-41.2958790" lon="174.7525610">
    <ele>211.0</ele>
   </trkpt>
   <trkpt lat="-41.2959030" lon="174.7525630">
    <ele>211.0</ele>
   </trkpt>
   <trkpt lat="-41.2959280" lon="174.7525650">
    <ele>211.0</ele>
   </trkpt>
   <trkpt lat="-41.2959510" lon="174.7525650">
    <ele>210.0</ele>
   </trkpt>
   <trkpt lat="-41.2959750" lon="174.7525650">
    <ele>210.0</ele>
   </trkpt>
   <trkpt lat="-41.2959980" lon="174.7525670">
    <ele>209.0</ele>
   </trkpt>
   <trkpt lat="-41.2960220" lon="174.7525690">
    <ele>209.0</ele>
   </trkpt>
   <trkpt lat="-41.2960420" lon="174.7525720">
    <ele>209.0</ele>
   </trkpt>
   <trkpt lat="-41.2960630" lon="174.7525750">
    <ele>208.0</ele>
   </trkpt>
   <trkpt lat="-41.2960830" lon="174.7525800">
    <ele>208.0</ele>
   </trkpt>
   <trkpt lat="-41.2961030" lon="174.7525840">
    <ele>207.0</ele>
   </trkpt>
   <trkpt lat="-41.2961240" lon="174.7525890">
    <ele>207.0</ele>
   </trkpt>
   <trkpt lat="-41.2961450" lon="174.7525940">
    <ele>207.0</ele>
   </trkpt>
   <trkpt lat="-41.2961670" lon="174.7525990">
    <ele>206.0</ele>
   </trkpt>
   <trkpt lat="-41.2961890" lon="174.7526050">
    <ele>206.0</ele>
   </trkpt>
   <trkpt lat="-41.2962120" lon="174.7526110">
    <ele>206.0</ele>
   </trkpt>
   <trkpt lat="-41.2962350" lon="174.7526170">
    <ele>206.0</ele>
   </trkpt>
   <trkpt lat="-41.2962580" lon="174.7526210">
    <ele>206.0</ele>
   </trkpt>
   <trkpt lat="-41.2962800" lon="174.7526240">
    <ele>205.0</ele>
   </trkpt>
   <trkpt lat="-41.2963030" lon="174.7526220">
    <ele>205.0</ele>
   </trkpt>
   <trkpt lat="-41.2963250" lon="174.7526200">
    <ele>204.0</ele>
   </trkpt>
   <trkpt lat="-41.2963460" lon="174.7526150">
    <ele>204.0</ele>
   </trkpt>
   <trkpt lat="-41.2963670" lon="174.7526110">
    <ele>204.0</ele>
   </trkpt>
   <trkpt lat="-41.2963890" lon="174.7526060">
    <ele>203.0</ele>
   </trkpt>
   <trkpt lat="-41.2964100" lon="174.7526020">
    <ele>203.0</ele>
   </trkpt>
   <trkpt lat="-41.2964310" lon="174.7526030">
    <ele>203.0</ele>
   </trkpt>
   <trkpt lat="-41.2964520" lon="174.7526040">
    <ele>203.0</ele>
   </trkpt>
   <trkpt lat="-41.2964720" lon="174.7526120">
    <ele>203.0</ele>
   </trkpt>
   <trkpt lat="-41.2964930" lon="174.7526200">
    <ele>202.0</ele>
   </trkpt>
   <trkpt lat="-41.2965110" lon="174.7526330">
    <ele>202.0</ele>
   </trkpt>
   <trkpt lat="-41.2965300" lon="174.7526450">
    <ele>201.0</ele>
   </trkpt>
   <trkpt lat="-41.2965500" lon="174.7526600">
    <ele>201.0</ele>
   </trkpt>
   <trkpt lat="-41.2965690" lon="174.7526750">
    <ele>201.0</ele>
   </trkpt>
   <trkpt lat="-41.2965910" lon="174.7526920">
    <ele>200.0</ele>
   </trkpt>
   <trkpt lat="-41.2966120" lon="174.7527100">
    <ele>200.0</ele>
   </trkpt>
   <trkpt lat="-41.2966370" lon="174.7527290">
    <ele>199.0</ele>
   </trkpt>
   <trkpt lat="-41.2966620" lon="174.7527480">
    <ele>199.0</ele>
   </trkpt>
   <trkpt lat="-41.2966890" lon="174.7527660">
    <ele>199.0</ele>
   </trkpt>
   <trkpt lat="-41.2967160" lon="174.7527840">
    <ele>198.0</ele>
   </trkpt>
   <trkpt lat="-41.2967450" lon="174.7527950">
    <ele>198.0</ele>
   </trkpt>
   <trkpt lat="-41.2967730" lon="174.7528070">
    <ele>198.0</ele>
   </trkpt>
   <trkpt lat="-41.2968010" lon="174.7528070">
    <ele>198.0</ele>
   </trkpt>
   <trkpt lat="-41.2968280" lon="174.7528070">
    <ele>198.0</ele>
   </trkpt>
   <trkpt lat="-41.2968500" lon="174.7527940">
    <ele>197.0</ele>
   </trkpt>
   <trkpt lat="-41.2968720" lon="174.7527820">
    <ele>197.0</ele>
   </trkpt>
   <trkpt lat="-41.2968870" lon="174.7527620">
    <ele>197.0</ele>
   </trkpt>
   <trkpt lat="-41.2969030" lon="174.7527430">
    <ele>197.0</ele>
   </trkpt>
   <trkpt lat="-41.2969170" lon="174.7527240">
    <ele>197.0</ele>
   </trkpt>
   <trkpt lat="-41.2969310" lon="174.7527050">
    <ele>196.0</ele>
   </trkpt>
   <trkpt lat="-41.2969480" lon="174.7526930">
    <ele>196.0</ele>
   </trkpt>
   <trkpt lat="-41.2969660" lon="174.7526800">
    <ele>196.0</ele>
   </trkpt>
   <trkpt lat="-41.2969880" lon="174.7526770">
    <ele>196.0</ele>
   </trkpt>
   <trkpt lat="-41.2970110" lon="174.7526740">
    <ele>196.0</ele>
   </trkpt>
   <trkpt lat="-41.2970360" lon="174.7526790">
    <ele>195.0</ele>
   </trkpt>
   <trkpt lat="-41.2970610" lon="174.7526830">
    <ele>195.0</ele>
   </trkpt>
   <trkpt lat="-41.2970840" lon="174.7526920">
    <ele>194.0</ele>
   </trkpt>
   <trkpt lat="-41.2971080" lon="174.7527000">
    <ele>194.0</ele>
   </trkpt>
   <trkpt lat="-41.2971280" lon="174.7527110">
    <ele>194.0</ele>
   </trkpt>
   <trkpt lat="-41.2971470" lon="174.7527220">
    <ele>193.0</ele>
   </trkpt>
   <trkpt lat="-41.2971640" lon="174.7527340">
    <ele>193.0</ele>
   </trkpt>
   <trkpt lat="-41.2971800" lon="174.7527460">
    <ele>193.0</ele>
   </trkpt>
   <trkpt lat="-41.2971950" lon="174.7527570">
    <ele>193.0</ele>
   </trkpt>
   <trkpt lat="-41.2972090" lon="174.7527690">
    <ele>193.0</ele>
   </trkpt>
   <trkpt lat="-41.2972240" lon="174.7527820">
    <ele>192.0</ele>
   </trkpt>
   <trkpt lat="-41.2972390" lon="174.7527960">
    <ele>192.0</ele>
   </trkpt>
   <trkpt lat="-41.2972540" lon="174.7528110">
    <ele>192.0</ele>
   </trkpt>
   <trkpt lat="-41.2972690" lon="174.7528260">
    <ele>192.0</ele>
   </trkpt>
   <trkpt lat="-41.2972870" lon="174.7528450">
    <ele>192.0</ele>
   </trkpt>
   <trkpt lat="-41.2973050" lon="174.7528630">
    <ele>191.0</ele>
   </trkpt>
   <trkpt lat="-41.2973250" lon="174.7528840">
    <ele>191.0</ele>
   </trkpt>
   <trkpt lat="-41.2973460" lon="174.7529040">
    <ele>191.0</ele>
   </trkpt>
   <trkpt lat="-41.2973680" lon="174.7529250">
    <ele>191.0</ele>
   </trkpt>
   <trkpt lat="-41.2973900" lon="174.7529470">
    <ele>191.0</ele>
   </trkpt>
   <trkpt lat="-41.2974130" lon="174.7529640">
    <ele>190.0</ele>
   </trkpt>
   <trkpt lat="-41.2974360" lon="174.7529820">
    <ele>190.0</ele>
   </trkpt>
   <trkpt lat="-41.2974600" lon="174.7529920">
    <ele>190.0</ele>
   </trkpt>
   <trkpt lat="-41.2974840" lon="174.7530020">
    <ele>190.0</ele>
   </trkpt>
   <trkpt lat="-41.2975090" lon="174.7530050">
    <ele>190.0</ele>
   </trkpt>
   <trkpt lat="-41.2975340" lon="174.7530080">
    <ele>189.0</ele>
   </trkpt>
   <trkpt lat="-41.2975600" lon="174.7530050">
    <ele>189.0</ele>
   </trkpt>
   <trkpt lat="-41.2975850" lon="174.7530020">
    <ele>189.0</ele>
   </trkpt>
   <trkpt lat="-41.2976070" lon="174.7529920">
    <ele>189.0</ele>
   </trkpt>
   <trkpt lat="-41.2976280" lon="174.7529830">
    <ele>189.0</ele>
   </trkpt>
   <trkpt lat="-41.2976470" lon="174.7529710">
    <ele>189.0</ele>
   </trkpt>
   <trkpt lat="-41.2976650" lon="174.7529590">
    <ele>189.0</ele>
   </trkpt>
   <trkpt lat="-41.2976810" lon="174.7529460">
    <ele>189.0</ele>
   </trkpt>
   <trkpt lat="-41.2976980" lon="174.7529340">
    <ele>189.0</ele>
   </trkpt>
   <trkpt lat="-41.2977150" lon="174.7529200">
    <ele>189.0</ele>
   </trkpt>
   <trkpt lat="-41.2977320" lon="174.7529060">
    <ele>189.0</ele>
   </trkpt>
   <trkpt lat="-41.2977510" lon="174.7528880">
    <ele>189.0</ele>
   </trkpt>
   <trkpt lat="-41.2977690" lon="174.7528700">
    <ele>189.0</ele>
   </trkpt>
   <trkpt lat="-41.2977890" lon="174.7528480">
    <ele>189.0</ele>
   </trkpt>
   <trkpt lat="-41.2978090" lon="174.7528270">
    <ele>190.0</ele>
   </trkpt>
   <trkpt lat="-41.2978280" lon="174.7528020">
    <ele>190.0</ele>
   </trkpt>
   <trkpt lat="-41.2978480" lon="174.7527780">
    <ele>190.0</ele>
   </trkpt>
   <trkpt lat="-41.2978630" lon="174.7527530">
    <ele>190.0</ele>
   </trkpt>
   <trkpt lat="-41.2978790" lon="174.7527280">
    <ele>190.0</ele>
   </trkpt>
   <trkpt lat="-41.2978920" lon="174.7527050">
    <ele>191.0</ele>
   </trkpt>
   <trkpt lat="-41.2979050" lon="174.7526830">
    <ele>191.0</ele>
   </trkpt>
   <trkpt lat="-41.2979210" lon="174.7526650">
    <ele>191.0</ele>
   </trkpt>
   <trkpt lat="-41.2979360" lon="174.7526460">
    <ele>191.0</ele>
   </trkpt>
   <trkpt lat="-41.2979530" lon="174.7526260">
    <ele>191.0</ele>
   </trkpt>
   <trkpt lat="-41.2979690" lon="174.7526050">
    <ele>191.0</ele>
   </trkpt>
   <trkpt lat="-41.2979820" lon="174.7525780">
    <ele>191.0</ele>
   </trkpt>
   <trkpt lat="-41.2979960" lon="174.7525520">
    <ele>191.0</ele>
   </trkpt>
   <trkpt lat="-41.2980010" lon="174.7525200">
    <ele>191.0</ele>
   </trkpt>
   <trkpt lat="-41.2980070" lon="174.7524890">
    <ele>191.0</ele>
   </trkpt>
   <trkpt lat="-41.2980070" lon="174.7524560">
    <ele>191.0</ele>
   </trkpt>
   <trkpt lat="-41.2980070" lon="174.7524240">
    <ele>190.0</ele>
   </trkpt>
   <trkpt lat="-41.2980060" lon="174.7523880">
    <ele>190.0</ele>
   </trkpt>
   <trkpt lat="-41.2980050" lon="174.7523530">
    <ele>190.0</ele>
   </trkpt>
   <trkpt lat="-41.2980050" lon="174.7523180">
    <ele>190.0</ele>
   </trkpt>
   <trkpt lat="-41.2980050" lon="174.7522830">
    <ele>190.0</ele>
   </trkpt>
   <trkpt lat="-41.2980050" lon="174.7522480">
    <ele>190.0</ele>
   </trkpt>
   <trkpt lat="-41.2980050" lon="174.7522120">
    <ele>190.0</ele>
   </trkpt>
   <trkpt lat="-41.2980050" lon="174.7521760">
    <ele>190.0</ele>
   </trkpt>
   <trkpt lat="-41.2980050" lon="174.7521390">
    <ele>190.0</ele>
   </trkpt>
   <trkpt lat="-41.2980020" lon="174.7521060">
    <ele>191.0</ele>
   </trkpt>
   <trkpt lat="-41.2980000" lon="174.7520720">
    <ele>191.0</ele>
   </trkpt>
   <trkpt lat="-41.2979980" lon="174.7520420">
    <ele>191.0</ele>
   </trkpt>
   <trkpt lat="-41.2979950" lon="174.7520120">
    <ele>191.0</ele>
   </trkpt>
   <trkpt lat="-41.2979920" lon="174.7519890">
    <ele>191.0</ele>
   </trkpt>
   <trkpt lat="-41.2979880" lon="174.7519650">
    <ele>191.0</ele>
   </trkpt>
   <trkpt lat="-41.2979860" lon="174.7519540">
    <ele>190.0</ele>
   </trkpt>
   <trkpt lat="-41.2979840" lon="174.7519420">
    <ele>190.0</ele>
   </trkpt>
   <trkpt lat="-41.2979890" lon="174.7519410">
    <ele>190.0</ele>
   </trkpt>
   <trkpt lat="-41.2979940" lon="174.7519400">
    <ele>190.0</ele>
   </trkpt>
   <trkpt lat="-41.2980070" lon="174.7519380">
    <ele>190.0</ele>
   </trkpt>
   <trkpt lat="-41.2980210" lon="174.7519370">
    <ele>190.0</ele>
   </trkpt>
   <trkpt lat="-41.2980380" lon="174.7519320">
    <ele>190.0</ele>
   </trkpt>
   <trkpt lat="-41.2980560" lon="174.7519270">
    <ele>190.0</ele>
   </trkpt>
   <trkpt lat="-41.2980760" lon="174.7519220">
    <ele>190.0</ele>
   </trkpt>
   <trkpt lat="-41.2980960" lon="174.7519170">
    <ele>190.0</ele>
   </trkpt>
   <trkpt lat="-41.2981170" lon="174.7519170">
    <ele>190.0</ele>
   </trkpt>
   <trkpt lat="-41.2981380" lon="174.7519170">
    <ele>190.0</ele>
   </trkpt>
   <trkpt lat="-41.2981620" lon="174.7519210">
    <ele>190.0</ele>
   </trkpt>
   <trkpt lat="-41.2981850" lon="174.7519240">
    <ele>190.0</ele>
   </trkpt>
   <trkpt lat="-41.2982120" lon="174.7519290">
    <ele>191.0</ele>
   </trkpt>
   <trkpt lat="-41.2982390" lon="174.7519340">
    <ele>191.0</ele>
   </trkpt>
   <trkpt lat="-41.2982650" lon="174.7519370">
    <ele>191.0</ele>
   </trkpt>
   <trkpt lat="-41.2982910" lon="174.7519410">
    <ele>191.0</ele>
   </trkpt>
   <trkpt lat="-41.2983120" lon="174.7519410">
    <ele>191.0</ele>
   </trkpt>
   <trkpt lat="-41.2983340" lon="174.7519410">
    <ele>191.0</ele>
   </trkpt>
   <trkpt lat="-41.2983530" lon="174.7519410">
    <ele>191.0</ele>
   </trkpt>
   <trkpt lat="-41.2983730" lon="174.7519410">
    <ele>191.0</ele>
   </trkpt>
   <trkpt lat="-41.2983960" lon="174.7519380">
    <ele>191.0</ele>
   </trkpt>
   <trkpt lat="-41.2984180" lon="174.7519350">
    <ele>191.0</ele>
   </trkpt>
   <trkpt lat="-41.2984410" lon="174.7519240">
    <ele>191.0</ele>
   </trkpt>
   <trkpt lat="-41.2984630" lon="174.7519130">
    <ele>191.0</ele>
   </trkpt>
   <trkpt lat="-41.2984840" lon="174.7518960">
    <ele>191.0</ele>
   </trkpt>
   <trkpt lat="-41.2985050" lon="174.7518790">
    <ele>191.0</ele>
   </trkpt>
   <trkpt lat="-41.2985240" lon="174.7518600">
    <ele>191.0</ele>
   </trkpt>
   <trkpt lat="-41.2985430" lon="174.7518400">
    <ele>191.0</ele>
   </trkpt>
   <trkpt lat="-41.2985630" lon="174.7518210">
    <ele>190.0</ele>
   </trkpt>
   <trkpt lat="-41.2985830" lon="174.7518010">
    <ele>190.0</ele>
   </trkpt>
   <trkpt lat="-41.2986010" lon="174.7517820">
    <ele>190.0</ele>
   </trkpt>
   <trkpt lat="-41.2986190" lon="174.7517640">
    <ele>190.0</ele>
   </trkpt>
   <trkpt lat="-41.2986330" lon="174.7517460">
    <ele>190.0</ele>
   </trkpt>
   <trkpt lat="-41.2986460" lon="174.7517280">
    <ele>189.0</ele>
   </trkpt>
   <trkpt lat="-41.2986560" lon="174.7517120">
    <ele>189.0</ele>
   </trkpt>
   <trkpt lat="-41.2986660" lon="174.7516960">
    <ele>189.0</ele>
   </trkpt>
   <trkpt lat="-41.2986760" lon="174.7516830">
    <ele>189.0</ele>
   </trkpt>
   <trkpt lat="-41.2986860" lon="174.7516700">
    <ele>189.0</ele>
   </trkpt>
   <trkpt lat="-41.2986960" lon="174.7516670">
    <ele>188.0</ele>
   </trkpt>
   <trkpt lat="-41.2987070" lon="174.7516640">
    <ele>188.0</ele>
   </trkpt>
   <trkpt lat="-41.2987200" lon="174.7516680">
    <ele>188.0</ele>
   </trkpt>
   <trkpt lat="-41.2987330" lon="174.7516720">
    <ele>188.0</ele>
   </trkpt>
   <trkpt lat="-41.2987500" lon="174.7516760">
    <ele>188.0</ele>
   </trkpt>
   <trkpt lat="-41.2987660" lon="174.7516800">
    <ele>188.0</ele>
   </trkpt>
   <trkpt lat="-41.2987820" lon="174.7516840">
    <ele>188.0</ele>
   </trkpt>
   <trkpt lat="-41.2987990" lon="174.7516880">
    <ele>188.0</ele>
   </trkpt>
   <trkpt lat="-41.2988080" lon="174.7516940">
    <ele>188.0</ele>
   </trkpt>
   <trkpt lat="-41.2988160" lon="174.7517010">
    <ele>188.0</ele>
   </trkpt>
   <trkpt lat="-41.2988180" lon="174.7517090">
    <ele>188.0</ele>
   </trkpt>
   <trkpt lat="-41.2988200" lon="174.7517170">
    <ele>188.0</ele>
   </trkpt>
   <trkpt lat="-41.2988230" lon="174.7517240">
    <ele>188.0</ele>
   </trkpt>
   <trkpt lat="-41.2988250" lon="174.7517310">
    <ele>188.0</ele>
   </trkpt>
   <trkpt lat="-41.2988290" lon="174.7517410">
    <ele>188.0</ele>
   </trkpt>
   <trkpt lat="-41.2988330" lon="174.7517520">
    <ele>187.0</ele>
   </trkpt>
   <trkpt lat="-41.2988370" lon="174.7517670">
    <ele>187.0</ele>
   </trkpt>
   <trkpt lat="-41.2988420" lon="174.7517830">
    <ele>187.0</ele>
   </trkpt>
   <trkpt lat="-41.2988480" lon="174.7518030">
    <ele>187.0</ele>
   </trkpt>
   <trkpt lat="-41.2988540" lon="174.7518230">
    <ele>187.0</ele>
   </trkpt>
   <trkpt lat="-41.2988610" lon="174.7518480">
    <ele>186.0</ele>
   </trkpt>
   <trkpt lat="-41.2988680" lon="174.7518730">
    <ele>186.0</ele>
   </trkpt>
   <trkpt lat="-41.2988750" lon="174.7519010">
    <ele>186.0</ele>
   </trkpt>
   <trkpt lat="-41.2988820" lon="174.7519280">
    <ele>186.0</ele>
   </trkpt>
   <trkpt lat="-41.2988890" lon="174.7519630">
    <ele>186.0</ele>
   </trkpt>
   <trkpt lat="-41.2988960" lon="174.7519970">
    <ele>185.0</ele>
   </trkpt>
   <trkpt lat="-41.2989000" lon="174.7520330">
    <ele>185.0</ele>
   </trkpt>
   <trkpt lat="-41.2989050" lon="174.7520690">
    <ele>185.0</ele>
   </trkpt>
   <trkpt lat="-41.2989080" lon="174.7521020">
    <ele>185.0</ele>
   </trkpt>
   <trkpt lat="-41.2989100" lon="174.7521360">
    <ele>185.0</ele>
   </trkpt>
   <trkpt lat="-41.2989140" lon="174.7521670">
    <ele>184.0</ele>
   </trkpt>
   <trkpt lat="-41.2989180" lon="174.7521980">
    <ele>184.0</ele>
   </trkpt>
   <trkpt lat="-41.2989270" lon="174.7522240">
    <ele>184.0</ele>
   </trkpt>
   <trkpt lat="-41.2989360" lon="174.7522510">
    <ele>184.0</ele>
   </trkpt>
   <trkpt lat="-41.2989490" lon="174.7522770">
    <ele>184.0</ele>
   </trkpt>
   <trkpt lat="-41.2989630" lon="174.7523030">
    <ele>184.0</ele>
   </trkpt>
   <trkpt lat="-41.2989760" lon="174.7523290">
    <ele>184.0</ele>
   </trkpt>
   <trkpt lat="-41.2989900" lon="174.7523540">
    <ele>184.0</ele>
   </trkpt>
   <trkpt lat="-41.2990030" lon="174.7523770">
    <ele>184.0</ele>
   </trkpt>
   <trkpt lat="-41.2990170" lon="174.7524000">
    <ele>184.0</ele>
   </trkpt>
   <trkpt lat="-41.2990300" lon="174.7524170">
    <ele>184.0</ele>
   </trkpt>
   <trkpt lat="-41.2990430" lon="174.7524340">
    <ele>184.0</ele>
   </trkpt>
   <trkpt lat="-41.2990530" lon="174.7524480">
    <ele>184.0</ele>
   </trkpt>
   <trkpt lat="-41.2990630" lon="174.7524610">
    <ele>184.0</ele>
   </trkpt>
   <trkpt lat="-41.2990700" lon="174.7524770">
    <ele>184.0</ele>
   </trkpt>
   <trkpt lat="-41.2990760" lon="174.7524920">
    <ele>183.0</ele>
   </trkpt>
   <trkpt lat="-41.2990790" lon="174.7525100">
    <ele>183.0</ele>
   </trkpt>
   <trkpt lat="-41.2990820" lon="174.7525280">
    <ele>183.0</ele>
   </trkpt>
   <trkpt lat="-41.2990820" lon="174.7525510">
    <ele>183.0</ele>
   </trkpt>
   <trkpt lat="-41.2990830" lon="174.7525740">
    <ele>183.0</ele>
   </trkpt>
   <trkpt lat="-41.2990790" lon="174.7526070">
    <ele>183.0</ele>
   </trkpt>
   <trkpt lat="-41.2990760" lon="174.7526400">
    <ele>183.0</ele>
   </trkpt>
   <trkpt lat="-41.2990700" lon="174.7526830">
    <ele>183.0</ele>
   </trkpt>
   <trkpt lat="-41.2990640" lon="174.7527270">
    <ele>183.0</ele>
   </trkpt>
   <trkpt lat="-41.2990610" lon="174.7527720">
    <ele>183.0</ele>
   </trkpt>
   <trkpt lat="-41.2990570" lon="174.7528180">
    <ele>182.0</ele>
   </trkpt>
   <trkpt lat="-41.2990560" lon="174.7528610">
    <ele>182.0</ele>
   </trkpt>
   <trkpt lat="-41.2990540" lon="174.7529040">
    <ele>182.0</ele>
   </trkpt>
   <trkpt lat="-41.2990550" lon="174.7529460">
    <ele>182.0</ele>
   </trkpt>
   <trkpt lat="-41.2990550" lon="174.7529890">
    <ele>182.0</ele>
   </trkpt>
   <trkpt lat="-41.2990560" lon="174.7530300">
    <ele>182.0</ele>
   </trkpt>
   <trkpt lat="-41.2990570" lon="174.7530720">
    <ele>182.0</ele>
   </trkpt>
   <trkpt lat="-41.2990620" lon="174.7531140">
    <ele>182.0</ele>
   </trkpt>
   <trkpt lat="-41.2990660" lon="174.7531550">
    <ele>182.0</ele>
   </trkpt>
   <trkpt lat="-41.2990720" lon="174.7531980">
    <ele>182.0</ele>
   </trkpt>
   <trkpt lat="-41.2990780" lon="174.7532400">
    <ele>181.0</ele>
   </trkpt>
   <trkpt lat="-41.2990840" lon="174.7532810">
    <ele>181.0</ele>
   </trkpt>
   <trkpt lat="-41.2990890" lon="174.7533230">
    <ele>180.0</ele>
   </trkpt>
   <trkpt lat="-41.2990940" lon="174.7533610">
    <ele>180.0</ele>
   </trkpt>
   <trkpt lat="-41.2991000" lon="174.7533990">
    <ele>180.0</ele>
   </trkpt>
   <trkpt lat="-41.2991060" lon="174.7534330">
    <ele>179.0</ele>
   </trkpt>
   <trkpt lat="-41.2991130" lon="174.7534670">
    <ele>179.0</ele>
   </trkpt>
   <trkpt lat="-41.2991220" lon="174.7534970">
    <ele>179.0</ele>
   </trkpt>
   <trkpt lat="-41.2991310" lon="174.7535280">
    <ele>179.0</ele>
   </trkpt>
   <trkpt lat="-41.2991410" lon="174.7535570">
    <ele>179.0</ele>
   </trkpt>
   <trkpt lat="-41.2991510" lon="174.7535870">
    <ele>178.0</ele>
   </trkpt>
   <trkpt lat="-41.2991640" lon="174.7536170">
    <ele>178.0</ele>
   </trkpt>
   <trkpt lat="-41.2991770" lon="174.7536470">
    <ele>178.0</ele>
   </trkpt>
   <trkpt lat="-41.2991950" lon="174.7536750">
    <ele>178.0</ele>
   </trkpt>
   <trkpt lat="-41.2992130" lon="174.7537030">
    <ele>178.0</ele>
   </trkpt>
   <trkpt lat="-41.2992330" lon="174.7537270">
    <ele>177.0</ele>
   </trkpt>
   <trkpt lat="-41.2992530" lon="174.7537520">
    <ele>177.0</ele>
   </trkpt>
   <trkpt lat="-41.2992740" lon="174.7537720">
    <ele>177.0</ele>
   </trkpt>
   <trkpt lat="-41.2992950" lon="174.7537930">
    <ele>177.0</ele>
   </trkpt>
   <trkpt lat="-41.2993170" lon="174.7538090">
    <ele>177.0</ele>
   </trkpt>
   <trkpt lat="-41.2993380" lon="174.7538250">
    <ele>176.0</ele>
   </trkpt>
   <trkpt lat="-41.2993590" lon="174.7538340">
    <ele>176.0</ele>
   </trkpt>
   <trkpt lat="-41.2993800" lon="174.7538440">
    <ele>176.0</ele>
   </trkpt>
   <trkpt lat="-41.2994030" lon="174.7538420">
    <ele>176.0</ele>
   </trkpt>
   <trkpt lat="-41.2994250" lon="174.7538400">
    <ele>176.0</ele>
   </trkpt>
   <trkpt lat="-41.2994480" lon="174.7538300">
    <ele>175.0</ele>
   </trkpt>
   <trkpt lat="-41.2994710" lon="174.7538200">
    <ele>175.0</ele>
   </trkpt>
   <trkpt lat="-41.2994930" lon="174.7538100">
    <ele>175.0</ele>
   </trkpt>
   <trkpt lat="-41.2995150" lon="174.7538000">
    <ele>175.0</ele>
   </trkpt>
   <trkpt lat="-41.2995350" lon="174.7537950">
    <ele>175.0</ele>
   </trkpt>
   <trkpt lat="-41.2995550" lon="174.7537900">
    <ele>174.0</ele>
   </trkpt>
   <trkpt lat="-41.2995760" lon="174.7537880">
    <ele>174.0</ele>
   </trkpt>
   <trkpt lat="-41.2995970" lon="174.7537870">
    <ele>174.0</ele>
   </trkpt>
   <trkpt lat="-41.2996200" lon="174.7537870">
    <ele>174.0</ele>
   </trkpt>
   <trkpt lat="-41.2996430" lon="174.7537870">
    <ele>174.0</ele>
   </trkpt>
   <trkpt lat="-41.2996680" lon="174.7537890">
    <ele>173.0</ele>
   </trkpt>
   <trkpt lat="-41.2996930" lon="174.7537910">
    <ele>173.0</ele>
   </trkpt>
   <trkpt lat="-41.2997200" lon="174.7537920">
    <ele>173.0</ele>
   </trkpt>
   <trkpt lat="-41.2997460" lon="174.7537940">
    <ele>173.0</ele>
   </trkpt>
   <trkpt lat="-41.2997730" lon="174.7537960">
    <ele>173.0</ele>
   </trkpt>
   <trkpt lat="-41.2998000" lon="174.7537980">
    <ele>172.0</ele>
   </trkpt>
   <trkpt lat="-41.2998270" lon="174.7538010">
    <ele>172.0</ele>
   </trkpt>
   <trkpt lat="-41.2998540" lon="174.7538030">
    <ele>172.0</ele>
   </trkpt>
   <trkpt lat="-41.2998790" lon="174.7537990">
    <ele>172.0</ele>
   </trkpt>
   <trkpt lat="-41.2999040" lon="174.7537950">
    <ele>172.0</ele>
   </trkpt>
   <trkpt lat="-41.2999230" lon="174.7537790">
    <ele>171.0</ele>
   </trkpt>
   <trkpt lat="-41.2999420" lon="174.7537630">
    <ele>171.0</ele>
   </trkpt>
   <trkpt lat="-41.2999510" lon="174.7537380">
    <ele>171.0</ele>
   </trkpt>
   <trkpt lat="-41.2999610" lon="174.7537130">
    <ele>171.0</ele>
   </trkpt>
   <trkpt lat="-41.2999620" lon="174.7536840">
    <ele>171.0</ele>
   </trkpt>
   <trkpt lat="-41.2999630" lon="174.7536550">
    <ele>170.0</ele>
   </trkpt>
   <trkpt lat="-41.2999600" lon="174.7536230">
    <ele>170.0</ele>
   </trkpt>
   <trkpt lat="-41.2999580" lon="174.7535910">
    <ele>169.0</ele>
   </trkpt>
   <trkpt lat="-41.2999560" lon="174.7535570">
    <ele>169.0</ele>
   </trkpt>
   <trkpt lat="-41.2999550" lon="174.7535230">
    <ele>169.0</ele>
   </trkpt>
   <trkpt lat="-41.2999530" lon="174.7534920">
    <ele>168.0</ele>
   </trkpt>
   <trkpt lat="-41.2999520" lon="174.7534610">
    <ele>168.0</ele>
   </trkpt>
   <trkpt lat="-41.2999530" lon="174.7534340">
    <ele>168.0</ele>
   </trkpt>
   <trkpt lat="-41.2999540" lon="174.7534070">
    <ele>168.0</ele>
   </trkpt>
   <trkpt lat="-41.2999600" lon="174.7533820">
    <ele>168.0</ele>
   </trkpt>
   <trkpt lat="-41.2999660" lon="174.7533580">
    <ele>167.0</ele>
   </trkpt>
   <trkpt lat="-41.2999800" lon="174.7533340">
    <ele>167.0</ele>
   </trkpt>
   <trkpt lat="-41.2999930" lon="174.7533100">
    <ele>166.0</ele>
   </trkpt>
   <trkpt lat="-41.3000130" lon="174.7532880">
    <ele>166.0</ele>
   </trkpt>
   <trkpt lat="-41.3000340" lon="174.7532660">
    <ele>166.0</ele>
   </trkpt>
   <trkpt lat="-41.3000580" lon="174.7532470">
    <ele>166.0</ele>
   </trkpt>
   <trkpt lat="-41.3000820" lon="174.7532280">
    <ele>166.0</ele>
   </trkpt>
   <trkpt lat="-41.3001100" lon="174.7532140">
    <ele>166.0</ele>
   </trkpt>
   <trkpt lat="-41.3001380" lon="174.7532000">
    <ele>166.0</ele>
   </trkpt>
   <trkpt lat="-41.3001650" lon="174.7531910">
    <ele>166.0</ele>
   </trkpt>
   <trkpt lat="-41.3001920" lon="174.7531830">
    <ele>165.0</ele>
   </trkpt>
   <trkpt lat="-41.3002190" lon="174.7531740">
    <ele>165.0</ele>
   </trkpt>
   <trkpt lat="-41.3002460" lon="174.7531660">
    <ele>165.0</ele>
   </trkpt>
   <trkpt lat="-41.3002720" lon="174.7531550">
    <ele>165.0</ele>
   </trkpt>
   <trkpt lat="-41.3002970" lon="174.7531440">
    <ele>165.0</ele>
   </trkpt>
   <trkpt lat="-41.3003190" lon="174.7531300">
    <ele>164.0</ele>
   </trkpt>
   <trkpt lat="-41.3003410" lon="174.7531160">
    <ele>164.0</ele>
   </trkpt>
   <trkpt lat="-41.3003610" lon="174.7530990">
    <ele>164.0</ele>
   </trkpt>
   <trkpt lat="-41.3003800" lon="174.7530830">
    <ele>164.0</ele>
   </trkpt>
   <trkpt lat="-41.3003970" lon="174.7530610">
    <ele>164.0</ele>
   </trkpt>
   <trkpt lat="-41.3004130" lon="174.7530390">
    <ele>163.0</ele>
   </trkpt>
   <trkpt lat="-41.3004260" lon="174.7530090">
    <ele>163.0</ele>
   </trkpt>
   <trkpt lat="-41.3004380" lon="174.7529800">
    <ele>163.0</ele>
   </trkpt>
   <trkpt lat="-41.3004500" lon="174.7529450">
    <ele>163.0</ele>
   </trkpt>
   <trkpt lat="-41.3004610" lon="174.7529110">
    <ele>163.0</ele>
   </trkpt>
   <trkpt lat="-41.3004720" lon="174.7528770">
    <ele>162.0</ele>
   </trkpt>
   <trkpt lat="-41.3004840" lon="174.7528440">
    <ele>162.0</ele>
   </trkpt>
   <trkpt lat="-41.3004970" lon="174.7528140">
    <ele>162.0</ele>
   </trkpt>
   <trkpt lat="-41.3005110" lon="174.7527850">
    <ele>162.0</ele>
   </trkpt>
   <trkpt lat="-41.3005230" lon="174.7527610">
    <ele>162.0</ele>
   </trkpt>
   <trkpt lat="-41.3005350" lon="174.7527370">
    <ele>161.0</ele>
   </trkpt>
   <trkpt lat="-41.3005440" lon="174.7527160">
    <ele>161.0</ele>
   </trkpt>
   <trkpt lat="-41.3005540" lon="174.7526950">
    <ele>160.0</ele>
   </trkpt>
   <trkpt lat="-41.3005630" lon="174.7526760">
    <ele>160.0</ele>
   </trkpt>
   <trkpt lat="-41.3005710" lon="174.7526580">
    <ele>160.0</ele>
   </trkpt>
   <trkpt lat="-41.3005740" lon="174.7526520">
    <ele>160.0</ele>
   </trkpt>
   <trkpt lat="-41.3005770" lon="174.7526450">
    <ele>160.0</ele>
   </trkpt>
   <trkpt lat="-41.3005790" lon="174.7526440">
    <ele>160.0</ele>
   </trkpt>
   <trkpt lat="-41.3005810" lon="174.7526430">
    <ele>160.0</ele>
   </trkpt>
   <trkpt lat="-41.3005760" lon="174.7526520">
    <ele>160.0</ele>
   </trkpt>
   <trkpt lat="-41.3005700" lon="174.7526610">
    <ele>159.0</ele>
   </trkpt>
   <trkpt lat="-41.3005600" lon="174.7526780">
    <ele>159.0</ele>
   </trkpt>
   <trkpt lat="-41.3005490" lon="174.7526950">
    <ele>159.0</ele>
   </trkpt>
   <trkpt lat="-41.3005360" lon="174.7527170">
    <ele>159.0</ele>
   </trkpt>
   <trkpt lat="-41.3005240" lon="174.7527390">
    <ele>159.0</ele>
   </trkpt>
   <trkpt lat="-41.3005130" lon="174.7527650">
    <ele>159.0</ele>
   </trkpt>
   <trkpt lat="-41.3005020" lon="174.7527910">
    <ele>159.0</ele>
   </trkpt>
   <trkpt lat="-41.3004950" lon="174.7528180">
    <ele>159.0</ele>
   </trkpt>
   <trkpt lat="-41.3004880" lon="174.7528450">
    <ele>159.0</ele>
   </trkpt>
   <trkpt lat="-41.3004810" lon="174.7528750">
    <ele>159.0</ele>
   </trkpt>
   <trkpt lat="-41.3004740" lon="174.7529040">
    <ele>158.0</ele>
   </trkpt>
   <trkpt lat="-41.3004650" lon="174.7529330">
    <ele>158.0</ele>
   </trkpt>
   <trkpt lat="-41.3004560" lon="174.7529610">
    <ele>157.0</ele>
   </trkpt>
   <trkpt lat="-41.3004440" lon="174.7529840">
    <ele>157.0</ele>
   </trkpt>
   <trkpt lat="-41.3004320" lon="174.7530070">
    <ele>157.0</ele>
   </trkpt>
   <trkpt lat="-41.3004160" lon="174.7530240">
    <ele>157.0</ele>
   </trkpt>
   <trkpt lat="-41.3003990" lon="174.7530400">
    <ele>157.0</ele>
   </trkpt>
   <trkpt lat="-41.3003810" lon="174.7530520">
    <ele>157.0</ele>
   </trkpt>
   <trkpt lat="-41.3003630" lon="174.7530630">
    <ele>157.0</ele>
   </trkpt>
   <trkpt lat="-41.3003450" lon="174.7530720">
    <ele>157.0</ele>
   </trkpt>
   <trkpt lat="-41.3003270" lon="174.7530810">
    <ele>156.0</ele>
   </trkpt>
   <trkpt lat="-41.3003080" lon="174.7530890">
    <ele>156.0</ele>
   </trkpt>
   <trkpt lat="-41.3002890" lon="174.7530980">
    <ele>156.0</ele>
   </trkpt>
   <trkpt lat="-41.3002700" lon="174.7531070">
    <ele>156.0</ele>
   </trkpt>
   <trkpt lat="-41.3002520" lon="174.7531170">
    <ele>156.0</ele>
   </trkpt>
   <trkpt lat="-41.3002360" lon="174.7531270">
    <ele>156.0</ele>
   </trkpt>
   <trkpt lat="-41.3002210" lon="174.7531360">
    <ele>156.0</ele>
   </trkpt>
   <trkpt lat="-41.3002100" lon="174.7531450">
    <ele>156.0</ele>
   </trkpt>
   <trkpt lat="-41.3002000" lon="174.7531530">
    <ele>156.0</ele>
   </trkpt>
   <trkpt lat="-41.3001920" lon="174.7531640">
    <ele>156.0</ele>
   </trkpt>
   <trkpt lat="-41.3001850" lon="174.7531750">
    <ele>156.0</ele>
   </trkpt>
   <trkpt lat="-41.3001780" lon="174.7531910">
    <ele>156.0</ele>
   </trkpt>
   <trkpt lat="-41.3001710" lon="174.7532070">
    <ele>156.0</ele>
   </trkpt>
   <trkpt lat="-41.3001620" lon="174.7532280">
    <ele>156.0</ele>
   </trkpt>
   <trkpt lat="-41.3001540" lon="174.7532500">
    <ele>157.0</ele>
   </trkpt>
   <trkpt lat="-41.3001460" lon="174.7532770">
    <ele>157.0</ele>
   </trkpt>
   <trkpt lat="-41.3001380" lon="174.7533040">
    <ele>157.0</ele>
   </trkpt>
   <trkpt lat="-41.3001330" lon="174.7533390">
    <ele>157.0</ele>
   </trkpt>
   <trkpt lat="-41.3001280" lon="174.7533740">
    <ele>157.0</ele>
   </trkpt>
   <trkpt lat="-41.3001250" lon="174.7534170">
    <ele>158.0</ele>
   </trkpt>
   <trkpt lat="-41.3001230" lon="174.7534600">
    <ele>158.0</ele>
   </trkpt>
   <trkpt lat="-41.3001240" lon="174.7535040">
    <ele>158.0</ele>
   </trkpt>
   <trkpt lat="-41.3001260" lon="174.7535490">
    <ele>158.0</ele>
   </trkpt>
   <trkpt lat="-41.3001250" lon="174.7535920">
    <ele>158.0</ele>
   </trkpt>
   <trkpt lat="-41.3001240" lon="174.7536360">
    <ele>158.0</ele>
   </trkpt>
   <trkpt lat="-41.3001180" lon="174.7536810">
    <ele>158.0</ele>
   </trkpt>
   <trkpt lat="-41.3001110" lon="174.7537260">
    <ele>158.0</ele>
   </trkpt>
   <trkpt lat="-41.3001000" lon="174.7537670">
    <ele>158.0</ele>
   </trkpt>
   <trkpt lat="-41.3000890" lon="174.7538080">
    <ele>158.0</ele>
   </trkpt>
   <trkpt lat="-41.3000720" lon="174.7538400">
    <ele>158.0</ele>
   </trkpt>
   <trkpt lat="-41.3000550" lon="174.7538730">
    <ele>158.0</ele>
   </trkpt>
   <trkpt lat="-41.3000340" lon="174.7538940">
    <ele>158.0</ele>
   </trkpt>
   <trkpt lat="-41.3000130" lon="174.7539160">
    <ele>158.0</ele>
   </trkpt>
   <trkpt lat="-41.2999900" lon="174.7539270">
    <ele>158.0</ele>
   </trkpt>
   <trkpt lat="-41.2999670" lon="174.7539390">
    <ele>158.0</ele>
   </trkpt>
   <trkpt lat="-41.2999440" lon="174.7539430">
    <ele>157.0</ele>
   </trkpt>
   <trkpt lat="-41.2999210" lon="174.7539480">
    <ele>157.0</ele>
   </trkpt>
   <trkpt lat="-41.2998980" lon="174.7539500">
    <ele>157.0</ele>
   </trkpt>
   <trkpt lat="-41.2998760" lon="174.7539510">
    <ele>157.0</ele>
   </trkpt>
   <trkpt lat="-41.2998510" lon="174.7539530">
    <ele>157.0</ele>
   </trkpt>
   <trkpt lat="-41.2998260" lon="174.7539540">
    <ele>157.0</ele>
   </trkpt>
   <trkpt lat="-41.2998000" lon="174.7539610">
    <ele>157.0</ele>
   </trkpt>
   <trkpt lat="-41.2997740" lon="174.7539670">
    <ele>157.0</ele>
   </trkpt>
   <trkpt lat="-41.2997500" lon="174.7539770">
    <ele>157.0</ele>
   </trkpt>
   <trkpt lat="-41.2997260" lon="174.7539870">
    <ele>157.0</ele>
   </trkpt>
   <trkpt lat="-41.2997020" lon="174.7539990">
    <ele>156.0</ele>
   </trkpt>
   <trkpt lat="-41.2996780" lon="174.7540110">
    <ele>156.0</ele>
   </trkpt>
   <trkpt lat="-41.2996540" lon="174.7540230">
    <ele>156.0</ele>
   </trkpt>
   <trkpt lat="-41.2996290" lon="174.7540360">
    <ele>156.0</ele>
   </trkpt>
   <trkpt lat="-41.2996040" lon="174.7540480">
    <ele>156.0</ele>
   </trkpt>
   <trkpt lat="-41.2995780" lon="174.7540610">
    <ele>155.0</ele>
   </trkpt>
   <trkpt lat="-41.2995520" lon="174.7540710">
    <ele>155.0</ele>
   </trkpt>
   <trkpt lat="-41.2995260" lon="174.7540820">
    <ele>155.0</ele>
   </trkpt>
   <trkpt lat="-41.2994980" lon="174.7540920">
    <ele>155.0</ele>
   </trkpt>
   <trkpt lat="-41.2994710" lon="174.7541010">
    <ele>155.0</ele>
   </trkpt>
   <trkpt lat="-41.2994420" lon="174.7541090">
    <ele>154.0</ele>
   </trkpt>
   <trkpt lat="-41.2994130" lon="174.7541160">
    <ele>154.0</ele>
   </trkpt>
   <trkpt lat="-41.2993840" lon="174.7541210">
    <ele>154.0</ele>
   </trkpt>
   <trkpt lat="-41.2993540" lon="174.7541260">
    <ele>154.0</ele>
   </trkpt>
   <trkpt lat="-41.2993260" lon="174.7541310">
    <ele>154.0</ele>
   </trkpt>
   <trkpt lat="-41.2992980" lon="174.7541360">
    <ele>153.0</ele>
   </trkpt>
   <trkpt lat="-41.2992720" lon="174.7541400">
    <ele>153.0</ele>
   </trkpt>
   <trkpt lat="-41.2992470" lon="174.7541450">
    <ele>153.0</ele>
   </trkpt>
   <trkpt lat="-41.2992210" lon="174.7541450">
    <ele>153.0</ele>
   </trkpt>
   <trkpt lat="-41.2991950" lon="174.7541460">
    <ele>153.0</ele>
   </trkpt>
   <trkpt lat="-41.2991700" lon="174.7541430">
    <ele>152.0</ele>
   </trkpt>
   <trkpt lat="-41.2991450" lon="174.7541400">
    <ele>152.0</ele>
   </trkpt>
   <trkpt lat="-41.2991230" lon="174.7541340">
    <ele>152.0</ele>
   </trkpt>
   <trkpt lat="-41.2991010" lon="174.7541270">
    <ele>152.0</ele>
   </trkpt>
   <trkpt lat="-41.2990830" lon="174.7541220">
    <ele>152.0</ele>
   </trkpt>
   <trkpt lat="-41.2990640" lon="174.7541160">
    <ele>151.0</ele>
   </trkpt>
   <trkpt lat="-41.2990460" lon="174.7541150">
    <ele>151.0</ele>
   </trkpt>
   <trkpt lat="-41.2990290" lon="174.7541130">
    <ele>151.0</ele>
   </trkpt>
   <trkpt lat="-41.2990090" lon="174.7541190">
    <ele>151.0</ele>
   </trkpt>
   <trkpt lat="-41.2989890" lon="174.7541250">
    <ele>151.0</ele>
   </trkpt>
   <trkpt lat="-41.2989650" lon="174.7541340">
    <ele>150.0</ele>
   </trkpt>
   <trkpt lat="-41.2989400" lon="174.7541430">
    <ele>150.0</ele>
   </trkpt>
   <trkpt lat="-41.2989140" lon="174.7541510">
    <ele>150.0</ele>
   </trkpt>
   <trkpt lat="-41.2988870" lon="174.7541580">
    <ele>150.0</ele>
   </trkpt>
   <trkpt lat="-41.2988660" lon="174.7541550">
    <ele>150.0</ele>
   </trkpt>
   <trkpt lat="-41.2988440" lon="174.7541530">
    <ele>149.0</ele>
   </trkpt>
   <trkpt lat="-41.2988300" lon="174.7541380">
    <ele>149.0</ele>
   </trkpt>
   <trkpt lat="-41.2988170" lon="174.7541240">
    <ele>149.0</ele>
   </trkpt>
   <trkpt lat="-41.2988080" lon="174.7541040">
    <ele>149.0</ele>
   </trkpt>
   <trkpt lat="-41.2988000" lon="174.7540830">
    <ele>149.0</ele>
   </trkpt>
   <trkpt lat="-41.2987920" lon="174.7540600">
    <ele>148.0</ele>
   </trkpt>
   <trkpt lat="-41.2987850" lon="174.7540360">
    <ele>148.0</ele>
   </trkpt>
   <trkpt lat="-41.2987820" lon="174.7540080">
    <ele>148.0</ele>
   </trkpt>
   <trkpt lat="-41.2987790" lon="174.7539810">
    <ele>148.0</ele>
   </trkpt>
   <trkpt lat="-41.2987800" lon="174.7539530">
    <ele>148.0</ele>
   </trkpt>
   <trkpt lat="-41.2987810" lon="174.7539250">
    <ele>148.0</ele>
   </trkpt>
   <trkpt lat="-41.2987820" lon="174.7539020">
    <ele>148.0</ele>
   </trkpt>
   <trkpt lat="-41.2987830" lon="174.7538780">
    <ele>148.0</ele>
   </trkpt>
   <trkpt lat="-41.2987790" lon="174.7538590">
    <ele>148.0</ele>
   </trkpt>
   <trkpt lat="-41.2987740" lon="174.7538400">
    <ele>148.0</ele>
   </trkpt>
   <trkpt lat="-41.2987650" lon="174.7538210">
    <ele>147.0</ele>
   </trkpt>
   <trkpt lat="-41.2987550" lon="174.7538030">
    <ele>147.0</ele>
   </trkpt>
   <trkpt lat="-41.2987450" lon="174.7537780">
    <ele>147.0</ele>
   </trkpt>
   <trkpt lat="-41.2987350" lon="174.7537540">
    <ele>147.0</ele>
   </trkpt>
   <trkpt lat="-41.2987290" lon="174.7537250">
    <ele>147.0</ele>
   </trkpt>
   <trkpt lat="-41.2987230" lon="174.7536960">
    <ele>146.0</ele>
   </trkpt>
   <trkpt lat="-41.2987210" lon="174.7536670">
    <ele>146.0</ele>
   </trkpt>
   <trkpt lat="-41.2987190" lon="174.7536380">
    <ele>146.0</ele>
   </trkpt>
   <trkpt lat="-41.2987210" lon="174.7536100">
    <ele>146.0</ele>
   </trkpt>
   <trkpt lat="-41.2987220" lon="174.7535830">
    <ele>146.0</ele>
   </trkpt>
   <trkpt lat="-41.2987250" lon="174.7535560">
    <ele>145.0</ele>
   </trkpt>
   <trkpt lat="-41.2987270" lon="174.7535290">
    <ele>145.0</ele>
   </trkpt>
   <trkpt lat="-41.2987300" lon="174.7535020">
    <ele>145.0</ele>
   </trkpt>
   <trkpt lat="-41.2987320" lon="174.7534750">
    <ele>145.0</ele>
   </trkpt>
   <trkpt lat="-41.2987320" lon="174.7534460">
    <ele>145.0</ele>
   </trkpt>
   <trkpt lat="-41.2987310" lon="174.7534170">
    <ele>145.0</ele>
   </trkpt>
   <trkpt lat="-41.2987260" lon="174.7533840">
    <ele>145.0</ele>
   </trkpt>
   <trkpt lat="-41.2987200" lon="174.7533520">
    <ele>145.0</ele>
   </trkpt>
   <trkpt lat="-41.2987160" lon="174.7533180">
    <ele>145.0</ele>
   </trkpt>
   <trkpt lat="-41.2987110" lon="174.7532840">
    <ele>145.0</ele>
   </trkpt>
   <trkpt lat="-41.2987100" lon="174.7532490">
    <ele>144.0</ele>
   </trkpt>
   <trkpt lat="-41.2987090" lon="174.7532150">
    <ele>144.0</ele>
   </trkpt>
   <trkpt lat="-41.2987110" lon="174.7531790">
    <ele>144.0</ele>
   </trkpt>
   <trkpt lat="-41.2987120" lon="174.7531430">
    <ele>144.0</ele>
   </trkpt>
   <trkpt lat="-41.2987110" lon="174.7531280">
    <ele>144.0</ele>
   </trkpt>
   <trkpt lat="-41.2987100" lon="174.7531140">
    <ele>143.0</ele>
   </trkpt>
   <trkpt lat="-41.2987090" lon="174.7530990">
    <ele>143.0</ele>
   </trkpt>
   <trkpt lat="-41.2987080" lon="174.7530840">
    <ele>143.0</ele>
   </trkpt>
   <trkpt lat="-41.2987030" lon="174.7530730">
    <ele>143.0</ele>
   </trkpt>
   <trkpt lat="-41.2986980" lon="174.7530620">
    <ele>143.0</ele>
   </trkpt>
   <trkpt lat="-41.2986890" lon="174.7530620">
    <ele>142.0</ele>
   </trkpt>
   <trkpt lat="-41.2986810" lon="174.7530620">
    <ele>142.0</ele>
   </trkpt>
   <trkpt lat="-41.2986730" lon="174.7530730">
    <ele>141.0</ele>
   </trkpt>
   <trkpt lat="-41.2986660" lon="174.7530840">
    <ele>141.0</ele>
   </trkpt>
   <trkpt lat="-41.2986600" lon="174.7531050">
    <ele>141.0</ele>
   </trkpt>
   <trkpt lat="-41.2986550" lon="174.7531260">
    <ele>140.0</ele>
   </trkpt>
   <trkpt lat="-41.2986490" lon="174.7531510">
    <ele>140.0</ele>
   </trkpt>
   <trkpt lat="-41.2986440" lon="174.7531750">
    <ele>140.0</ele>
   </trkpt>
   <trkpt lat="-41.2986370" lon="174.7532010">
    <ele>140.0</ele>
   </trkpt>
   <trkpt lat="-41.2986300" lon="174.7532270">
    <ele>140.0</ele>
   </trkpt>
   <trkpt lat="-41.2986220" lon="174.7532550">
    <ele>140.0</ele>
   </trkpt>
   <trkpt lat="-41.2986150" lon="174.7532820">
    <ele>140.0</ele>
   </trkpt>
   <trkpt lat="-41.2986060" lon="174.7533080">
    <ele>140.0</ele>
   </trkpt>
   <trkpt lat="-41.2985970" lon="174.7533330">
    <ele>140.0</ele>
   </trkpt>
   <trkpt lat="-41.2985890" lon="174.7533630">
    <ele>140.0</ele>
   </trkpt>
   <trkpt lat="-41.2985800" lon="174.7533930">
    <ele>139.0</ele>
   </trkpt>
   <trkpt lat="-41.2985770" lon="174.7534300">
    <ele>139.0</ele>
   </trkpt>
   <trkpt lat="-41.2985730" lon="174.7534670">
    <ele>139.0</ele>
   </trkpt>
   <trkpt lat="-41.2985740" lon="174.7535010">
    <ele>139.0</ele>
   </trkpt>
   <trkpt lat="-41.2985750" lon="174.7535360">
    <ele>139.0</ele>
   </trkpt>
   <trkpt lat="-41.2985780" lon="174.7535650">
    <ele>139.0</ele>
   </trkpt>
   <trkpt lat="-41.2985800" lon="174.7535940">
    <ele>139.0</ele>
   </trkpt>
   <trkpt lat="-41.2985810" lon="174.7536170">
    <ele>139.0</ele>
   </trkpt>
   <trkpt lat="-41.2985830" lon="174.7536410">
    <ele>139.0</ele>
   </trkpt>
   <trkpt lat="-41.2985780" lon="174.7536620">
    <ele>139.0</ele>
   </trkpt>
   <trkpt lat="-41.2985730" lon="174.7536820">
    <ele>138.0</ele>
   </trkpt>
   <trkpt lat="-41.2985620" lon="174.7537040">
    <ele>138.0</ele>
   </trkpt>
   <trkpt lat="-41.2985520" lon="174.7537250">
    <ele>138.0</ele>
   </trkpt>
   <trkpt lat="-41.2985440" lon="174.7537520">
    <ele>138.0</ele>
   </trkpt>
   <trkpt lat="-41.2985350" lon="174.7537790">
    <ele>138.0</ele>
   </trkpt>
   <trkpt lat="-41.2985310" lon="174.7538100">
    <ele>137.0</ele>
   </trkpt>
   <trkpt lat="-41.2985270" lon="174.7538400">
    <ele>137.0</ele>
   </trkpt>
   <trkpt lat="-41.2985240" lon="174.7538640">
    <ele>137.0</ele>
   </trkpt>
   <trkpt lat="-41.2985200" lon="174.7538880">
    <ele>137.0</ele>
   </trkpt>
   <trkpt lat="-41.2985150" lon="174.7539000">
    <ele>137.0</ele>
   </trkpt>
   <trkpt lat="-41.2985110" lon="174.7539110">
    <ele>137.0</ele>
   </trkpt>
   <trkpt lat="-41.2985070" lon="174.7539090">
    <ele>137.0</ele>
   </trkpt>
   <trkpt lat="-41.2985040" lon="174.7539060">
    <ele>137.0</ele>
   </trkpt>
   <trkpt lat="-41.2985030" lon="174.7538940">
    <ele>137.0</ele>
   </trkpt>
   <trkpt lat="-41.2985020" lon="174.7538830">
    <ele>137.0</ele>
   </trkpt>
   <trkpt lat="-41.2985030" lon="174.7538660">
    <ele>136.0</ele>
   </trkpt>
   <trkpt lat="-41.2985040" lon="174.7538500">
    <ele>136.0</ele>
   </trkpt>
   <trkpt lat="-41.2985040" lon="174.7538350">
    <ele>136.0</ele>
   </trkpt>
   <trkpt lat="-41.2985040" lon="174.7538200">
    <ele>136.0</ele>
   </trkpt>
   <trkpt lat="-41.2985010" lon="174.7538050">
    <ele>136.0</ele>
   </trkpt>
   <trkpt lat="-41.2984990" lon="174.7537910">
    <ele>136.0</ele>
   </trkpt>
   <trkpt lat="-41.2984960" lon="174.7537730">
    <ele>136.0</ele>
   </trkpt>
   <trkpt lat="-41.2984940" lon="174.7537560">
    <ele>136.0</ele>
   </trkpt>
   <trkpt lat="-41.2984910" lon="174.7537350">
    <ele>136.0</ele>
   </trkpt>
   <trkpt lat="-41.2984890" lon="174.7537140">
    <ele>136.0</ele>
   </trkpt>
   <trkpt lat="-41.2984880" lon="174.7536900">
    <ele>135.0</ele>
   </trkpt>
   <trkpt lat="-41.2984870" lon="174.7536660">
    <ele>135.0</ele>
   </trkpt>
   <trkpt lat="-41.2984890" lon="174.7536400">
    <ele>135.0</ele>
   </trkpt>
   <trkpt lat="-41.2984910" lon="174.7536150">
    <ele>135.0</ele>
   </trkpt>
   <trkpt lat="-41.2984950" lon="174.7535850">
    <ele>135.0</ele>
   </trkpt>
   <trkpt lat="-41.2985000" lon="174.7535550">
    <ele>134.0</ele>
   </trkpt>
   <trkpt lat="-41.2985040" lon="174.7535300">
    <ele>134.0</ele>
   </trkpt>
   <trkpt lat="-41.2985070" lon="174.7535050">
    <ele>134.0</ele>
   </trkpt>
   <trkpt lat="-41.2985070" lon="174.7534960">
    <ele>134.0</ele>
   </trkpt>
   <trkpt lat="-41.2985060" lon="174.7534880">
    <ele>134.0</ele>
   </trkpt>
   <trkpt lat="-41.2985010" lon="174.7534920">
    <ele>133.0</ele>
   </trkpt>
   <trkpt lat="-41.2984950" lon="174.7534960">
    <ele>133.0</ele>
   </trkpt>
   <trkpt lat="-41.2984860" lon="174.7535060">
    <ele>133.0</ele>
   </trkpt>
   <trkpt lat="-41.2984770" lon="174.7535170">
    <ele>133.0</ele>
   </trkpt>
   <trkpt lat="-41.2984660" lon="174.7535290">
    <ele>133.0</ele>
   </trkpt>
   <trkpt lat="-41.2984550" lon="174.7535410">
    <ele>132.0</ele>
   </trkpt>
   <trkpt lat="-41.2984440" lon="174.7535560">
    <ele>132.0</ele>
   </trkpt>
   <trkpt lat="-41.2984330" lon="174.7535700">
    <ele>132.0</ele>
   </trkpt>
   <trkpt lat="-41.2984190" lon="174.7535860">
    <ele>132.0</ele>
   </trkpt>
   <trkpt lat="-41.2984050" lon="174.7536010">
    <ele>132.0</ele>
   </trkpt>
   <trkpt lat="-41.2983870" lon="174.7536170">
    <ele>131.0</ele>
   </trkpt>
   <trkpt lat="-41.2983690" lon="174.7536330">
    <ele>131.0</ele>
   </trkpt>
   <trkpt lat="-41.2983500" lon="174.7536470">
    <ele>130.0</ele>
   </trkpt>
   <trkpt lat="-41.2983300" lon="174.7536620">
    <ele>130.0</ele>
   </trkpt>
   <trkpt lat="-41.2983120" lon="174.7536780">
    <ele>130.0</ele>
   </trkpt>
   <trkpt lat="-41.2982940" lon="174.7536950">
    <ele>129.0</ele>
   </trkpt>
   <trkpt lat="-41.2982790" lon="174.7537130">
    <ele>129.0</ele>
   </trkpt>
   <trkpt lat="-41.2982640" lon="174.7537310">
    <ele>128.0</ele>
   </trkpt>
   <trkpt lat="-41.2982500" lon="174.7537500">
    <ele>128.0</ele>
   </trkpt>
   <trkpt lat="-41.2982370" lon="174.7537700">
    <ele>128.0</ele>
   </trkpt>
   <trkpt lat="-41.2982230" lon="174.7537960">
    <ele>127.0</ele>
   </trkpt>
   <trkpt lat="-41.2982090" lon="174.7538220">
    <ele>127.0</ele>
   </trkpt>
   <trkpt lat="-41.2981960" lon="174.7538500">
    <ele>127.0</ele>
   </trkpt>
   <trkpt lat="-41.2981820" lon="174.7538770">
    <ele>127.0</ele>
   </trkpt>
   <trkpt lat="-41.2981680" lon="174.7539010">
    <ele>127.0</ele>
   </trkpt>
   <trkpt lat="-41.2981550" lon="174.7539250">
    <ele>126.0</ele>
   </trkpt>
   <trkpt lat="-41.2981400" lon="174.7539430">
    <ele>126.0</ele>
   </trkpt>
   <trkpt lat="-41.2981250" lon="174.7539620">
    <ele>126.0</ele>
   </trkpt>
   <trkpt lat="-41.2981080" lon="174.7539770">
    <ele>126.0</ele>
   </trkpt>
   <trkpt lat="-41.2980910" lon="174.7539930">
    <ele>126.0</ele>
   </trkpt>
   <trkpt lat="-41.2980760" lon="174.7540060">
    <ele>126.0</ele>
   </trkpt>
   <trkpt lat="-41.2980620" lon="174.7540180">
    <ele>126.0</ele>
   </trkpt>
   <trkpt lat="-41.2980460" lon="174.7540310">
    <ele>126.0</ele>
   </trkpt>
   <trkpt lat="-41.2980310" lon="174.7540440">
    <ele>126.0</ele>
   </trkpt>
   <trkpt lat="-41.2980140" lon="174.7540620">
    <ele>126.0</ele>
   </trkpt>
   <trkpt lat="-41.2979980" lon="174.7540790">
    <ele>126.0</ele>
   </trkpt>
   <trkpt lat="-41.2979830" lon="174.7541010">
    <ele>126.0</ele>
   </trkpt>
   <trkpt lat="-41.2979680" lon="174.7541230">
    <ele>126.0</ele>
   </trkpt>
   <trkpt lat="-41.2979590" lon="174.7541440">
    <ele>126.0</ele>
   </trkpt>
   <trkpt lat="-41.2979490" lon="174.7541660">
    <ele>126.0</ele>
   </trkpt>
   <trkpt lat="-41.2979430" lon="174.7541890">
    <ele>126.0</ele>
   </trkpt>
   <trkpt lat="-41.2979380" lon="174.7542120">
    <ele>126.0</ele>
   </trkpt>
   <trkpt lat="-41.2979300" lon="174.7542420">
    <ele>126.0</ele>
   </trkpt>
   <trkpt lat="-41.2979230" lon="174.7542720">
    <ele>126.0</ele>
   </trkpt>
   <trkpt lat="-41.2979120" lon="174.7543090">
    <ele>126.0</ele>
   </trkpt>
   <trkpt lat="-41.2979010" lon="174.7543460">
    <ele>126.0</ele>
   </trkpt>
   <trkpt lat="-41.2978870" lon="174.7543850">
    <ele>126.0</ele>
   </trkpt>
   <trkpt lat="-41.2978740" lon="174.7544250">
    <ele>126.0</ele>
   </trkpt>
   <trkpt lat="-41.2978620" lon="174.7544610">
    <ele>126.0</ele>
   </trkpt>
   <trkpt lat="-41.2978500" lon="174.7544970">
    <ele>126.0</ele>
   </trkpt>
   <trkpt lat="-41.2978340" lon="174.7545290">
    <ele>126.0</ele>
   </trkpt>
   <trkpt lat="-41.2978190" lon="174.7545610">
    <ele>126.0</ele>
   </trkpt>
   <trkpt lat="-41.2978020" lon="174.7545870">
    <ele>126.0</ele>
   </trkpt>
   <trkpt lat="-41.2977840" lon="174.7546130">
    <ele>126.0</ele>
   </trkpt>
   <trkpt lat="-41.2977650" lon="174.7546340">
    <ele>126.0</ele>
   </trkpt>
   <trkpt lat="-41.2977470" lon="174.7546550">
    <ele>126.0</ele>
   </trkpt>
   <trkpt lat="-41.2977270" lon="174.7546750">
    <ele>126.0</ele>
   </trkpt>
   <trkpt lat="-41.2977080" lon="174.7546960">
    <ele>126.0</ele>
   </trkpt>
   <trkpt lat="-41.2976900" lon="174.7547180">
    <ele>126.0</ele>
   </trkpt>
   <trkpt lat="-41.2976730" lon="174.7547400">
    <ele>126.0</ele>
   </trkpt>
   <trkpt lat="-41.2976570" lon="174.7547620">
    <ele>125.0</ele>
   </trkpt>
   <trkpt lat="-41.2976410" lon="174.7547850">
    <ele>125.0</ele>
   </trkpt>
   <trkpt lat="-41.2976230" lon="174.7548080">
    <ele>125.0</ele>
   </trkpt>
   <trkpt lat="-41.2976050" lon="174.7548300">
    <ele>125.0</ele>
   </trkpt>
   <trkpt lat="-41.2975840" lon="174.7548520">
    <ele>125.0</ele>
   </trkpt>
   <trkpt lat="-41.2975630" lon="174.7548740">
    <ele>125.0</ele>
   </trkpt>
   <trkpt lat="-41.2975430" lon="174.7548950">
    <ele>125.0</ele>
   </trkpt>
   <trkpt lat="-41.2975240" lon="174.7549170">
    <ele>125.0</ele>
   </trkpt>
   <trkpt lat="-41.2975060" lon="174.7549390">
    <ele>125.0</ele>
   </trkpt>
   <trkpt lat="-41.2974890" lon="174.7549620">
    <ele>125.0</ele>
   </trkpt>
   <trkpt lat="-41.2974740" lon="174.7549850">
    <ele>124.0</ele>
   </trkpt>
   <trkpt lat="-41.2974600" lon="174.7550070">
    <ele>124.0</ele>
   </trkpt>
   <trkpt lat="-41.2974440" lon="174.7550280">
    <ele>124.0</ele>
   </trkpt>
   <trkpt lat="-41.2974290" lon="174.7550480">
    <ele>124.0</ele>
   </trkpt>
   <trkpt lat="-41.2974120" lon="174.7550680">
    <ele>124.0</ele>
   </trkpt>
   <trkpt lat="-41.2973950" lon="174.7550880">
    <ele>124.0</ele>
   </trkpt>
   <trkpt lat="-41.2973790" lon="174.7551100">
    <ele>124.0</ele>
   </trkpt>
   <trkpt lat="-41.2973640" lon="174.7551320">
    <ele>124.0</ele>
   </trkpt>
   <trkpt lat="-41.2973530" lon="174.7551580">
    <ele>124.0</ele>
   </trkpt>
   <trkpt lat="-41.2973430" lon="174.7551840">
    <ele>124.0</ele>
   </trkpt>
   <trkpt lat="-41.2973390" lon="174.7552100">
    <ele>123.0</ele>
   </trkpt>
   <trkpt lat="-41.2973350" lon="174.7552370">
    <ele>123.0</ele>
   </trkpt>
   <trkpt lat="-41.2973330" lon="174.7552650">
    <ele>123.0</ele>
   </trkpt>
   <trkpt lat="-41.2973320" lon="174.7552930">
    <ele>123.0</ele>
   </trkpt>
   <trkpt lat="-41.2973280" lon="174.7553250">
    <ele>123.0</ele>
   </trkpt>
   <trkpt lat="-41.2973250" lon="174.7553570">
    <ele>122.0</ele>
   </trkpt>
   <trkpt lat="-41.2973180" lon="174.7553900">
    <ele>122.0</ele>
   </trkpt>
   <trkpt lat="-41.2973110" lon="174.7554230">
    <ele>122.0</ele>
   </trkpt>
   <trkpt lat="-41.2972990" lon="174.7554530">
    <ele>122.0</ele>
   </trkpt>
   <trkpt lat="-41.2972870" lon="174.7554830">
    <ele>122.0</ele>
   </trkpt>
   <trkpt lat="-41.2972720" lon="174.7555070">
    <ele>122.0</ele>
   </trkpt>
   <trkpt lat="-41.2972570" lon="174.7555310">
    <ele>122.0</ele>
   </trkpt>
   <trkpt lat="-41.2972410" lon="174.7555520">
    <ele>122.0</ele>
   </trkpt>
   <trkpt lat="-41.2972250" lon="174.7555730">
    <ele>122.0</ele>
   </trkpt>
   <trkpt lat="-41.2972080" lon="174.7555960">
    <ele>122.0</ele>
   </trkpt>
   <trkpt lat="-41.2971900" lon="174.7556180">
    <ele>121.0</ele>
   </trkpt>
   <trkpt lat="-41.2971720" lon="174.7556430">
    <ele>121.0</ele>
   </trkpt>
   <trkpt lat="-41.2971540" lon="174.7556680">
    <ele>121.0</ele>
   </trkpt>
   <trkpt lat="-41.2971370" lon="174.7556920">
    <ele>121.0</ele>
   </trkpt>
   <trkpt lat="-41.2971200" lon="174.7557170">
    <ele>121.0</ele>
   </trkpt>
   <trkpt lat="-41.2971040" lon="174.7557390">
    <ele>120.0</ele>
   </trkpt>
   <trkpt lat="-41.2970880" lon="174.7557600">
    <ele>120.0</ele>
   </trkpt>
   <trkpt lat="-41.2970760" lon="174.7557810">
    <ele>120.0</ele>
   </trkpt>
   <trkpt lat="-41.2970650" lon="174.7558020">
    <ele>120.0</ele>
   </trkpt>
   <trkpt lat="-41.2970610" lon="174.7558210">
    <ele>120.0</ele>
   </trkpt>
   <trkpt lat="-41.2970570" lon="174.7558410">
    <ele>119.0</ele>
   </trkpt>
   <trkpt lat="-41.2970520" lon="174.7558590">
    <ele>119.0</ele>
   </trkpt>
   <trkpt lat="-41.2970470" lon="174.7558760">
    <ele>119.0</ele>
   </trkpt>
   <trkpt lat="-41.2970370" lon="174.7558940">
    <ele>119.0</ele>
   </trkpt>
   <trkpt lat="-41.2970260" lon="174.7559110">
    <ele>119.0</ele>
   </trkpt>
   <trkpt lat="-41.2970130" lon="174.7559300">
    <ele>119.0</ele>
   </trkpt>
   <trkpt lat="-41.2969990" lon="174.7559490">
    <ele>119.0</ele>
   </trkpt>
   <trkpt lat="-41.2969840" lon="174.7559670">
    <ele>119.0</ele>
   </trkpt>
   <trkpt lat="-41.2969700" lon="174.7559850">
    <ele>119.0</ele>
   </trkpt>
   <trkpt lat="-41.2969540" lon="174.7559970">
    <ele>119.0</ele>
   </trkpt>
   <trkpt lat="-41.2969380" lon="174.7560080">
    <ele>118.0</ele>
   </trkpt>
   <trkpt lat="-41.2969200" lon="174.7560120">
    <ele>118.0</ele>
   </trkpt>
   <trkpt lat="-41.2969010" lon="174.7560160">
    <ele>117.0</ele>
   </trkpt>
   <trkpt lat="-41.2968790" lon="174.7560090">
    <ele>117.0</ele>
   </trkpt>
   <trkpt lat="-41.2968560" lon="174.7560030">
    <ele>117.0</ele>
   </trkpt>
   <trkpt lat="-41.2968360" lon="174.7559880">
    <ele>116.0</ele>
   </trkpt>
   <trkpt lat="-41.2968160" lon="174.7559730">
    <ele>116.0</ele>
   </trkpt>
   <trkpt lat="-41.2967990" lon="174.7559530">
    <ele>116.0</ele>
   </trkpt>
   <trkpt lat="-41.2967820" lon="174.7559340">
    <ele>116.0</ele>
   </trkpt>
   <trkpt lat="-41.2967660" lon="174.7559130">
    <ele>116.0</ele>
   </trkpt>
   <trkpt lat="-41.2967510" lon="174.7558920">
    <ele>115.0</ele>
   </trkpt>
   <trkpt lat="-41.2967330" lon="174.7558760">
    <ele>115.0</ele>
   </trkpt>
   <trkpt lat="-41.2967150" lon="174.7558610">
    <ele>115.0</ele>
   </trkpt>
   <trkpt lat="-41.2967000" lon="174.7558570">
    <ele>115.0</ele>
   </trkpt>
   <trkpt lat="-41.2966850" lon="174.7558540">
    <ele>115.0</ele>
   </trkpt>
   <trkpt lat="-41.2966820" lon="174.7558620">
    <ele>114.0</ele>
   </trkpt>
   <trkpt lat="-41.2966790" lon="174.7558690">
    <ele>114.0</ele>
   </trkpt>
   <trkpt lat="-41.2966790" lon="174.7558860">
    <ele>113.0</ele>
   </trkpt>
   <trkpt lat="-41.2966780" lon="174.7559020">
    <ele>113.0</ele>
   </trkpt>
   <trkpt lat="-41.2966720" lon="174.7559240">
    <ele>113.0</ele>
   </trkpt>
   <trkpt lat="-41.2966660" lon="174.7559450">
    <ele>112.0</ele>
   </trkpt>
   <trkpt lat="-41.2966570" lon="174.7559620">
    <ele>112.0</ele>
   </trkpt>
   <trkpt lat="-41.2966470" lon="174.7559780">
    <ele>112.0</ele>
   </trkpt>
   <trkpt lat="-41.2966350" lon="174.7559740">
    <ele>112.0</ele>
   </trkpt>
   <trkpt lat="-41.2966220" lon="174.7559700">
    <ele>112.0</ele>
   </trkpt>
   <trkpt lat="-41.2966110" lon="174.7559460">
    <ele>111.0</ele>
   </trkpt>
   <trkpt lat="-41.2965990" lon="174.7559210">
    <ele>111.0</ele>
   </trkpt>
   <trkpt lat="-41.2965900" lon="174.7558850">
    <ele>110.0</ele>
   </trkpt>
   <trkpt lat="-41.2965820" lon="174.7558500">
    <ele>110.0</ele>
   </trkpt>
   <trkpt lat="-41.2965760" lon="174.7558140">
    <ele>110.0</ele>
   </trkpt>
   <trkpt lat="-41.2965700" lon="174.7557790">
    <ele>109.0</ele>
   </trkpt>
   <trkpt lat="-41.2965660" lon="174.7557480">
    <ele>109.0</ele>
   </trkpt>
   <trkpt lat="-41.2965610" lon="174.7557170">
    <ele>108.0</ele>
   </trkpt>
   <trkpt lat="-41.2965560" lon="174.7556880">
    <ele>108.0</ele>
   </trkpt>
   <trkpt lat="-41.2965510" lon="174.7556600">
    <ele>108.0</ele>
   </trkpt>
   <trkpt lat="-41.2965430" lon="174.7556310">
    <ele>107.0</ele>
   </trkpt>
   <trkpt lat="-41.2965350" lon="174.7556030">
    <ele>107.0</ele>
   </trkpt>
   <trkpt lat="-41.2965270" lon="174.7555740">
    <ele>107.0</ele>
   </trkpt>
   <trkpt lat="-41.2965200" lon="174.7555460">
    <ele>107.0</ele>
   </trkpt>
   <trkpt lat="-41.2965180" lon="174.7555180">
    <ele>107.0</ele>
   </trkpt>
   <trkpt lat="-41.2965170" lon="174.7554900">
    <ele>106.0</ele>
   </trkpt>
   <trkpt lat="-41.2965180" lon="174.7554690">
    <ele>106.0</ele>
   </trkpt>
   <trkpt lat="-41.2965200" lon="174.7554480">
    <ele>105.0</ele>
   </trkpt>
   <trkpt lat="-41.2965200" lon="174.7554470">
    <ele>105.0</ele>
   </trkpt>
   <trkpt lat="-41.2965200" lon="174.7554460">
    <ele>105.0</ele>
   </trkpt>
   <trkpt lat="-41.2965180" lon="174.7554620">
    <ele>104.0</ele>
   </trkpt>
   <trkpt lat="-41.2965160" lon="174.7554780">
    <ele>104.0</ele>
   </trkpt>
   <trkpt lat="-41.2965120" lon="174.7555030">
    <ele>104.0</ele>
   </trkpt>
   <trkpt lat="-41.2965080" lon="174.7555270">
    <ele>104.0</ele>
   </trkpt>
   <trkpt lat="-41.2965060" lon="174.7555560">
    <ele>104.0</ele>
   </trkpt>
   <trkpt lat="-41.2965040" lon="174.7555860">
    <ele>103.0</ele>
   </trkpt>
   <trkpt lat="-41.2965060" lon="174.7556190">
    <ele>103.0</ele>
   </trkpt>
   <trkpt lat="-41.2965080" lon="174.7556520">
    <ele>102.0</ele>
   </trkpt>
   <trkpt lat="-41.2965130" lon="174.7556890">
    <ele>102.0</ele>
   </trkpt>
   <trkpt lat="-41.2965180" lon="174.7557250">
    <ele>102.0</ele>
   </trkpt>
   <trkpt lat="-41.2965210" lon="174.7557590">
    <ele>101.0</ele>
   </trkpt>
   <trkpt lat="-41.2965250" lon="174.7557930">
    <ele>101.0</ele>
   </trkpt>
   <trkpt lat="-41.2965210" lon="174.7558150">
    <ele>101.0</ele>
   </trkpt>
   <trkpt lat="-41.2965170" lon="174.7558380">
    <ele>101.0</ele>
   </trkpt>
   <trkpt lat="-41.2965070" lon="174.7558400">
    <ele>101.0</ele>
   </trkpt>
   <trkpt lat="-41.2964970" lon="174.7558420">
    <ele>100.0</ele>
   </trkpt>
   <trkpt lat="-41.2964840" lon="174.7558260">
    <ele>100.0</ele>
   </trkpt>
   <trkpt lat="-41.2964710" lon="174.7558100">
    <ele>99.0</ele>
   </trkpt>
   <trkpt lat="-41.2964600" lon="174.7557860">
    <ele>99.0</ele>
   </trkpt>
   <trkpt lat="-41.2964490" lon="174.7557610">
    <ele>99.0</ele>
   </trkpt>
   <trkpt lat="-41.2964420" lon="174.7557390">
    <ele>98.0</ele>
   </trkpt>
   <trkpt lat="-41.2964360" lon="174.7557170">
    <ele>98.0</ele>
   </trkpt>
   <trkpt lat="-41.2964290" lon="174.7557120">
    <ele>98.0</ele>
   </trkpt>
   <trkpt lat="-41.2964220" lon="174.7557060">
    <ele>98.0</ele>
   </trkpt>
   <trkpt lat="-41.2964170" lon="174.7557200">
    <ele>98.0</ele>
   </trkpt>
   <trkpt lat="-41.2964110" lon="174.7557350">
    <ele>97.0</ele>
   </trkpt>
   <trkpt lat="-41.2964070" lon="174.7557580">
    <ele>97.0</ele>
   </trkpt>
   <trkpt lat="-41.2964020" lon="174.7557800">
    <ele>96.0</ele>
   </trkpt>
   <trkpt lat="-41.2963970" lon="174.7558060">
    <ele>96.0</ele>
   </trkpt>
   <trkpt lat="-41.2963910" lon="174.7558320">
    <ele>96.0</ele>
   </trkpt>
   <trkpt lat="-41.2963850" lon="174.7558580">
    <ele>95.0</ele>
   </trkpt>
   <trkpt lat="-41.2963790" lon="174.7558850">
    <ele>95.0</ele>
   </trkpt>
   <trkpt lat="-41.2963740" lon="174.7559120">
    <ele>95.0</ele>
   </trkpt>
   <trkpt lat="-41.2963680" lon="174.7559400">
    <ele>95.0</ele>
   </trkpt>
   <trkpt lat="-41.2963650" lon="174.7559690">
    <ele>95.0</ele>
   </trkpt>
   <trkpt lat="-41.2963610" lon="174.7559990">
    <ele>94.0</ele>
   </trkpt>
   <trkpt lat="-41.2963590" lon="174.7560300">
    <ele>94.0</ele>
   </trkpt>
   <trkpt lat="-41.2963570" lon="174.7560610">
    <ele>93.0</ele>
   </trkpt>
   <trkpt lat="-41.2963560" lon="174.7560910">
    <ele>93.0</ele>
   </trkpt>
   <trkpt lat="-41.2963560" lon="174.7561210">
    <ele>93.0</ele>
   </trkpt>
   <trkpt lat="-41.2963550" lon="174.7561490">
    <ele>92.0</ele>
   </trkpt>
   <trkpt lat="-41.2963540" lon="174.7561780">
    <ele>92.0</ele>
   </trkpt>
   <trkpt lat="-41.2963520" lon="174.7562050">
    <ele>91.0</ele>
   </trkpt>
   <trkpt lat="-41.2963510" lon="174.7562320">
    <ele>91.0</ele>
   </trkpt>
   <trkpt lat="-41.2963490" lon="174.7562560">
    <ele>91.0</ele>
   </trkpt>
   <trkpt lat="-41.2963470" lon="174.7562810">
    <ele>90.0</ele>
   </trkpt>
   <trkpt lat="-41.2963450" lon="174.7563030">
    <ele>90.0</ele>
   </trkpt>
   <trkpt lat="-41.2963430" lon="174.7563260">
    <ele>89.0</ele>
   </trkpt>
   <trkpt lat="-41.2963360" lon="174.7563460">
    <ele>89.0</ele>
   </trkpt>
   <trkpt lat="-41.2963290" lon="174.7563670">
    <ele>89.0</ele>
   </trkpt>
   <trkpt lat="-41.2963190" lon="174.7563890">
    <ele>88.0</ele>
   </trkpt>
   <trkpt lat="-41.2963100" lon="174.7564120">
    <ele>88.0</ele>
   </trkpt>
   <trkpt lat="-41.2963000" lon="174.7564400">
    <ele>88.0</ele>
   </trkpt>
   <trkpt lat="-41.2962910" lon="174.7564680">
    <ele>88.0</ele>
   </trkpt>
   <trkpt lat="-41.2962860" lon="174.7565020">
    <ele>88.0</ele>
   </trkpt>
   <trkpt lat="-41.2962800" lon="174.7565360">
    <ele>87.0</ele>
   </trkpt>
   <trkpt lat="-41.2962760" lon="174.7565710">
    <ele>87.0</ele>
   </trkpt>
   <trkpt lat="-41.2962730" lon="174.7566060">
    <ele>86.0</ele>
   </trkpt>
   <trkpt lat="-41.2962710" lon="174.7566400">
    <ele>86.0</ele>
   </trkpt>
   <trkpt lat="-41.2962700" lon="174.7566730">
    <ele>86.0</ele>
   </trkpt>
   <trkpt lat="-41.2962710" lon="174.7567050">
    <ele>85.0</ele>
   </trkpt>
   <trkpt lat="-41.2962720" lon="174.7567370">
    <ele>85.0</ele>
   </trkpt>
   <trkpt lat="-41.2962730" lon="174.7567640">
    <ele>85.0</ele>
   </trkpt>
   <trkpt lat="-41.2962750" lon="174.7567910">
    <ele>85.0</ele>
   </trkpt>
   <trkpt lat="-41.2962760" lon="174.7568140">
    <ele>85.0</ele>
   </trkpt>
   <trkpt lat="-41.2962770" lon="174.7568360">
    <ele>84.0</ele>
   </trkpt>
   <trkpt lat="-41.2962770" lon="174.7568550">
    <ele>84.0</ele>
   </trkpt>
   <trkpt lat="-41.2962780" lon="174.7568740">
    <ele>83.0</ele>
   </trkpt>
   <trkpt lat="-41.2962770" lon="174.7568920">
    <ele>83.0</ele>
   </trkpt>
   <trkpt lat="-41.2962760" lon="174.7569100">
    <ele>83.0</ele>
   </trkpt>
   <trkpt lat="-41.2962760" lon="174.7569270">
    <ele>82.0</ele>
   </trkpt>
   <trkpt lat="-41.2962760" lon="174.7569440">
    <ele>82.0</ele>
   </trkpt>
   <trkpt lat="-41.2962750" lon="174.7569610">
    <ele>81.0</ele>
   </trkpt>
   <trkpt lat="-41.2962750" lon="174.7569780">
    <ele>81.0</ele>
   </trkpt>
   <trkpt lat="-41.2962700" lon="174.7569920">
    <ele>81.0</ele>
   </trkpt>
   <trkpt lat="-41.2962660" lon="174.7570060">
    <ele>80.0</ele>
   </trkpt>
   <trkpt lat="-41.2962540" lon="174.7570180">
    <ele>80.0</ele>
   </trkpt>
   <trkpt lat="-41.2962430" lon="174.7570290">
    <ele>80.0</ele>
   </trkpt>
   <trkpt lat="-41.2962270" lon="174.7570410">
    <ele>80.0</ele>
   </trkpt>
   <trkpt lat="-41.2962120" lon="174.7570530">
    <ele>80.0</ele>
   </trkpt>
   <trkpt lat="-41.2961930" lon="174.7570670">
    <ele>79.0</ele>
   </trkpt>
   <trkpt lat="-41.2961740" lon="174.7570820">
    <ele>79.0</ele>
   </trkpt>
   <trkpt lat="-41.2961550" lon="174.7571010">
    <ele>79.0</ele>
   </trkpt>
   <trkpt lat="-41.2961360" lon="174.7571210">
    <ele>79.0</ele>
   </trkpt>
   <trkpt lat="-41.2961190" lon="174.7571450">
    <ele>79.0</ele>
   </trkpt>
   <trkpt lat="-41.2961010" lon="174.7571700">
    <ele>78.0</ele>
   </trkpt>
   <trkpt lat="-41.2960840" lon="174.7571960">
    <ele>78.0</ele>
   </trkpt>
   <trkpt lat="-41.2960670" lon="174.7572220">
    <ele>78.0</ele>
   </trkpt>
   <trkpt lat="-41.2960500" lon="174.7572480">
    <ele>78.0</ele>
   </trkpt>
   <trkpt lat="-41.2960330" lon="174.7572740">
    <ele>78.0</ele>
   </trkpt>
   <trkpt lat="-41.2960180" lon="174.7573000">
    <ele>77.0</ele>
   </trkpt>
   <trkpt lat="-41.2960030" lon="174.7573260">
    <ele>77.0</ele>
   </trkpt>
   <trkpt lat="-41.2959870" lon="174.7573500">
    <ele>77.0</ele>
   </trkpt>
   <trkpt lat="-41.2959710" lon="174.7573750">
    <ele>77.0</ele>
   </trkpt>
   <trkpt lat="-41.2959530" lon="174.7573970">
    <ele>77.0</ele>
   </trkpt>
   <trkpt lat="-41.2959350" lon="174.7574200">
    <ele>77.0</ele>
   </trkpt>
   <trkpt lat="-41.2959140" lon="174.7574410">
    <ele>77.0</ele>
   </trkpt>
   <trkpt lat="-41.2958930" lon="174.7574620">
    <ele>77.0</ele>
   </trkpt>
   <trkpt lat="-41.2958720" lon="174.7574860">
    <ele>77.0</ele>
   </trkpt>
   <trkpt lat="-41.2958500" lon="174.7575090">
    <ele>77.0</ele>
   </trkpt>
   <trkpt lat="-41.2958310" lon="174.7575350">
    <ele>76.0</ele>
   </trkpt>
   <trkpt lat="-41.2958110" lon="174.7575600">
    <ele>76.0</ele>
   </trkpt>
   <trkpt lat="-41.2957930" lon="174.7575850">
    <ele>76.0</ele>
   </trkpt>
   <trkpt lat="-41.2957750" lon="174.7576100">
    <ele>76.0</ele>
   </trkpt>
   <trkpt lat="-41.2957580" lon="174.7576350">
    <ele>76.0</ele>
   </trkpt>
   <trkpt lat="-41.2957410" lon="174.7576590">
    <ele>76.0</ele>
   </trkpt>
   <trkpt lat="-41.2957230" lon="174.7576850">
    <ele>76.0</ele>
   </trkpt>
   <trkpt lat="-41.2957060" lon="174.7577110">
    <ele>76.0</ele>
   </trkpt>
   <trkpt lat="-41.2956880" lon="174.7577370">
    <ele>76.0</ele>
   </trkpt>
   <trkpt lat="-41.2956700" lon="174.7577640">
    <ele>76.0</ele>
   </trkpt>
   <trkpt lat="-41.2956540" lon="174.7577920">
    <ele>75.0</ele>
   </trkpt>
   <trkpt lat="-41.2956370" lon="174.7578200">
    <ele>75.0</ele>
   </trkpt>
   <trkpt lat="-41.2956200" lon="174.7578490">
    <ele>75.0</ele>
   </trkpt>
   <trkpt lat="-41.2956030" lon="174.7578780">
    <ele>75.0</ele>
   </trkpt>
   <trkpt lat="-41.2955860" lon="174.7579080">
    <ele>75.0</ele>
   </trkpt>
   <trkpt lat="-41.2955680" lon="174.7579370">
    <ele>74.0</ele>
   </trkpt>
   <trkpt lat="-41.2955530" lon="174.7579680">
    <ele>74.0</ele>
   </trkpt>
   <trkpt lat="-41.2955380" lon="174.7579990">
    <ele>74.0</ele>
   </trkpt>
   <trkpt lat="-41.2955250" lon="174.7580290">
    <ele>74.0</ele>
   </trkpt>
   <trkpt lat="-41.2955120" lon="174.7580590">
    <ele>74.0</ele>
   </trkpt>
   <trkpt lat="-41.2954980" lon="174.7580870">
    <ele>73.0</ele>
   </trkpt>
   <trkpt lat="-41.2954850" lon="174.7581150">
    <ele>73.0</ele>
   </trkpt>
   <trkpt lat="-41.2954690" lon="174.7581420">
    <ele>73.0</ele>
   </trkpt>
   <trkpt lat="-41.2954530" lon="174.7581700">
    <ele>73.0</ele>
   </trkpt>
   <trkpt lat="-41.2954350" lon="174.7581970">
    <ele>73.0</ele>
   </trkpt>
   <trkpt lat="-41.2954170" lon="174.7582250">
    <ele>73.0</ele>
   </trkpt>
   <trkpt lat="-41.2953940" lon="174.7582500">
    <ele>73.0</ele>
   </trkpt>
   <trkpt lat="-41.2953720" lon="174.7582760">
    <ele>73.0</ele>
   </trkpt>
   <trkpt lat="-41.2953480" lon="174.7582980">
    <ele>73.0</ele>
   </trkpt>
   <trkpt lat="-41.2953230" lon="174.7583210">
    <ele>73.0</ele>
   </trkpt>
   <trkpt lat="-41.2952980" lon="174.7583400">
    <ele>72.0</ele>
   </trkpt>
   <trkpt lat="-41.2952720" lon="174.7583580">
    <ele>72.0</ele>
   </trkpt>
   <trkpt lat="-41.2952460" lon="174.7583730">
    <ele>72.0</ele>
   </trkpt>
   <trkpt lat="-41.2952190" lon="174.7583870">
    <ele>72.0</ele>
   </trkpt>
   <trkpt lat="-41.2951920" lon="174.7583990">
    <ele>72.0</ele>
   </trkpt>
   <trkpt lat="-41.2951650" lon="174.7584100">
    <ele>72.0</ele>
   </trkpt>
   <trkpt lat="-41.2951380" lon="174.7584220">
    <ele>72.0</ele>
   </trkpt>
   <trkpt lat="-41.2951110" lon="174.7584330">
    <ele>72.0</ele>
   </trkpt>
   <trkpt lat="-41.2950850" lon="174.7584460">
    <ele>72.0</ele>
   </trkpt>
   <trkpt lat="-41.2950590" lon="174.7584590">
    <ele>72.0</ele>
   </trkpt>
   <trkpt lat="-41.2950330" lon="174.7584740">
    <ele>71.0</ele>
   </trkpt>
   <trkpt lat="-41.2950070" lon="174.7584890">
    <ele>71.0</ele>
   </trkpt>
   <trkpt lat="-41.2949800" lon="174.7585040">
    <ele>71.0</ele>
   </trkpt>
   <trkpt lat="-41.2949540" lon="174.7585190">
    <ele>71.0</ele>
   </trkpt>
   <trkpt lat="-41.2949270" lon="174.7585340">
    <ele>71.0</ele>
   </trkpt>
   <trkpt lat="-41.2949000" lon="174.7585490">
    <ele>71.0</ele>
   </trkpt>
   <trkpt lat="-41.2948740" lon="174.7585650">
    <ele>71.0</ele>
   </trkpt>
   <trkpt lat="-41.2948490" lon="174.7585810">
    <ele>71.0</ele>
   </trkpt>
   <trkpt lat="-41.2948230" lon="174.7585970">
    <ele>71.0</ele>
   </trkpt>
   <trkpt lat="-41.2947980" lon="174.7586140">
    <ele>71.0</ele>
   </trkpt>
   <trkpt lat="-41.2947720" lon="174.7586310">
    <ele>70.0</ele>
   </trkpt>
   <trkpt lat="-41.2947460" lon="174.7586470">
    <ele>70.0</ele>
   </trkpt>
   <trkpt lat="-41.2947190" lon="174.7586630">
    <ele>70.0</ele>
   </trkpt>
   <trkpt lat="-41.2946930" lon="174.7586780">
    <ele>70.0</ele>
   </trkpt>
   <trkpt lat="-41.2946660" lon="174.7586920">
    <ele>70.0</ele>
   </trkpt>
   <trkpt lat="-41.2946400" lon="174.7587050">
    <ele>69.0</ele>
   </trkpt>
   <trkpt lat="-41.2946140" lon="174.7587170">
    <ele>69.0</ele>
   </trkpt>
   <trkpt lat="-41.2945880" lon="174.7587280">
    <ele>69.0</ele>
   </trkpt>
   <trkpt lat="-41.2945610" lon="174.7587390">
    <ele>69.0</ele>
   </trkpt>
   <trkpt lat="-41.2945350" lon="174.7587490">
    <ele>69.0</ele>
   </trkpt>
   <trkpt lat="-41.2945080" lon="174.7587620">
    <ele>68.0</ele>
   </trkpt>
   <trkpt lat="-41.2944810" lon="174.7587750">
    <ele>68.0</ele>
   </trkpt>
   <trkpt lat="-41.2944550" lon="174.7587910">
    <ele>68.0</ele>
   </trkpt>
   <trkpt lat="-41.2944290" lon="174.7588070">
    <ele>68.0</ele>
   </trkpt>
   <trkpt lat="-41.2944040" lon="174.7588270">
    <ele>68.0</ele>
   </trkpt>
   <trkpt lat="-41.2943790" lon="174.7588470">
    <ele>68.0</ele>
   </trkpt>
   <trkpt lat="-41.2943590" lon="174.7588740">
    <ele>68.0</ele>
   </trkpt>
   <trkpt lat="-41.2943380" lon="174.7589010">
    <ele>68.0</ele>
   </trkpt>
   <trkpt lat="-41.2943240" lon="174.7589350">
    <ele>68.0</ele>
   </trkpt>
   <trkpt lat="-41.2943100" lon="174.7589690">
    <ele>68.0</ele>
   </trkpt>
   <trkpt lat="-41.2942970" lon="174.7590040">
    <ele>67.0</ele>
   </trkpt>
   <trkpt lat="-41.2942850" lon="174.7590390">
    <ele>67.0</ele>
   </trkpt>
   <trkpt lat="-41.2942730" lon="174.7590730">
    <ele>67.0</ele>
   </trkpt>
   <trkpt lat="-41.2942600" lon="174.7591080">
    <ele>67.0</ele>
   </trkpt>
   <trkpt lat="-41.2942470" lon="174.7591400">
    <ele>67.0</ele>
   </trkpt>
   <trkpt lat="-41.2942340" lon="174.7591730">
    <ele>66.0</ele>
   </trkpt>
   <trkpt lat="-41.2942200" lon="174.7592040">
    <ele>66.0</ele>
   </trkpt>
   <trkpt lat="-41.2942060" lon="174.7592350">
    <ele>66.0</ele>
   </trkpt>
   <trkpt lat="-41.2941910" lon="174.7592630">
    <ele>66.0</ele>
   </trkpt>
   <trkpt lat="-41.2941750" lon="174.7592900">
    <ele>66.0</ele>
   </trkpt>
   <trkpt lat="-41.2941580" lon="174.7593140">
    <ele>65.0</ele>
   </trkpt>
   <trkpt lat="-41.2941410" lon="174.7593380">
    <ele>65.0</ele>
   </trkpt>
   <trkpt lat="-41.2941220" lon="174.7593590">
    <ele>65.0</ele>
   </trkpt>
   <trkpt lat="-41.2941040" lon="174.7593810">
    <ele>65.0</ele>
   </trkpt>
   <trkpt lat="-41.2940820" lon="174.7594000">
    <ele>65.0</ele>
   </trkpt>
   <trkpt lat="-41.2940610" lon="174.7594200">
    <ele>65.0</ele>
   </trkpt>
   <trkpt lat="-41.2940380" lon="174.7594410">
    <ele>65.0</ele>
   </trkpt>
   <trkpt lat="-41.2940150" lon="174.7594610">
    <ele>65.0</ele>
   </trkpt>
   <trkpt lat="-41.2939910" lon="174.7594860">
    <ele>65.0</ele>
   </trkpt>
   <trkpt lat="-41.2939680" lon="174.7595110">
    <ele>65.0</ele>
   </trkpt>
   <trkpt lat="-41.2939460" lon="174.7595390">
    <ele>64.0</ele>
   </trkpt>
   <trkpt lat="-41.2939240" lon="174.7595670">
    <ele>64.0</ele>
   </trkpt>
   <trkpt lat="-41.2939040" lon="174.7595970">
    <ele>64.0</ele>
   </trkpt>
   <trkpt lat="-41.2938840" lon="174.7596270">
    <ele>64.0</ele>
   </trkpt>
   <trkpt lat="-41.2938660" lon="174.7596590">
    <ele>64.0</ele>
   </trkpt>
   <trkpt lat="-41.2938490" lon="174.7596920">
    <ele>63.0</ele>
   </trkpt>
   <trkpt lat="-41.2938350" lon="174.7597270">
    <ele>63.0</ele>
   </trkpt>
   <trkpt lat="-41.2938210" lon="174.7597620">
    <ele>63.0</ele>
   </trkpt>
   <trkpt lat="-41.2938110" lon="174.7597980">
    <ele>63.0</ele>
   </trkpt>
   <trkpt lat="-41.2938020" lon="174.7598340">
    <ele>63.0</ele>
   </trkpt>
   <trkpt lat="-41.2937930" lon="174.7598690">
    <ele>63.0</ele>
   </trkpt>
   <trkpt lat="-41.2937840" lon="174.7599040">
    <ele>63.0</ele>
   </trkpt>
   <trkpt lat="-41.2937740" lon="174.7599370">
    <ele>63.0</ele>
   </trkpt>
   <trkpt lat="-41.2937630" lon="174.7599700">
    <ele>63.0</ele>
   </trkpt>
   <trkpt lat="-41.2937490" lon="174.7600020">
    <ele>63.0</ele>
   </trkpt>
   <trkpt lat="-41.2937360" lon="174.7600340">
    <ele>62.0</ele>
   </trkpt>
   <trkpt lat="-41.2937180" lon="174.7600630">
    <ele>62.0</ele>
   </trkpt>
   <trkpt lat="-41.2937000" lon="174.7600920">
    <ele>62.0</ele>
   </trkpt>
   <trkpt lat="-41.2936780" lon="174.7601180">
    <ele>62.0</ele>
   </trkpt>
   <trkpt lat="-41.2936560" lon="174.7601440">
    <ele>62.0</ele>
   </trkpt>
   <trkpt lat="-41.2936320" lon="174.7601680">
    <ele>61.0</ele>
   </trkpt>
   <trkpt lat="-41.2936070" lon="174.7601930">
    <ele>61.0</ele>
   </trkpt>
   <trkpt lat="-41.2935840" lon="174.7602180">
    <ele>61.0</ele>
   </trkpt>
   <trkpt lat="-41.2935600" lon="174.7602440">
    <ele>61.0</ele>
   </trkpt>
   <trkpt lat="-41.2935390" lon="174.7602730">
    <ele>61.0</ele>
   </trkpt>
   <trkpt lat="-41.2935180" lon="174.7603010">
    <ele>61.0</ele>
   </trkpt>
   <trkpt lat="-41.2934990" lon="174.7603320">
    <ele>61.0</ele>
   </trkpt>
   <trkpt lat="-41.2934810" lon="174.7603630">
    <ele>61.0</ele>
   </trkpt>
   <trkpt lat="-41.2934650" lon="174.7603950">
    <ele>61.0</ele>
   </trkpt>
   <trkpt lat="-41.2934500" lon="174.7604270">
    <ele>61.0</ele>
   </trkpt>
   <trkpt lat="-41.2934380" lon="174.7604590">
    <ele>60.0</ele>
   </trkpt>
   <trkpt lat="-41.2934270" lon="174.7604910">
    <ele>60.0</ele>
   </trkpt>
   <trkpt lat="-41.2934210" lon="174.7605250">
    <ele>60.0</ele>
   </trkpt>
   <trkpt lat="-41.2934150" lon="174.7605590">
    <ele>60.0</ele>
   </trkpt>
   <trkpt lat="-41.2934160" lon="174.7605960">
    <ele>60.0</ele>
   </trkpt>
   <trkpt lat="-41.2934170" lon="174.7606330">
    <ele>60.0</ele>
   </trkpt>
   <trkpt lat="-41.2934240" lon="174.7606710">
    <ele>60.0</ele>
   </trkpt>
   <trkpt lat="-41.2934310" lon="174.7607090">
    <ele>60.0</ele>
   </trkpt>
   <trkpt lat="-41.2934430" lon="174.7607470">
    <ele>60.0</ele>
   </trkpt>
   <trkpt lat="-41.2934550" lon="174.7607850">
    <ele>60.0</ele>
   </trkpt>
   <trkpt lat="-41.2934720" lon="174.7608230">
    <ele>59.0</ele>
   </trkpt>
   <trkpt lat="-41.2934890" lon="174.7608600">
    <ele>59.0</ele>
   </trkpt>
   <trkpt lat="-41.2935090" lon="174.7608970">
    <ele>59.0</ele>
   </trkpt>
   <trkpt lat="-41.2935290" lon="174.7609330">
    <ele>59.0</ele>
   </trkpt>
   <trkpt lat="-41.2935490" lon="174.7609680">
    <ele>59.0</ele>
   </trkpt>
   <trkpt lat="-41.2935700" lon="174.7610030">
    <ele>59.0</ele>
   </trkpt>
   <trkpt lat="-41.2935900" lon="174.7610390">
    <ele>59.0</ele>
   </trkpt>
   <trkpt lat="-41.2936100" lon="174.7610740">
    <ele>59.0</ele>
   </trkpt>
   <trkpt lat="-41.2936300" lon="174.7611090">
    <ele>59.0</ele>
   </trkpt>
   <trkpt lat="-41.2936500" lon="174.7611440">
    <ele>59.0</ele>
   </trkpt>
   <trkpt lat="-41.2936700" lon="174.7611780">
    <ele>58.0</ele>
   </trkpt>
   <trkpt lat="-41.2936910" lon="174.7612120">
    <ele>58.0</ele>
   </trkpt>
   <trkpt lat="-41.2937130" lon="174.7612430">
    <ele>58.0</ele>
   </trkpt>
   <trkpt lat="-41.2937340" lon="174.7612750">
    <ele>58.0</ele>
   </trkpt>
   <trkpt lat="-41.2937550" lon="174.7613040">
    <ele>58.0</ele>
   </trkpt>
   <trkpt lat="-41.2937750" lon="174.7613340">
    <ele>57.0</ele>
   </trkpt>
   <trkpt lat="-41.2937940" lon="174.7613620">
    <ele>57.0</ele>
   </trkpt>
   <trkpt lat="-41.2938130" lon="174.7613900">
    <ele>57.0</ele>
   </trkpt>
   <trkpt lat="-41.2938310" lon="174.7614180">
    <ele>57.0</ele>
   </trkpt>
   <trkpt lat="-41.2938490" lon="174.7614450">
    <ele>57.0</ele>
   </trkpt>
   <trkpt lat="-41.2938670" lon="174.7614740">
    <ele>57.0</ele>
   </trkpt>
   <trkpt lat="-41.2938850" lon="174.7615020">
    <ele>57.0</ele>
   </trkpt>
   <trkpt lat="-41.2939020" lon="174.7615330">
    <ele>57.0</ele>
   </trkpt>
   <trkpt lat="-41.2939200" lon="174.7615640">
    <ele>57.0</ele>
   </trkpt>
   <trkpt lat="-41.2939360" lon="174.7615970">
    <ele>57.0</ele>
   </trkpt>
   <trkpt lat="-41.2939520" lon="174.7616300">
    <ele>56.0</ele>
   </trkpt>
   <trkpt lat="-41.2939670" lon="174.7616650">
    <ele>56.0</ele>
   </trkpt>
   <trkpt lat="-41.2939820" lon="174.7617010">
    <ele>56.0</ele>
   </trkpt>
   <trkpt lat="-41.2939970" lon="174.7617360">
    <ele>56.0</ele>
   </trkpt>
   <trkpt lat="-41.2940120" lon="174.7617710">
    <ele>56.0</ele>
   </trkpt>
   <trkpt lat="-41.2940280" lon="174.7618040">
    <ele>56.0</ele>
   </trkpt>
   <trkpt lat="-41.2940440" lon="174.7618370">
    <ele>56.0</ele>
   </trkpt>
   <trkpt lat="-41.2940600" lon="174.7618690">
    <ele>56.0</ele>
   </trkpt>
   <trkpt lat="-41.2940760" lon="174.7619020">
    <ele>56.0</ele>
   </trkpt>
   <trkpt lat="-41.2940910" lon="174.7619350">
    <ele>56.0</ele>
   </trkpt>
   <trkpt lat="-41.2941070" lon="174.7619680">
    <ele>55.0</ele>
   </trkpt>
   <trkpt lat="-41.2941200" lon="174.7620030">
    <ele>55.0</ele>
   </trkpt>
   <trkpt lat="-41.2941340" lon="174.7620380">
    <ele>55.0</ele>
   </trkpt>
   <trkpt lat="-41.2941470" lon="174.7620740">
    <ele>55.0</ele>
   </trkpt>
   <trkpt lat="-41.2941610" lon="174.7621100">
    <ele>55.0</ele>
   </trkpt>
   <trkpt lat="-41.2941740" lon="174.7621450">
    <ele>54.0</ele>
   </trkpt>
   <trkpt lat="-41.2941880" lon="174.7621800">
    <ele>54.0</ele>
   </trkpt>
   <trkpt lat="-41.2942030" lon="174.7622140">
    <ele>54.0</ele>
   </trkpt>
   <trkpt lat="-41.2942180" lon="174.7622480">
    <ele>54.0</ele>
   </trkpt>
   <trkpt lat="-41.2942340" lon="174.7622820">
    <ele>54.0</ele>
   </trkpt>
   <trkpt lat="-41.2942500" lon="174.7623170">
    <ele>54.0</ele>
   </trkpt>
   <trkpt lat="-41.2942660" lon="174.7623530">
    <ele>54.0</ele>
   </trkpt>
   <trkpt lat="-41.2942820" lon="174.7623880">
    <ele>54.0</ele>
   </trkpt>
   <trkpt lat="-41.2942980" lon="174.7624220">
    <ele>54.0</ele>
   </trkpt>
   <trkpt lat="-41.2943130" lon="174.7624560">
    <ele>54.0</ele>
   </trkpt>
   <trkpt lat="-41.2943290" lon="174.7624880">
    <ele>53.0</ele>
   </trkpt>
   <trkpt lat="-41.2943440" lon="174.7625200">
    <ele>53.0</ele>
   </trkpt>
   <trkpt lat="-41.2943610" lon="174.7625490">
    <ele>53.0</ele>
   </trkpt>
   <trkpt lat="-41.2943770" lon="174.7625780">
    <ele>53.0</ele>
   </trkpt>
   <trkpt lat="-41.2943930" lon="174.7626070">
    <ele>53.0</ele>
   </trkpt>
   <trkpt lat="-41.2944090" lon="174.7626360">
    <ele>52.0</ele>
   </trkpt>
   <trkpt lat="-41.2944250" lon="174.7626680">
    <ele>52.0</ele>
   </trkpt>
   <trkpt lat="-41.2944420" lon="174.7626990">
    <ele>52.0</ele>
   </trkpt>
   <trkpt lat="-41.2944570" lon="174.7627320">
    <ele>52.0</ele>
   </trkpt>
   <trkpt lat="-41.2944730" lon="174.7627650">
    <ele>52.0</ele>
   </trkpt>
   <trkpt lat="-41.2944880" lon="174.7627980">
    <ele>52.0</ele>
   </trkpt>
   <trkpt lat="-41.2945030" lon="174.7628310">
    <ele>52.0</ele>
   </trkpt>
   <trkpt lat="-41.2945190" lon="174.7628650">
    <ele>52.0</ele>
   </trkpt>
   <trkpt lat="-41.2945340" lon="174.7628990">
    <ele>52.0</ele>
   </trkpt>
   <trkpt lat="-41.2945490" lon="174.7629310">
    <ele>52.0</ele>
   </trkpt>
   <trkpt lat="-41.2945650" lon="174.7629640">
    <ele>51.0</ele>
   </trkpt>
   <trkpt lat="-41.2945800" lon="174.7629970">
    <ele>51.0</ele>
   </trkpt>
   <trkpt lat="-41.2945960" lon="174.7630290">
    <ele>51.0</ele>
   </trkpt>
   <trkpt lat="-41.2946120" lon="174.7630610">
    <ele>51.0</ele>
   </trkpt>
   <trkpt lat="-41.2946280" lon="174.7630940">
    <ele>51.0</ele>
   </trkpt>
   <trkpt lat="-41.2946440" lon="174.7631260">
    <ele>51.0</ele>
   </trkpt>
   <trkpt lat="-41.2946600" lon="174.7631590">
    <ele>51.0</ele>
   </trkpt>
   <trkpt lat="-41.2946750" lon="174.7631920">
    <ele>51.0</ele>
   </trkpt>
   <trkpt lat="-41.2946900" lon="174.7632250">
    <ele>51.0</ele>
   </trkpt>
   <trkpt lat="-41.2947070" lon="174.7632540">
    <ele>51.0</ele>
   </trkpt>
   <trkpt lat="-41.2947240" lon="174.7632840">
    <ele>50.0</ele>
   </trkpt>
   <trkpt lat="-41.2947430" lon="174.7633100">
    <ele>50.0</ele>
   </trkpt>
   <trkpt lat="-41.2947620" lon="174.7633360">
    <ele>50.0</ele>
   </trkpt>
   <trkpt lat="-41.2947830" lon="174.7633610">
    <ele>50.0</ele>
   </trkpt>
   <trkpt lat="-41.2948040" lon="174.7633870">
    <ele>50.0</ele>
   </trkpt>
   <trkpt lat="-41.2948270" lon="174.7634140">
    <ele>50.0</ele>
   </trkpt>
   <trkpt lat="-41.2948490" lon="174.7634410">
    <ele>50.0</ele>
   </trkpt>
   <trkpt lat="-41.2948720" lon="174.7634690">
    <ele>50.0</ele>
   </trkpt>
   <trkpt lat="-41.2948960" lon="174.7634960">
    <ele>50.0</ele>
   </trkpt>
   <trkpt lat="-41.2949200" lon="174.7635230">
    <ele>50.0</ele>
   </trkpt>
   <trkpt lat="-41.2949440" lon="174.7635490">
    <ele>49.0</ele>
   </trkpt>
   <trkpt lat="-41.2949680" lon="174.7635760">
    <ele>49.0</ele>
   </trkpt>
   <trkpt lat="-41.2949920" lon="174.7636020">
    <ele>49.0</ele>
   </trkpt>
   <trkpt lat="-41.2950160" lon="174.7636290">
    <ele>49.0</ele>
   </trkpt>
   <trkpt lat="-41.2950390" lon="174.7636550">
    <ele>49.0</ele>
   </trkpt>
   <trkpt lat="-41.2950620" lon="174.7636810">
    <ele>48.0</ele>
   </trkpt>
   <trkpt lat="-41.2950850" lon="174.7637080">
    <ele>48.0</ele>
   </trkpt>
   <trkpt lat="-41.2951080" lon="174.7637320">
    <ele>48.0</ele>
   </trkpt>
   <trkpt lat="-41.2951300" lon="174.7637570">
    <ele>48.0</ele>
   </trkpt>
   <trkpt lat="-41.2951490" lon="174.7637840">
    <ele>48.0</ele>
   </trkpt>
   <trkpt lat="-41.2951680" lon="174.7638110">
    <ele>48.0</ele>
   </trkpt>
   <trkpt lat="-41.2951820" lon="174.7638420">
    <ele>48.0</ele>
   </trkpt>
   <trkpt lat="-41.2951960" lon="174.7638730">
    <ele>48.0</ele>
   </trkpt>
   <trkpt lat="-41.2952060" lon="174.7639050">
    <ele>48.0</ele>
   </trkpt>
   <trkpt lat="-41.2952160" lon="174.7639380">
    <ele>48.0</ele>
   </trkpt>
   <trkpt lat="-41.2952210" lon="174.7639690">
    <ele>48.0</ele>
   </trkpt>
   <trkpt lat="-41.2952270" lon="174.7640000">
    <ele>48.0</ele>
   </trkpt>
   <trkpt lat="-41.2952280" lon="174.7640300">
    <ele>48.0</ele>
   </trkpt>
   <trkpt lat="-41.2952300" lon="174.7640600">
    <ele>48.0</ele>
   </trkpt>
   <trkpt lat="-41.2952290" lon="174.7640900">
    <ele>48.0</ele>
   </trkpt>
   <trkpt lat="-41.2952290" lon="174.7641200">
    <ele>47.0</ele>
   </trkpt>
   <trkpt lat="-41.2952300" lon="174.7641490">
    <ele>47.0</ele>
   </trkpt>
   <trkpt lat="-41.2952310" lon="174.7641780">
    <ele>47.0</ele>
   </trkpt>
   <trkpt lat="-41.2952300" lon="174.7642060">
    <ele>47.0</ele>
   </trkpt>
   <trkpt lat="-41.2952300" lon="174.7642340">
    <ele>47.0</ele>
   </trkpt>
   <trkpt lat="-41.2952280" lon="174.7642630">
    <ele>47.0</ele>
   </trkpt>
   <trkpt lat="-41.2952270" lon="174.7642920">
    <ele>47.0</ele>
   </trkpt>
   <trkpt lat="-41.2952270" lon="174.7643230">
    <ele>47.0</ele>
   </trkpt>
   <trkpt lat="-41.2952260" lon="174.7643540">
    <ele>47.0</ele>
   </trkpt>
   <trkpt lat="-41.2952290" lon="174.7643870">
    <ele>47.0</ele>
   </trkpt>
   <trkpt lat="-41.2952310" lon="174.7644200">
    <ele>47.0</ele>
   </trkpt>
   <trkpt lat="-41.2952330" lon="174.7644500">
    <ele>47.0</ele>
   </trkpt>
   <trkpt lat="-41.2952350" lon="174.7644790">
    <ele>47.0</ele>
   </trkpt>
   <trkpt lat="-41.2952360" lon="174.7645010">
    <ele>47.0</ele>
   </trkpt>
   <trkpt lat="-41.2952370" lon="174.7645240">
    <ele>47.0</ele>
   </trkpt>
   <trkpt lat="-41.2952380" lon="174.7645450">
    <ele>46.0</ele>
   </trkpt>
   <trkpt lat="-41.2952380" lon="174.7645650">
    <ele>46.0</ele>
   </trkpt>
   <trkpt lat="-41.2952400" lon="174.7645920">
    <ele>46.0</ele>
   </trkpt>
   <trkpt lat="-41.2952410" lon="174.7646190">
    <ele>46.0</ele>
   </trkpt>
   <trkpt lat="-41.2952440" lon="174.7646530">
    <ele>46.0</ele>
   </trkpt>
   <trkpt lat="-41.2952460" lon="174.7646870">
    <ele>46.0</ele>
   </trkpt>
   <trkpt lat="-41.2952490" lon="174.7647250">
    <ele>46.0</ele>
   </trkpt>
   <trkpt lat="-41.2952530" lon="174.7647640">
    <ele>46.0</ele>
   </trkpt>
   <trkpt lat="-41.2952560" lon="174.7648040">
    <ele>46.0</ele>
   </trkpt>
   <trkpt lat="-41.2952590" lon="174.7648430">
    <ele>46.0</ele>
   </trkpt>
   <trkpt lat="-41.2952610" lon="174.7648830">
    <ele>46.0</ele>
   </trkpt>
   <trkpt lat="-41.2952640" lon="174.7649220">
    <ele>46.0</ele>
   </trkpt>
   <trkpt lat="-41.2952640" lon="174.7649600">
    <ele>46.0</ele>
   </trkpt>
   <trkpt lat="-41.2952640" lon="174.7649990">
    <ele>46.0</ele>
   </trkpt>
   <trkpt lat="-41.2952630" lon="174.7650370">
    <ele>46.0</ele>
   </trkpt>
   <trkpt lat="-41.2952620" lon="174.7650750">
    <ele>45.0</ele>
   </trkpt>
   <trkpt lat="-41.2952620" lon="174.7651140">
    <ele>45.0</ele>
   </trkpt>
   <trkpt lat="-41.2952630" lon="174.7651520">
    <ele>44.0</ele>
   </trkpt>
   <trkpt lat="-41.2952650" lon="174.7651910">
    <ele>44.0</ele>
   </trkpt>
   <trkpt lat="-41.2952680" lon="174.7652300">
    <ele>44.0</ele>
   </trkpt>
   <trkpt lat="-41.2952720" lon="174.7652690">
    <ele>44.0</ele>
   </trkpt>
   <trkpt lat="-41.2952760" lon="174.7653070">
    <ele>44.0</ele>
   </trkpt>
   <trkpt lat="-41.2952800" lon="174.7653470">
    <ele>44.0</ele>
   </trkpt>
   <trkpt lat="-41.2952840" lon="174.7653870">
    <ele>44.0</ele>
   </trkpt>
   <trkpt lat="-41.2952870" lon="174.7654270">
    <ele>44.0</ele>
   </trkpt>
   <trkpt lat="-41.2952900" lon="174.7654680">
    <ele>43.0</ele>
   </trkpt>
   <trkpt lat="-41.2952930" lon="174.7655090">
    <ele>43.0</ele>
   </trkpt>
   <trkpt lat="-41.2952950" lon="174.7655490">
    <ele>43.0</ele>
   </trkpt>
   <trkpt lat="-41.2952990" lon="174.7655880">
    <ele>43.0</ele>
   </trkpt>
   <trkpt lat="-41.2953020" lon="174.7656270">
    <ele>43.0</ele>
   </trkpt>
   <trkpt lat="-41.2953040" lon="174.7656640">
    <ele>43.0</ele>
   </trkpt>
   <trkpt lat="-41.2953070" lon="174.7657010">
    <ele>43.0</ele>
   </trkpt>
   <trkpt lat="-41.2953080" lon="174.7657400">
    <ele>43.0</ele>
   </trkpt>
   <trkpt lat="-41.2953100" lon="174.7657780">
    <ele>43.0</ele>
   </trkpt>
   <trkpt lat="-41.2953110" lon="174.7658160">
    <ele>43.0</ele>
   </trkpt>
   <trkpt lat="-41.2953120" lon="174.7658540">
    <ele>42.0</ele>
   </trkpt>
   <trkpt lat="-41.2953130" lon="174.7658900">
    <ele>42.0</ele>
   </trkpt>
   <trkpt lat="-41.2953140" lon="174.7659250">
    <ele>42.0</ele>
   </trkpt>
   <trkpt lat="-41.2953160" lon="174.7659590">
    <ele>42.0</ele>
   </trkpt>
   <trkpt lat="-41.2953180" lon="174.7659940">
    <ele>42.0</ele>
   </trkpt>
   <trkpt lat="-41.2953210" lon="174.7660260">
    <ele>42.0</ele>
   </trkpt>
   <trkpt lat="-41.2953230" lon="174.7660590">
    <ele>42.0</ele>
   </trkpt>
   <trkpt lat="-41.2953230" lon="174.7660860">
    <ele>42.0</ele>
   </trkpt>
   <trkpt lat="-41.2953220" lon="174.7661140">
    <ele>42.0</ele>
   </trkpt>
   <trkpt lat="-41.2953170" lon="174.7661370">
    <ele>42.0</ele>
   </trkpt>
   <trkpt lat="-41.2953130" lon="174.7661610">
    <ele>41.0</ele>
   </trkpt>
   <trkpt lat="-41.2953050" lon="174.7661860">
    <ele>41.0</ele>
   </trkpt>
   <trkpt lat="-41.2952970" lon="174.7662110">
    <ele>41.0</ele>
   </trkpt>
   <trkpt lat="-41.2952890" lon="174.7662400">
    <ele>41.0</ele>
   </trkpt>
   <trkpt lat="-41.2952820" lon="174.7662690">
    <ele>41.0</ele>
   </trkpt>
   <trkpt lat="-41.2952760" lon="174.7663010">
    <ele>41.0</ele>
   </trkpt>
   <trkpt lat="-41.2952710" lon="174.7663330">
    <ele>41.0</ele>
   </trkpt>
   <trkpt lat="-41.2952680" lon="174.7663650">
    <ele>41.0</ele>
   </trkpt>
   <trkpt lat="-41.2952650" lon="174.7663960">
    <ele>41.0</ele>
   </trkpt>
   <trkpt lat="-41.2952650" lon="174.7664240">
    <ele>41.0</ele>
   </trkpt>
   <trkpt lat="-41.2952660" lon="174.7664520">
    <ele>41.0</ele>
   </trkpt>
   <trkpt lat="-41.2952670" lon="174.7664740">
    <ele>41.0</ele>
   </trkpt>
   <trkpt lat="-41.2952680" lon="174.7664960">
    <ele>41.0</ele>
   </trkpt>
   <trkpt lat="-41.2952720" lon="174.7665130">
    <ele>41.0</ele>
   </trkpt>
   <trkpt lat="-41.2952760" lon="174.7665300">
    <ele>41.0</ele>
   </trkpt>
   <trkpt lat="-41.2952850" lon="174.7665440">
    <ele>40.0</ele>
   </trkpt>
   <trkpt lat="-41.2952940" lon="174.7665570">
    <ele>40.0</ele>
   </trkpt>
   <trkpt lat="-41.2953040" lon="174.7665680">
    <ele>40.0</ele>
   </trkpt>
   <trkpt lat="-41.2953150" lon="174.7665800">
    <ele>40.0</ele>
   </trkpt>
   <trkpt lat="-41.2953240" lon="174.7665930">
    <ele>40.0</ele>
   </trkpt>
   <trkpt lat="-41.2953330" lon="174.7666070">
    <ele>40.0</ele>
   </trkpt>
   <trkpt lat="-41.2953400" lon="174.7666210">
    <ele>40.0</ele>
   </trkpt>
   <trkpt lat="-41.2953470" lon="174.7666360">
    <ele>40.0</ele>
   </trkpt>
   <trkpt lat="-41.2953520" lon="174.7666500">
    <ele>40.0</ele>
   </trkpt>
   <trkpt lat="-41.2953570" lon="174.7666650">
    <ele>40.0</ele>
   </trkpt>
   <trkpt lat="-41.2953590" lon="174.7666800">
    <ele>40.0</ele>
   </trkpt>
   <trkpt lat="-41.2953620" lon="174.7666960">
    <ele>40.0</ele>
   </trkpt>
   <trkpt lat="-41.2953620" lon="174.7667110">
    <ele>40.0</ele>
   </trkpt>
   <trkpt lat="-41.2953620" lon="174.7667270">
    <ele>40.0</ele>
   </trkpt>
   <trkpt lat="-41.2953620" lon="174.7667420">
    <ele>40.0</ele>
   </trkpt>
   <trkpt lat="-41.2953610" lon="174.7667570">
    <ele>39.0</ele>
   </trkpt>
   <trkpt lat="-41.2953610" lon="174.7667730">
    <ele>39.0</ele>
   </trkpt>
   <trkpt lat="-41.2953600" lon="174.7667890">
    <ele>39.0</ele>
   </trkpt>
   <trkpt lat="-41.2953610" lon="174.7668050">
    <ele>39.0</ele>
   </trkpt>
   <trkpt lat="-41.2953620" lon="174.7668220">
    <ele>39.0</ele>
   </trkpt>
   <trkpt lat="-41.2953630" lon="174.7668380">
    <ele>39.0</ele>
   </trkpt>
   <trkpt lat="-41.2953640" lon="174.7668530">
    <ele>39.0</ele>
   </trkpt>
   <trkpt lat="-41.2953630" lon="174.7668700">
    <ele>39.0</ele>
   </trkpt>
   <trkpt lat="-41.2953620" lon="174.7668870">
    <ele>39.0</ele>
   </trkpt>
   <trkpt lat="-41.2953600" lon="174.7669070">
    <ele>39.0</ele>
   </trkpt>
   <trkpt lat="-41.2953580" lon="174.7669280">
    <ele>39.0</ele>
   </trkpt>
   <trkpt lat="-41.2953540" lon="174.7669480">
    <ele>39.0</ele>
   </trkpt>
   <trkpt lat="-41.2953460" lon="174.7670140">
    <ele>39.0</ele>
   </trkpt>
   <trkpt lat="-41.2953420" lon="174.7670590">
    <ele>39.0</ele>
   </trkpt>
   <trkpt lat="-41.2953380" lon="174.7671030">
    <ele>39.0</ele>
   </trkpt>
   <trkpt lat="-41.2953330" lon="174.7671480">
    <ele>38.0</ele>
   </trkpt>
   <trkpt lat="-41.2953290" lon="174.7671930">
    <ele>38.0</ele>
   </trkpt>
   <trkpt lat="-41.2953250" lon="174.7672380">
    <ele>38.0</ele>
   </trkpt>
   <trkpt lat="-41.2953210" lon="174.7672820">
    <ele>38.0</ele>
   </trkpt>
   <trkpt lat="-41.2953170" lon="174.7673270">
    <ele>38.0</ele>
   </trkpt>
   <trkpt lat="-41.2953130" lon="174.7673720">
    <ele>38.0</ele>
   </trkpt>
   <trkpt lat="-41.2953080" lon="174.7674170">
    <ele>38.0</ele>
   </trkpt>
   <trkpt lat="-41.2953040" lon="174.7674610">
    <ele>38.0</ele>
   </trkpt>
   <trkpt lat="-41.2953000" lon="174.7675060">
    <ele>38.0</ele>
   </trkpt>
   <trkpt lat="-41.2952960" lon="174.7675510">
    <ele>39.0</ele>
   </trkpt>
   <trkpt lat="-41.2952970" lon="174.7675720">
    <ele>39.0</ele>
   </trkpt>
   <trkpt lat="-41.2952970" lon="174.7675980">
    <ele>39.0</ele>
   </trkpt>
   <trkpt lat="-41.2952980" lon="174.7676240">
    <ele>39.0</ele>
   </trkpt>
   <trkpt lat="-41.2952970" lon="174.7676530">
    <ele>39.0</ele>
   </trkpt>
   <trkpt lat="-41.2952970" lon="174.7676820">
    <ele>39.0</ele>
   </trkpt>
   <trkpt lat="-41.2952970" lon="174.7677110">
    <ele>39.0</ele>
   </trkpt>
   <trkpt lat="-41.2952960" lon="174.7677400">
    <ele>39.0</ele>
   </trkpt>
   <trkpt lat="-41.2952970" lon="174.7677680">
    <ele>39.0</ele>
   </trkpt>
   <trkpt lat="-41.2952980" lon="174.7677960">
    <ele>39.0</ele>
   </trkpt>
   <trkpt lat="-41.2952990" lon="174.7678180">
    <ele>39.0</ele>
   </trkpt>
   <trkpt lat="-41.2953000" lon="174.7678410">
    <ele>39.0</ele>
   </trkpt>
   <trkpt lat="-41.2953000" lon="174.7678590">
    <ele>39.0</ele>
   </trkpt>
   <trkpt lat="-41.2953000" lon="174.7678760">
    <ele>39.0</ele>
   </trkpt>
   <trkpt lat="-41.2953030" lon="174.7678940">
    <ele>39.0</ele>
   </trkpt>
   <trkpt lat="-41.2953060" lon="174.7679110">
    <ele>39.0</ele>
   </trkpt>
   <trkpt lat="-41.2953100" lon="174.7679320">
    <ele>39.0</ele>
   </trkpt>
   <trkpt lat="-41.2953140" lon="174.7679520">
    <ele>39.0</ele>
   </trkpt>
   <trkpt lat="-41.2953150" lon="174.7679770">
    <ele>39.0</ele>
   </trkpt>
   <trkpt lat="-41.2953150" lon="174.7680020">
    <ele>39.0</ele>
   </trkpt>
   <trkpt lat="-41.2953090" lon="174.7680300">
    <ele>39.0</ele>
   </trkpt>
   <trkpt lat="-41.2953030" lon="174.7680580">
    <ele>39.0</ele>
   </trkpt>
   <trkpt lat="-41.2952920" lon="174.7680900">
    <ele>39.0</ele>
   </trkpt>
   <trkpt lat="-41.2952810" lon="174.7681210">
    <ele>39.0</ele>
   </trkpt>
   <trkpt lat="-41.2952690" lon="174.7681560">
    <ele>39.0</ele>
   </trkpt>
   <trkpt lat="-41.2952570" lon="174.7681910">
    <ele>39.0</ele>
   </trkpt>
   <trkpt lat="-41.2952460" lon="174.7682280">
    <ele>39.0</ele>
   </trkpt>
   <trkpt lat="-41.2952360" lon="174.7682660">
    <ele>39.0</ele>
   </trkpt>
   <trkpt lat="-41.2952260" lon="174.7683040">
    <ele>39.0</ele>
   </trkpt>
   <trkpt lat="-41.2952150" lon="174.7683420">
    <ele>39.0</ele>
   </trkpt>
   <trkpt lat="-41.2952070" lon="174.7683780">
    <ele>39.0</ele>
   </trkpt>
   <trkpt lat="-41.2951990" lon="174.7684150">
    <ele>39.0</ele>
   </trkpt>
   <trkpt lat="-41.2951920" lon="174.7684500">
    <ele>39.0</ele>
   </trkpt>
   <trkpt lat="-41.2951860" lon="174.7684850">
    <ele>39.0</ele>
   </trkpt>
   <trkpt lat="-41.2951810" lon="174.7685190">
    <ele>39.0</ele>
   </trkpt>
   <trkpt lat="-41.2951770" lon="174.7685530">
    <ele>39.0</ele>
   </trkpt>
   <trkpt lat="-41.2951720" lon="174.7685870">
    <ele>39.0</ele>
   </trkpt>
   <trkpt lat="-41.2951670" lon="174.7686210">
    <ele>39.0</ele>
   </trkpt>
   <trkpt lat="-41.2951610" lon="174.7686510">
    <ele>39.0</ele>
   </trkpt>
   <trkpt lat="-41.2951550" lon="174.7686820">
    <ele>39.0</ele>
   </trkpt>
   <trkpt lat="-41.2951470" lon="174.7687080">
    <ele>39.0</ele>
   </trkpt>
   <trkpt lat="-41.2951390" lon="174.7687350">
    <ele>38.0</ele>
   </trkpt>
   <trkpt lat="-41.2951300" lon="174.7687600">
    <ele>38.0</ele>
   </trkpt>
   <trkpt lat="-41.2951200" lon="174.7687850">
    <ele>38.0</ele>
   </trkpt>
   <trkpt lat="-41.2951080" lon="174.7688110">
    <ele>38.0</ele>
   </trkpt>
   <trkpt lat="-41.2950970" lon="174.7688370">
    <ele>38.0</ele>
   </trkpt>
   <trkpt lat="-41.2950850" lon="174.7688660">
    <ele>38.0</ele>
   </trkpt>
   <trkpt lat="-41.2950720" lon="174.7688950">
    <ele>38.0</ele>
   </trkpt>
   <trkpt lat="-41.2950640" lon="174.7689260">
    <ele>38.0</ele>
   </trkpt>
   <trkpt lat="-41.2950550" lon="174.7689570">
    <ele>38.0</ele>
   </trkpt>
   <trkpt lat="-41.2950530" lon="174.7689880">
    <ele>38.0</ele>
   </trkpt>
   <trkpt lat="-41.2950510" lon="174.7690190">
    <ele>38.0</ele>
   </trkpt>
   <trkpt lat="-41.2950570" lon="174.7690490">
    <ele>38.0</ele>
   </trkpt>
   <trkpt lat="-41.2950640" lon="174.7690780">
    <ele>38.0</ele>
   </trkpt>
   <trkpt lat="-41.2950760" lon="174.7691080">
    <ele>38.0</ele>
   </trkpt>
   <trkpt lat="-41.2950890" lon="174.7691380">
    <ele>38.0</ele>
   </trkpt>
   <trkpt lat="-41.2951030" lon="174.7691730">
    <ele>38.0</ele>
   </trkpt>
   <trkpt lat="-41.2951170" lon="174.7692080">
    <ele>38.0</ele>
   </trkpt>
   <trkpt lat="-41.2951310" lon="174.7692450">
    <ele>38.0</ele>
   </trkpt>
   <trkpt lat="-41.2951450" lon="174.7692820">
    <ele>38.0</ele>
   </trkpt>
   <trkpt lat="-41.2951580" lon="174.7693190">
    <ele>38.0</ele>
   </trkpt>
   <trkpt lat="-41.2951710" lon="174.7693560">
    <ele>38.0</ele>
   </trkpt>
   <trkpt lat="-41.2951830" lon="174.7693940">
    <ele>38.0</ele>
   </trkpt>
   <trkpt lat="-41.2951940" lon="174.7694310">
    <ele>38.0</ele>
   </trkpt>
   <trkpt lat="-41.2952060" lon="174.7694680">
    <ele>38.0</ele>
   </trkpt>
   <trkpt lat="-41.2952180" lon="174.7695040">
    <ele>38.0</ele>
   </trkpt>
   <trkpt lat="-41.2952250" lon="174.7695370">
    <ele>38.0</ele>
   </trkpt>
   <trkpt lat="-41.2952330" lon="174.7695710">
    <ele>38.0</ele>
   </trkpt>
   <trkpt lat="-41.2952270" lon="174.7695980">
    <ele>38.0</ele>
   </trkpt>
   <trkpt lat="-41.2952220" lon="174.7696250">
    <ele>38.0</ele>
   </trkpt>
   <trkpt lat="-41.2952050" lon="174.7696440">
    <ele>38.0</ele>
   </trkpt>
   <trkpt lat="-41.2951880" lon="174.7696640">
    <ele>37.0</ele>
   </trkpt>
   <trkpt lat="-41.2951650" lon="174.7696780">
    <ele>37.0</ele>
   </trkpt>
   <trkpt lat="-41.2951410" lon="174.7696920">
    <ele>37.0</ele>
   </trkpt>
   <trkpt lat="-41.2951160" lon="174.7697040">
    <ele>37.0</ele>
   </trkpt>
   <trkpt lat="-41.2950920" lon="174.7697170">
    <ele>37.0</ele>
   </trkpt>
   <trkpt lat="-41.2950670" lon="174.7697290">
    <ele>37.0</ele>
   </trkpt>
   <trkpt lat="-41.2950420" lon="174.7697410">
    <ele>37.0</ele>
   </trkpt>
   <trkpt lat="-41.2950170" lon="174.7697540">
    <ele>37.0</ele>
   </trkpt>
   <trkpt lat="-41.2949930" lon="174.7697660">
    <ele>37.0</ele>
   </trkpt>
   <trkpt lat="-41.2949710" lon="174.7697810">
    <ele>37.0</ele>
   </trkpt>
   <trkpt lat="-41.2949490" lon="174.7697960">
    <ele>37.0</ele>
   </trkpt>
   <trkpt lat="-41.2949290" lon="174.7698170">
    <ele>37.0</ele>
   </trkpt>
   <trkpt lat="-41.2949100" lon="174.7698390">
    <ele>37.0</ele>
   </trkpt>
   <trkpt lat="-41.2948930" lon="174.7698650">
    <ele>37.0</ele>
   </trkpt>
   <trkpt lat="-41.2948760" lon="174.7698910">
    <ele>37.0</ele>
   </trkpt>
   <trkpt lat="-41.2948570" lon="174.7699190">
    <ele>37.0</ele>
   </trkpt>
   <trkpt lat="-41.2948390" lon="174.7699470">
    <ele>37.0</ele>
   </trkpt>
   <trkpt lat="-41.2948170" lon="174.7699730">
    <ele>37.0</ele>
   </trkpt>
   <trkpt lat="-41.2947950" lon="174.7699990">
    <ele>37.0</ele>
   </trkpt>
   <trkpt lat="-41.2947690" lon="174.7700190">
    <ele>37.0</ele>
   </trkpt>
   <trkpt lat="-41.2947430" lon="174.7700400">
    <ele>37.0</ele>
   </trkpt>
   <trkpt lat="-41.2947170" lon="174.7700590">
    <ele>37.0</ele>
   </trkpt>
   <trkpt lat="-41.2946910" lon="174.7700790">
    <ele>37.0</ele>
   </trkpt>
   <trkpt lat="-41.2946650" lon="174.7700980">
    <ele>37.0</ele>
   </trkpt>
   <trkpt lat="-41.2946390" lon="174.7701170">
    <ele>37.0</ele>
   </trkpt>
   <trkpt lat="-41.2946130" lon="174.7701340">
    <ele>37.0</ele>
   </trkpt>
   <trkpt lat="-41.2945870" lon="174.7701520">
    <ele>37.0</ele>
   </trkpt>
   <trkpt lat="-41.2945620" lon="174.7701680">
    <ele>37.0</ele>
   </trkpt>
   <trkpt lat="-41.2945360" lon="174.7701840">
    <ele>37.0</ele>
   </trkpt>
   <trkpt lat="-41.2945100" lon="174.7701990">
    <ele>37.0</ele>
   </trkpt>
   <trkpt lat="-41.2944850" lon="174.7702140">
    <ele>37.0</ele>
   </trkpt>
   <trkpt lat="-41.2944600" lon="174.7702280">
    <ele>37.0</ele>
   </trkpt>
   <trkpt lat="-41.2944350" lon="174.7702420">
    <ele>37.0</ele>
   </trkpt>
   <trkpt lat="-41.2944110" lon="174.7702550">
    <ele>37.0</ele>
   </trkpt>
   <trkpt lat="-41.2943880" lon="174.7702680">
    <ele>37.0</ele>
   </trkpt>
   <trkpt lat="-41.2943660" lon="174.7702820">
    <ele>37.0</ele>
   </trkpt>
   <trkpt lat="-41.2943450" lon="174.7702950">
    <ele>37.0</ele>
   </trkpt>
   <trkpt lat="-41.2943240" lon="174.7703100">
    <ele>37.0</ele>
   </trkpt>
   <trkpt lat="-41.2943040" lon="174.7703260">
    <ele>37.0</ele>
   </trkpt>
   <trkpt lat="-41.2942840" lon="174.7703430">
    <ele>37.0</ele>
   </trkpt>
   <trkpt lat="-41.2942640" lon="174.7703600">
    <ele>37.0</ele>
   </trkpt>
   <trkpt lat="-41.2942500" lon="174.7703810">
    <ele>37.0</ele>
   </trkpt>
   <trkpt lat="-41.2942370" lon="174.7704020">
    <ele>37.0</ele>
   </trkpt>
   <trkpt lat="-41.2942350" lon="174.7704280">
    <ele>37.0</ele>
   </trkpt>
   <trkpt lat="-41.2942340" lon="174.7704550">
    <ele>37.0</ele>
   </trkpt>
   <trkpt lat="-41.2942430" lon="174.7704860">
    <ele>37.0</ele>
   </trkpt>
   <trkpt lat="-41.2942510" lon="174.7705170">
    <ele>37.0</ele>
   </trkpt>
   <trkpt lat="-41.2942580" lon="174.7705500">
    <ele>37.0</ele>
   </trkpt>
   <trkpt lat="-41.2942650" lon="174.7705830">
    <ele>37.0</ele>
   </trkpt>
   <trkpt lat="-41.2942620" lon="174.7706120">
    <ele>37.0</ele>
   </trkpt>
   <trkpt lat="-41.2942580" lon="174.7706420">
    <ele>37.0</ele>
   </trkpt>
   <trkpt lat="-41.2942410" lon="174.7706630">
    <ele>37.0</ele>
   </trkpt>
   <trkpt lat="-41.2942240" lon="174.7706850">
    <ele>37.0</ele>
   </trkpt>
   <trkpt lat="-41.2941990" lon="174.7707050">
    <ele>37.0</ele>
   </trkpt>
   <trkpt lat="-41.2941750" lon="174.7707250">
    <ele>37.0</ele>
   </trkpt>
   <trkpt lat="-41.2941480" lon="174.7707450">
    <ele>37.0</ele>
   </trkpt>
   <trkpt lat="-41.2941220" lon="174.7707640">
    <ele>37.0</ele>
   </trkpt>
   <trkpt lat="-41.2940960" lon="174.7707800">
    <ele>37.0</ele>
   </trkpt>
   <trkpt lat="-41.2940700" lon="174.7707960">
    <ele>37.0</ele>
   </trkpt>
   <trkpt lat="-41.2940450" lon="174.7708090">
    <ele>38.0</ele>
   </trkpt>
   <trkpt lat="-41.2940200" lon="174.7708230">
    <ele>38.0</ele>
   </trkpt>
   <trkpt lat="-41.2939960" lon="174.7708360">
    <ele>38.0</ele>
   </trkpt>
   <trkpt lat="-41.2939710" lon="174.7708490">
    <ele>38.0</ele>
   </trkpt>
   <trkpt lat="-41.2939470" lon="174.7708610">
    <ele>38.0</ele>
   </trkpt>
   <trkpt lat="-41.2939240" lon="174.7708730">
    <ele>38.0</ele>
   </trkpt>
   <trkpt lat="-41.2939000" lon="174.7708860">
    <ele>38.0</ele>
   </trkpt>
   <trkpt lat="-41.2938750" lon="174.7708990">
    <ele>38.0</ele>
   </trkpt>
   <trkpt lat="-41.2938510" lon="174.7709110">
    <ele>38.0</ele>
   </trkpt>
   <trkpt lat="-41.2938270" lon="174.7709230">
    <ele>38.0</ele>
   </trkpt>
   <trkpt lat="-41.2938030" lon="174.7709320">
    <ele>38.0</ele>
   </trkpt>
   <trkpt lat="-41.2937800" lon="174.7709400">
    <ele>38.0</ele>
   </trkpt>
   <trkpt lat="-41.2937560" lon="174.7709460">
    <ele>38.0</ele>
   </trkpt>
   <trkpt lat="-41.2937320" lon="174.7709510">
    <ele>38.0</ele>
   </trkpt>
   <trkpt lat="-41.2937080" lon="174.7709550">
    <ele>38.0</ele>
   </trkpt>
   <trkpt lat="-41.2936840" lon="174.7709590">
    <ele>38.0</ele>
   </trkpt>
   <trkpt lat="-41.2936600" lon="174.7709630">
    <ele>38.0</ele>
   </trkpt>
   <trkpt lat="-41.2936350" lon="174.7709670">
    <ele>38.0</ele>
   </trkpt>
   <trkpt lat="-41.2936080" lon="174.7709710">
    <ele>38.0</ele>
   </trkpt>
   <trkpt lat="-41.2935810" lon="174.7709750">
    <ele>38.0</ele>
   </trkpt>
   <trkpt lat="-41.2935520" lon="174.7709810">
    <ele>38.0</ele>
   </trkpt>
   <trkpt lat="-41.2935230" lon="174.7709880">
    <ele>38.0</ele>
   </trkpt>
   <trkpt lat="-41.2934930" lon="174.7709970">
    <ele>38.0</ele>
   </trkpt>
   <trkpt lat="-41.2934630" lon="174.7710060">
    <ele>38.0</ele>
   </trkpt>
   <trkpt lat="-41.2934330" lon="174.7710170">
    <ele>38.0</ele>
   </trkpt>
   <trkpt lat="-41.2934030" lon="174.7710280">
    <ele>38.0</ele>
   </trkpt>
   <trkpt lat="-41.2933730" lon="174.7710410">
    <ele>38.0</ele>
   </trkpt>
   <trkpt lat="-41.2933440" lon="174.7710540">
    <ele>38.0</ele>
   </trkpt>
   <trkpt lat="-41.2933140" lon="174.7710680">
    <ele>38.0</ele>
   </trkpt>
   <trkpt lat="-41.2932850" lon="174.7710820">
    <ele>38.0</ele>
   </trkpt>
   <trkpt lat="-41.2932560" lon="174.7710940">
    <ele>38.0</ele>
   </trkpt>
   <trkpt lat="-41.2932280" lon="174.7711070">
    <ele>37.0</ele>
   </trkpt>
   <trkpt lat="-41.2932010" lon="174.7711180">
    <ele>37.0</ele>
   </trkpt>
   <trkpt lat="-41.2931740" lon="174.7711300">
    <ele>37.0</ele>
   </trkpt>
   <trkpt lat="-41.2931480" lon="174.7711430">
    <ele>37.0</ele>
   </trkpt>
   <trkpt lat="-41.2931210" lon="174.7711550">
    <ele>37.0</ele>
   </trkpt>
   <trkpt lat="-41.2930950" lon="174.7711690">
    <ele>37.0</ele>
   </trkpt>
   <trkpt lat="-41.2930680" lon="174.7711820">
    <ele>37.0</ele>
   </trkpt>
   <trkpt lat="-41.2930410" lon="174.7711960">
    <ele>37.0</ele>
   </trkpt>
   <trkpt lat="-41.2930140" lon="174.7712100">
    <ele>37.0</ele>
   </trkpt>
   <trkpt lat="-41.2929860" lon="174.7712240">
    <ele>37.0</ele>
   </trkpt>
   <trkpt lat="-41.2929580" lon="174.7712370">
    <ele>36.0</ele>
   </trkpt>
   <trkpt lat="-41.2929310" lon="174.7712510">
    <ele>36.0</ele>
   </trkpt>
   <trkpt lat="-41.2929030" lon="174.7712640">
    <ele>36.0</ele>
   </trkpt>
   <trkpt lat="-41.2928770" lon="174.7712780">
    <ele>36.0</ele>
   </trkpt>
   <trkpt lat="-41.2928510" lon="174.7712920">
    <ele>36.0</ele>
   </trkpt>
   <trkpt lat="-41.2928250" lon="174.7713060">
    <ele>36.0</ele>
   </trkpt>
   <trkpt lat="-41.2927990" lon="174.7713210">
    <ele>36.0</ele>
   </trkpt>
   <trkpt lat="-41.2927710" lon="174.7713350">
    <ele>36.0</ele>
   </trkpt>
   <trkpt lat="-41.2927440" lon="174.7713490">
    <ele>36.0</ele>
   </trkpt>
   <trkpt lat="-41.2927140" lon="174.7713630">
    <ele>36.0</ele>
   </trkpt>
   <trkpt lat="-41.2926850" lon="174.7713770">
    <ele>35.0</ele>
   </trkpt>
   <trkpt lat="-41.2926530" lon="174.7713920">
    <ele>35.0</ele>
   </trkpt>
   <trkpt lat="-41.2926220" lon="174.7714070">
    <ele>35.0</ele>
   </trkpt>
   <trkpt lat="-41.2925900" lon="174.7714230">
    <ele>35.0</ele>
   </trkpt>
   <trkpt lat="-41.2925580" lon="174.7714380">
    <ele>35.0</ele>
   </trkpt>
   <trkpt lat="-41.2925280" lon="174.7714530">
    <ele>35.0</ele>
   </trkpt>
   <trkpt lat="-41.2924980" lon="174.7714680">
    <ele>35.0</ele>
   </trkpt>
   <trkpt lat="-41.2924690" lon="174.7714800">
    <ele>35.0</ele>
   </trkpt>
   <trkpt lat="-41.2924400" lon="174.7714930">
    <ele>35.0</ele>
   </trkpt>
   <trkpt lat="-41.2924120" lon="174.7715030">
    <ele>35.0</ele>
   </trkpt>
   <trkpt lat="-41.2923840" lon="174.7715140">
    <ele>34.0</ele>
   </trkpt>
   <trkpt lat="-41.2923550" lon="174.7715200">
    <ele>34.0</ele>
   </trkpt>
   <trkpt lat="-41.2923270" lon="174.7715270">
    <ele>34.0</ele>
   </trkpt>
   <trkpt lat="-41.2922990" lon="174.7715300">
    <ele>34.0</ele>
   </trkpt>
   <trkpt lat="-41.2922710" lon="174.7715330">
    <ele>34.0</ele>
   </trkpt>
   <trkpt lat="-41.2922440" lon="174.7715340">
    <ele>34.0</ele>
   </trkpt>
   <trkpt lat="-41.2922160" lon="174.7715340">
    <ele>34.0</ele>
   </trkpt>
   <trkpt lat="-41.2921890" lon="174.7715360">
    <ele>34.0</ele>
   </trkpt>
   <trkpt lat="-41.2921610" lon="174.7715380">
    <ele>34.0</ele>
   </trkpt>
   <trkpt lat="-41.2921350" lon="174.7715430">
    <ele>34.0</ele>
   </trkpt>
   <trkpt lat="-41.2921100" lon="174.7715480">
    <ele>33.0</ele>
   </trkpt>
   <trkpt lat="-41.2920860" lon="174.7715570">
    <ele>33.0</ele>
   </trkpt>
   <trkpt lat="-41.2920620" lon="174.7715660">
    <ele>33.0</ele>
   </trkpt>
   <trkpt lat="-41.2920390" lon="174.7715810">
    <ele>33.0</ele>
   </trkpt>
   <trkpt lat="-41.2920170" lon="174.7715960">
    <ele>33.0</ele>
   </trkpt>
   <trkpt lat="-41.2919970" lon="174.7716210">
    <ele>33.0</ele>
   </trkpt>
   <trkpt lat="-41.2919760" lon="174.7716450">
    <ele>33.0</ele>
   </trkpt>
   <trkpt lat="-41.2919620" lon="174.7716790">
    <ele>33.0</ele>
   </trkpt>
   <trkpt lat="-41.2919470" lon="174.7717120">
    <ele>33.0</ele>
   </trkpt>
   <trkpt lat="-41.2919410" lon="174.7717530">
    <ele>34.0</ele>
   </trkpt>
   <trkpt lat="-41.2919360" lon="174.7717930">
    <ele>34.0</ele>
   </trkpt>
   <trkpt lat="-41.2919400" lon="174.7718340">
    <ele>34.0</ele>
   </trkpt>
   <trkpt lat="-41.2919450" lon="174.7718760">
    <ele>34.0</ele>
   </trkpt>
   <trkpt lat="-41.2919570" lon="174.7719150">
    <ele>34.0</ele>
   </trkpt>
   <trkpt lat="-41.2919700" lon="174.7719540">
    <ele>34.0</ele>
   </trkpt>
   <trkpt lat="-41.2919840" lon="174.7719900">
    <ele>34.0</ele>
   </trkpt>
   <trkpt lat="-41.2919980" lon="174.7720260">
    <ele>34.0</ele>
   </trkpt>
   <trkpt lat="-41.2920130" lon="174.7720620">
    <ele>34.0</ele>
   </trkpt>
   <trkpt lat="-41.2920270" lon="174.7720980">
    <ele>34.0</ele>
   </trkpt>
   <trkpt lat="-41.2920400" lon="174.7721350">
    <ele>34.0</ele>
   </trkpt>
   <trkpt lat="-41.2920530" lon="174.7721720">
    <ele>33.0</ele>
   </trkpt>
   <trkpt lat="-41.2920650" lon="174.7722110">
    <ele>33.0</ele>
   </trkpt>
   <trkpt lat="-41.2920770" lon="174.7722490">
    <ele>33.0</ele>
   </trkpt>
   <trkpt lat="-41.2920860" lon="174.7722870">
    <ele>33.0</ele>
   </trkpt>
   <trkpt lat="-41.2920960" lon="174.7723250">
    <ele>33.0</ele>
   </trkpt>
   <trkpt lat="-41.2921060" lon="174.7723620">
    <ele>33.0</ele>
   </trkpt>
   <trkpt lat="-41.2921150" lon="174.7723990">
    <ele>33.0</ele>
   </trkpt>
   <trkpt lat="-41.2921240" lon="174.7724350">
    <ele>33.0</ele>
   </trkpt>
   <trkpt lat="-41.2921340" lon="174.7724710">
    <ele>33.0</ele>
   </trkpt>
   <trkpt lat="-41.2921430" lon="174.7725060">
    <ele>33.0</ele>
   </trkpt>
   <trkpt lat="-41.2921530" lon="174.7725410">
    <ele>32.0</ele>
   </trkpt>
   <trkpt lat="-41.2921620" lon="174.7725760">
    <ele>32.0</ele>
   </trkpt>
   <trkpt lat="-41.2921720" lon="174.7726120">
    <ele>32.0</ele>
   </trkpt>
   <trkpt lat="-41.2921810" lon="174.7726470">
    <ele>32.0</ele>
   </trkpt>
   <trkpt lat="-41.2921900" lon="174.7726820">
    <ele>32.0</ele>
   </trkpt>
   <trkpt lat="-41.2921980" lon="174.7727170">
    <ele>31.0</ele>
   </trkpt>
   <trkpt lat="-41.2922060" lon="174.7727510">
    <ele>31.0</ele>
   </trkpt>
   <trkpt lat="-41.2922080" lon="174.7727840">
    <ele>31.0</ele>
   </trkpt>
   <trkpt lat="-41.2922110" lon="174.7728170">
    <ele>31.0</ele>
   </trkpt>
   <trkpt lat="-41.2922030" lon="174.7728490">
    <ele>31.0</ele>
   </trkpt>
   <trkpt lat="-41.2921950" lon="174.7728820">
    <ele>30.0</ele>
   </trkpt>
   <trkpt lat="-41.2921810" lon="174.7729140">
    <ele>30.0</ele>
   </trkpt>
   <trkpt lat="-41.2921670" lon="174.7729470">
    <ele>30.0</ele>
   </trkpt>
   <trkpt lat="-41.2921500" lon="174.7729780">
    <ele>30.0</ele>
   </trkpt>
   <trkpt lat="-41.2921340" lon="174.7730100">
    <ele>30.0</ele>
   </trkpt>
   <trkpt lat="-41.2921150" lon="174.7730400">
    <ele>29.0</ele>
   </trkpt>
   <trkpt lat="-41.2920960" lon="174.7730690">
    <ele>29.0</ele>
   </trkpt>
   <trkpt lat="-41.2920710" lon="174.7730930">
    <ele>29.0</ele>
   </trkpt>
   <trkpt lat="-41.2920470" lon="174.7731160">
    <ele>29.0</ele>
   </trkpt>
   <trkpt lat="-41.2920170" lon="174.7731310">
    <ele>29.0</ele>
   </trkpt>
   <trkpt lat="-41.2919870" lon="174.7731460">
    <ele>28.0</ele>
   </trkpt>
   <trkpt lat="-41.2919550" lon="174.7731550">
    <ele>28.0</ele>
   </trkpt>
   <trkpt lat="-41.2919230" lon="174.7731650">
    <ele>28.0</ele>
   </trkpt>
   <trkpt lat="-41.2918930" lon="174.7731730">
    <ele>28.0</ele>
   </trkpt>
   <trkpt lat="-41.2918630" lon="174.7731810">
    <ele>28.0</ele>
   </trkpt>
   <trkpt lat="-41.2918330" lon="174.7731860">
    <ele>28.0</ele>
   </trkpt>
   <trkpt lat="-41.2918030" lon="174.7731910">
    <ele>28.0</ele>
   </trkpt>
   <trkpt lat="-41.2917740" lon="174.7731950">
    <ele>28.0</ele>
   </trkpt>
   <trkpt lat="-41.2917450" lon="174.7731990">
    <ele>28.0</ele>
   </trkpt>
   <trkpt lat="-41.2917170" lon="174.7732070">
    <ele>28.0</ele>
   </trkpt>
   <trkpt lat="-41.2916900" lon="174.7732150">
    <ele>27.0</ele>
   </trkpt>
   <trkpt lat="-41.2916660" lon="174.7732230">
    <ele>27.0</ele>
   </trkpt>
   <trkpt lat="-41.2916420" lon="174.7732330">
    <ele>27.0</ele>
   </trkpt>
   <trkpt lat="-41.2916200" lon="174.7732390">
    <ele>27.0</ele>
   </trkpt>
   <trkpt lat="-41.2915980" lon="174.7732450">
    <ele>27.0</ele>
   </trkpt>
   <trkpt lat="-41.2915750" lon="174.7732500">
    <ele>27.0</ele>
   </trkpt>
   <trkpt lat="-41.2915530" lon="174.7732560">
    <ele>27.0</ele>
   </trkpt>
   <trkpt lat="-41.2915300" lon="174.7732660">
    <ele>27.0</ele>
   </trkpt>
   <trkpt lat="-41.2915080" lon="174.7732760">
    <ele>27.0</ele>
   </trkpt>
   <trkpt lat="-41.2914830" lon="174.7732910">
    <ele>27.0</ele>
   </trkpt>
   <trkpt lat="-41.2914580" lon="174.7733060">
    <ele>26.0</ele>
   </trkpt>
   <trkpt lat="-41.2914310" lon="174.7733240">
    <ele>26.0</ele>
   </trkpt>
   <trkpt lat="-41.2914040" lon="174.7733430">
    <ele>26.0</ele>
   </trkpt>
   <trkpt lat="-41.2913740" lon="174.7733610">
    <ele>26.0</ele>
   </trkpt>
   <trkpt lat="-41.2913450" lon="174.7733800">
    <ele>26.0</ele>
   </trkpt>
   <trkpt lat="-41.2913150" lon="174.7733990">
    <ele>26.0</ele>
   </trkpt>
   <trkpt lat="-41.2912850" lon="174.7734170">
    <ele>26.0</ele>
   </trkpt>
   <trkpt lat="-41.2912560" lon="174.7734350">
    <ele>26.0</ele>
   </trkpt>
   <trkpt lat="-41.2912280" lon="174.7734530">
    <ele>26.0</ele>
   </trkpt>
   <trkpt lat="-41.2911990" lon="174.7734680">
    <ele>26.0</ele>
   </trkpt>
   <trkpt lat="-41.2911700" lon="174.7734820">
    <ele>26.0</ele>
   </trkpt>
   <trkpt lat="-41.2911450" lon="174.7734970">
    <ele>26.0</ele>
   </trkpt>
   <trkpt lat="-41.2911190" lon="174.7735110">
    <ele>26.0</ele>
   </trkpt>
   <trkpt lat="-41.2910960" lon="174.7735290">
    <ele>26.0</ele>
   </trkpt>
   <trkpt lat="-41.2910730" lon="174.7735460">
    <ele>26.0</ele>
   </trkpt>
   <trkpt lat="-41.2910520" lon="174.7735640">
    <ele>26.0</ele>
   </trkpt>
   <trkpt lat="-41.2910320" lon="174.7735830">
    <ele>26.0</ele>
   </trkpt>
   <trkpt lat="-41.2910110" lon="174.7735980">
    <ele>26.0</ele>
   </trkpt>
   <trkpt lat="-41.2909910" lon="174.7736120">
    <ele>26.0</ele>
   </trkpt>
   <trkpt lat="-41.2909670" lon="174.7736230">
    <ele>26.0</ele>
   </trkpt>
   <trkpt lat="-41.2909440" lon="174.7736340">
    <ele>26.0</ele>
   </trkpt>
   <trkpt lat="-41.2909170" lon="174.7736460">
    <ele>26.0</ele>
   </trkpt>
   <trkpt lat="-41.2908910" lon="174.7736580">
    <ele>26.0</ele>
   </trkpt>
   <trkpt lat="-41.2908620" lon="174.7736740">
    <ele>26.0</ele>
   </trkpt>
   <trkpt lat="-41.2908320" lon="174.7736900">
    <ele>26.0</ele>
   </trkpt>
   <trkpt lat="-41.2908040" lon="174.7737110">
    <ele>26.0</ele>
   </trkpt>
   <trkpt lat="-41.2907760" lon="174.7737310">
    <ele>26.0</ele>
   </trkpt>
   <trkpt lat="-41.2907510" lon="174.7737520">
    <ele>26.0</ele>
   </trkpt>
   <trkpt lat="-41.2907270" lon="174.7737730">
    <ele>26.0</ele>
   </trkpt>
   <trkpt lat="-41.2907040" lon="174.7737920">
    <ele>26.0</ele>
   </trkpt>
   <trkpt lat="-41.2906810" lon="174.7738100">
    <ele>26.0</ele>
   </trkpt>
   <trkpt lat="-41.2906540" lon="174.7738240">
    <ele>26.0</ele>
   </trkpt>
   <trkpt lat="-41.2906280" lon="174.7738380">
    <ele>26.0</ele>
   </trkpt>
   <trkpt lat="-41.2906000" lon="174.7738490">
    <ele>26.0</ele>
   </trkpt>
   <trkpt lat="-41.2905710" lon="174.7738610">
    <ele>26.0</ele>
   </trkpt>
   <trkpt lat="-41.2905400" lon="174.7738700">
    <ele>25.0</ele>
   </trkpt>
   <trkpt lat="-41.2905100" lon="174.7738790">
    <ele>25.0</ele>
   </trkpt>
   <trkpt lat="-41.2904790" lon="174.7738870">
    <ele>25.0</ele>
   </trkpt>
   <trkpt lat="-41.2904480" lon="174.7738960">
    <ele>25.0</ele>
   </trkpt>
   <trkpt lat="-41.2904170" lon="174.7739060">
    <ele>25.0</ele>
   </trkpt>
   <trkpt lat="-41.2903870" lon="174.7739160">
    <ele>25.0</ele>
   </trkpt>
   <trkpt lat="-41.2903570" lon="174.7739260">
    <ele>25.0</ele>
   </trkpt>
   <trkpt lat="-41.2903270" lon="174.7739370">
    <ele>25.0</ele>
   </trkpt>
   <trkpt lat="-41.2903000" lon="174.7739520">
    <ele>25.0</ele>
   </trkpt>
   <trkpt lat="-41.2902730" lon="174.7739670">
    <ele>25.0</ele>
   </trkpt>
   <trkpt lat="-41.2902470" lon="174.7739850">
    <ele>24.0</ele>
   </trkpt>
   <trkpt lat="-41.2902200" lon="174.7740020">
    <ele>24.0</ele>
   </trkpt>
   <trkpt lat="-41.2901920" lon="174.7740190">
    <ele>24.0</ele>
   </trkpt>
   <trkpt lat="-41.2901640" lon="174.7740360">
    <ele>24.0</ele>
   </trkpt>
   <trkpt lat="-41.2901360" lon="174.7740520">
    <ele>24.0</ele>
   </trkpt>
   <trkpt lat="-41.2901080" lon="174.7740680">
    <ele>24.0</ele>
   </trkpt>
   <trkpt lat="-41.2900810" lon="174.7740820">
    <ele>24.0</ele>
   </trkpt>
   <trkpt lat="-41.2900540" lon="174.7740970">
    <ele>24.0</ele>
   </trkpt>
   <trkpt lat="-41.2900270" lon="174.7741100">
    <ele>24.0</ele>
   </trkpt>
   <trkpt lat="-41.2900010" lon="174.7741240">
    <ele>24.0</ele>
   </trkpt>
   <trkpt lat="-41.2899760" lon="174.7741380">
    <ele>23.0</ele>
   </trkpt>
   <trkpt lat="-41.2899510" lon="174.7741530">
    <ele>23.0</ele>
   </trkpt>
   <trkpt lat="-41.2899260" lon="174.7741680">
    <ele>23.0</ele>
   </trkpt>
   <trkpt lat="-41.2899020" lon="174.7741830">
    <ele>23.0</ele>
   </trkpt>
   <trkpt lat="-41.2898780" lon="174.7741970">
    <ele>23.0</ele>
   </trkpt>
   <trkpt lat="-41.2898540" lon="174.7742120">
    <ele>23.0</ele>
   </trkpt>
   <trkpt lat="-41.2898300" lon="174.7742270">
    <ele>23.0</ele>
   </trkpt>
   <trkpt lat="-41.2898060" lon="174.7742430">
    <ele>23.0</ele>
   </trkpt>
   <trkpt lat="-41.2897820" lon="174.7742610">
    <ele>23.0</ele>
   </trkpt>
   <trkpt lat="-41.2897580" lon="174.7742780">
    <ele>23.0</ele>
   </trkpt>
   <trkpt lat="-41.2897350" lon="174.7742970">
    <ele>22.0</ele>
   </trkpt>
   <trkpt lat="-41.2897120" lon="174.7743150">
    <ele>22.0</ele>
   </trkpt>
   <trkpt lat="-41.2896890" lon="174.7743320">
    <ele>22.0</ele>
   </trkpt>
   <trkpt lat="-41.2896660" lon="174.7743490">
    <ele>22.0</ele>
   </trkpt>
   <trkpt lat="-41.2896420" lon="174.7743650">
    <ele>22.0</ele>
   </trkpt>
   <trkpt lat="-41.2896190" lon="174.7743810">
    <ele>22.0</ele>
   </trkpt>
   <trkpt lat="-41.2895960" lon="174.7743950">
    <ele>22.0</ele>
   </trkpt>
   <trkpt lat="-41.2895740" lon="174.7744100">
    <ele>22.0</ele>
   </trkpt>
   <trkpt lat="-41.2895530" lon="174.7744240">
    <ele>22.0</ele>
   </trkpt>
   <trkpt lat="-41.2895330" lon="174.7744390">
    <ele>22.0</ele>
   </trkpt>
   <trkpt lat="-41.2895130" lon="174.7744540">
    <ele>21.0</ele>
   </trkpt>
   <trkpt lat="-41.2894930" lon="174.7744690">
    <ele>21.0</ele>
   </trkpt>
   <trkpt lat="-41.2894690" lon="174.7744770">
    <ele>21.0</ele>
   </trkpt>
   <trkpt lat="-41.2894450" lon="174.7744860">
    <ele>21.0</ele>
   </trkpt>
   <trkpt lat="-41.2894150" lon="174.7744900">
    <ele>21.0</ele>
   </trkpt>
   <trkpt lat="-41.2893850" lon="174.7744940">
    <ele>20.0</ele>
   </trkpt>
   <trkpt lat="-41.2893540" lon="174.7745000">
    <ele>20.0</ele>
   </trkpt>
   <trkpt lat="-41.2893230" lon="174.7745070">
    <ele>20.0</ele>
   </trkpt>
   <trkpt lat="-41.2892960" lon="174.7745180">
    <ele>20.0</ele>
   </trkpt>
   <trkpt lat="-41.2892680" lon="174.7745290">
    <ele>20.0</ele>
   </trkpt>
   <trkpt lat="-41.2892430" lon="174.7745430">
    <ele>20.0</ele>
   </trkpt>
   <trkpt lat="-41.2892170" lon="174.7745560">
    <ele>20.0</ele>
   </trkpt>
   <trkpt lat="-41.2891920" lon="174.7745710">
    <ele>20.0</ele>
   </trkpt>
   <trkpt lat="-41.2891660" lon="174.7745860">
    <ele>20.0</ele>
   </trkpt>
   <trkpt lat="-41.2891410" lon="174.7746010">
    <ele>20.0</ele>
   </trkpt>
   <trkpt lat="-41.2891160" lon="174.7746160">
    <ele>20.0</ele>
   </trkpt>
   <trkpt lat="-41.2890920" lon="174.7746280">
    <ele>20.0</ele>
   </trkpt>
   <trkpt lat="-41.2890670" lon="174.7746410">
    <ele>20.0</ele>
   </trkpt>
   <trkpt lat="-41.2890440" lon="174.7746530">
    <ele>20.0</ele>
   </trkpt>
   <trkpt lat="-41.2890210" lon="174.7746660">
    <ele>20.0</ele>
   </trkpt>
   <trkpt lat="-41.2889990" lon="174.7746800">
    <ele>19.0</ele>
   </trkpt>
   <trkpt lat="-41.2889780" lon="174.7746940">
    <ele>19.0</ele>
   </trkpt>
   <trkpt lat="-41.2889560" lon="174.7747110">
    <ele>19.0</ele>
   </trkpt>
   <trkpt lat="-41.2889340" lon="174.7747280">
    <ele>19.0</ele>
   </trkpt>
   <trkpt lat="-41.2889110" lon="174.7747500">
    <ele>19.0</ele>
   </trkpt>
   <trkpt lat="-41.2888880" lon="174.7747710">
    <ele>18.0</ele>
   </trkpt>
   <trkpt lat="-41.2888630" lon="174.7747930">
    <ele>18.0</ele>
   </trkpt>
   <trkpt lat="-41.2888370" lon="174.7748140">
    <ele>18.0</ele>
   </trkpt>
   <trkpt lat="-41.2888130" lon="174.7748330">
    <ele>18.0</ele>
   </trkpt>
   <trkpt lat="-41.2887890" lon="174.7748520">
    <ele>18.0</ele>
   </trkpt>
   <trkpt lat="-41.2887670" lon="174.7748700">
    <ele>17.0</ele>
   </trkpt>
   <trkpt lat="-41.2887450" lon="174.7748880">
    <ele>17.0</ele>
   </trkpt>
   <trkpt lat="-41.2887310" lon="174.7749040">
    <ele>17.0</ele>
   </trkpt>
   <trkpt lat="-41.2887160" lon="174.7749200">
    <ele>17.0</ele>
   </trkpt>
   <trkpt lat="-41.2887190" lon="174.7749470">
    <ele>17.0</ele>
   </trkpt>
   <trkpt lat="-41.2887220" lon="174.7749740">
    <ele>17.0</ele>
   </trkpt>
   <trkpt lat="-41.2887390" lon="174.7750090">
    <ele>17.0</ele>
   </trkpt>
   <trkpt lat="-41.2887560" lon="174.7750450">
    <ele>17.0</ele>
   </trkpt>
   <trkpt lat="-41.2887740" lon="174.7750800">
    <ele>17.0</ele>
   </trkpt>
   <trkpt lat="-41.2887930" lon="174.7751150">
    <ele>17.0</ele>
   </trkpt>
   <trkpt lat="-41.2888110" lon="174.7751460">
    <ele>17.0</ele>
   </trkpt>
   <trkpt lat="-41.2888290" lon="174.7751770">
    <ele>17.0</ele>
   </trkpt>
   <trkpt lat="-41.2888470" lon="174.7752040">
    <ele>17.0</ele>
   </trkpt>
   <trkpt lat="-41.2888650" lon="174.7752310">
    <ele>17.0</ele>
   </trkpt>
   <trkpt lat="-41.2888840" lon="174.7752570">
    <ele>17.0</ele>
   </trkpt>
   <trkpt lat="-41.2889030" lon="174.7752840">
    <ele>16.0</ele>
   </trkpt>
   <trkpt lat="-41.2889230" lon="174.7753150">
    <ele>16.0</ele>
   </trkpt>
   <trkpt lat="-41.2889430" lon="174.7753470">
    <ele>16.0</ele>
   </trkpt>
   <trkpt lat="-41.2889560" lon="174.7753800">
    <ele>16.0</ele>
   </trkpt>
   <trkpt lat="-41.2889700" lon="174.7754130">
    <ele>16.0</ele>
   </trkpt>
   <trkpt lat="-41.2889850" lon="174.7754360">
    <ele>16.0</ele>
   </trkpt>
   <trkpt lat="-41.2890000" lon="174.7754600">
    <ele>16.0</ele>
   </trkpt>
   <trkpt lat="-41.2890180" lon="174.7754780">
    <ele>16.0</ele>
   </trkpt>
   <trkpt lat="-41.2890360" lon="174.7754960">
    <ele>16.0</ele>
   </trkpt>
   <trkpt lat="-41.2890550" lon="174.7755140">
    <ele>16.0</ele>
   </trkpt>
   <trkpt lat="-41.2890750" lon="174.7755320">
    <ele>16.0</ele>
   </trkpt>
   <trkpt lat="-41.2890960" lon="174.7755490">
    <ele>16.0</ele>
   </trkpt>
   <trkpt lat="-41.2891160" lon="174.7755670">
    <ele>16.0</ele>
   </trkpt>
   <trkpt lat="-41.2891340" lon="174.7755830">
    <ele>16.0</ele>
   </trkpt>
   <trkpt lat="-41.2891520" lon="174.7756000">
    <ele>16.0</ele>
   </trkpt>
   <trkpt lat="-41.2891570" lon="174.7756360">
    <ele>16.0</ele>
   </trkpt>
   <trkpt lat="-41.2891600" lon="174.7756510">
    <ele>16.0</ele>
   </trkpt>
   <trkpt lat="-41.2891620" lon="174.7756650">
    <ele>16.0</ele>
   </trkpt>
   <trkpt lat="-41.2891520" lon="174.7757230">
    <ele>16.0</ele>
   </trkpt>
   <trkpt lat="-41.2891420" lon="174.7757810">
    <ele>16.0</ele>
   </trkpt>
   <trkpt lat="-41.2891310" lon="174.7758370">
    <ele>16.0</ele>
   </trkpt>
   <trkpt lat="-41.2891190" lon="174.7758920">
    <ele>16.0</ele>
   </trkpt>
   <trkpt lat="-41.2891110" lon="174.7759410">
    <ele>16.0</ele>
   </trkpt>
   <trkpt lat="-41.2891020" lon="174.7759890">
    <ele>16.0</ele>
   </trkpt>
   <trkpt lat="-41.2890990" lon="174.7760350">
    <ele>16.0</ele>
   </trkpt>
   <trkpt lat="-41.2890960" lon="174.7760810">
    <ele>16.0</ele>
   </trkpt>
   <trkpt lat="-41.2891030" lon="174.7761260">
    <ele>16.0</ele>
   </trkpt>
   <trkpt lat="-41.2891100" lon="174.7761710">
    <ele>16.0</ele>
   </trkpt>
   <trkpt lat="-41.2891260" lon="174.7762110">
    <ele>16.0</ele>
   </trkpt>
   <trkpt lat="-41.2891420" lon="174.7762510">
    <ele>16.0</ele>
   </trkpt>
   <trkpt lat="-41.2891640" lon="174.7762870">
    <ele>16.0</ele>
   </trkpt>
   <trkpt lat="-41.2891850" lon="174.7763220">
    <ele>16.0</ele>
   </trkpt>
   <trkpt lat="-41.2892060" lon="174.7763530">
    <ele>16.0</ele>
   </trkpt>
   <trkpt lat="-41.2892280" lon="174.7763840">
    <ele>16.0</ele>
   </trkpt>
   <trkpt lat="-41.2892470" lon="174.7764110">
    <ele>16.0</ele>
   </trkpt>
   <trkpt lat="-41.2892670" lon="174.7764390">
    <ele>16.0</ele>
   </trkpt>
   <trkpt lat="-41.2892830" lon="174.7764660">
    <ele>16.0</ele>
   </trkpt>
   <trkpt lat="-41.2892990" lon="174.7764940">
    <ele>16.0</ele>
   </trkpt>
   <trkpt lat="-41.2893130" lon="174.7765250">
    <ele>16.0</ele>
   </trkpt>
   <trkpt lat="-41.2893270" lon="174.7765560">
    <ele>16.0</ele>
   </trkpt>
   <trkpt lat="-41.2893410" lon="174.7765870">
    <ele>16.0</ele>
   </trkpt>
   <trkpt lat="-41.2893550" lon="174.7766190">
    <ele>16.0</ele>
   </trkpt>
   <trkpt lat="-41.2893710" lon="174.7766470">
    <ele>16.0</ele>
   </trkpt>
   <trkpt lat="-41.2893870" lon="174.7766760">
    <ele>16.0</ele>
   </trkpt>
   <trkpt lat="-41.2894040" lon="174.7767010">
    <ele>16.0</ele>
   </trkpt>
   <trkpt lat="-41.2894210" lon="174.7767250">
    <ele>16.0</ele>
   </trkpt>
   <trkpt lat="-41.2894390" lon="174.7767500">
    <ele>16.0</ele>
   </trkpt>
   <trkpt lat="-41.2894560" lon="174.7767750">
    <ele>16.0</ele>
   </trkpt>
   <trkpt lat="-41.2894710" lon="174.7768030">
    <ele>16.0</ele>
   </trkpt>
   <trkpt lat="-41.2894870" lon="174.7768320">
    <ele>16.0</ele>
   </trkpt>
   <trkpt lat="-41.2895010" lon="174.7768630">
    <ele>16.0</ele>
   </trkpt>
   <trkpt lat="-41.2895150" lon="174.7768930">
    <ele>16.0</ele>
   </trkpt>
   <trkpt lat="-41.2895300" lon="174.7769240">
    <ele>16.0</ele>
   </trkpt>
   <trkpt lat="-41.2895460" lon="174.7769550">
    <ele>16.0</ele>
   </trkpt>
   <trkpt lat="-41.2895600" lon="174.7769880">
    <ele>16.0</ele>
   </trkpt>
   <trkpt lat="-41.2895730" lon="174.7770220">
    <ele>16.0</ele>
   </trkpt>
   <trkpt lat="-41.2895860" lon="174.7770560">
    <ele>16.0</ele>
   </trkpt>
   <trkpt lat="-41.2895990" lon="174.7770900">
    <ele>16.0</ele>
   </trkpt>
   <trkpt lat="-41.2896140" lon="174.7771210">
    <ele>16.0</ele>
   </trkpt>
   <trkpt lat="-41.2896280" lon="174.7771530">
    <ele>16.0</ele>
   </trkpt>
   <trkpt lat="-41.2896470" lon="174.7771820">
    <ele>16.0</ele>
   </trkpt>
   <trkpt lat="-41.2896660" lon="174.7772100">
    <ele>16.0</ele>
   </trkpt>
   <trkpt lat="-41.2896860" lon="174.7772370">
    <ele>16.0</ele>
   </trkpt>
   <trkpt lat="-41.2897070" lon="174.7772640">
    <ele>16.0</ele>
   </trkpt>
   <trkpt lat="-41.2897270" lon="174.7772910">
    <ele>16.0</ele>
   </trkpt>
   <trkpt lat="-41.2897480" lon="174.7773190">
    <ele>16.0</ele>
   </trkpt>
   <trkpt lat="-41.2897670" lon="174.7773460">
    <ele>16.0</ele>
   </trkpt>
   <trkpt lat="-41.2897860" lon="174.7773730">
    <ele>16.0</ele>
   </trkpt>
   <trkpt lat="-41.2897990" lon="174.7774040">
    <ele>16.0</ele>
   </trkpt>
   <trkpt lat="-41.2898120" lon="174.7774340">
    <ele>16.0</ele>
   </trkpt>
   <trkpt lat="-41.2898170" lon="174.7774680">
    <ele>16.0</ele>
   </trkpt>
   <trkpt lat="-41.2898220" lon="174.7775010">
    <ele>16.0</ele>
   </trkpt>
   <trkpt lat="-41.2898220" lon="174.7775330">
    <ele>16.0</ele>
   </trkpt>
   <trkpt lat="-41.2898220" lon="174.7775650">
    <ele>16.0</ele>
   </trkpt>
   <trkpt lat="-41.2898220" lon="174.7775910">
    <ele>16.0</ele>
   </trkpt>
   <trkpt lat="-41.2898220" lon="174.7776170">
    <ele>16.0</ele>
   </trkpt>
   <trkpt lat="-41.2898220" lon="174.7776350">
    <ele>16.0</ele>
   </trkpt>
   <trkpt lat="-41.2898230" lon="174.7776520">
    <ele>16.0</ele>
   </trkpt>
   <trkpt lat="-41.2898280" lon="174.7776650">
    <ele>16.0</ele>
   </trkpt>
   <trkpt lat="-41.2898320" lon="174.7776770">
    <ele>16.0</ele>
   </trkpt>
   <trkpt lat="-41.2898400" lon="174.7776940">
    <ele>16.0</ele>
   </trkpt>
   <trkpt lat="-41.2898470" lon="174.7777120">
    <ele>16.0</ele>
   </trkpt>
   <trkpt lat="-41.2898560" lon="174.7777420">
    <ele>16.0</ele>
   </trkpt>
   <trkpt lat="-41.2898650" lon="174.7777730">
    <ele>16.0</ele>
   </trkpt>
   <trkpt lat="-41.2898700" lon="174.7778110">
    <ele>16.0</ele>
   </trkpt>
   <trkpt lat="-41.2898750" lon="174.7778490">
    <ele>16.0</ele>
   </trkpt>
   <trkpt lat="-41.2898670" lon="174.7778990">
    <ele>16.0</ele>
   </trkpt>
   <trkpt lat="-41.2898600" lon="174.7779490">
    <ele>16.0</ele>
   </trkpt>
   <trkpt lat="-41.2898490" lon="174.7780050">
    <ele>16.0</ele>
   </trkpt>
   <trkpt lat="-41.2898380" lon="174.7780600">
    <ele>16.0</ele>
   </trkpt>
   <trkpt lat="-41.2898290" lon="174.7781140">
    <ele>16.0</ele>
   </trkpt>
   <trkpt lat="-41.2898200" lon="174.7781690">
    <ele>16.0</ele>
   </trkpt>
   <trkpt lat="-41.2898160" lon="174.7782190">
    <ele>16.0</ele>
   </trkpt>
   <trkpt lat="-41.2898110" lon="174.7782690">
    <ele>16.0</ele>
   </trkpt>
   <trkpt lat="-41.2898090" lon="174.7783110">
    <ele>16.0</ele>
   </trkpt>
   <trkpt lat="-41.2898070" lon="174.7783530">
    <ele>16.0</ele>
   </trkpt>
   <trkpt lat="-41.2898040" lon="174.7783880">
    <ele>16.0</ele>
   </trkpt>
   <trkpt lat="-41.2898020" lon="174.7784230">
    <ele>16.0</ele>
   </trkpt>
   <trkpt lat="-41.2897970" lon="174.7784540">
    <ele>16.0</ele>
   </trkpt>
   <trkpt lat="-41.2897910" lon="174.7784840">
    <ele>16.0</ele>
   </trkpt>
   <trkpt lat="-41.2897870" lon="174.7785180">
    <ele>16.0</ele>
   </trkpt>
   <trkpt lat="-41.2897830" lon="174.7785530">
    <ele>16.0</ele>
   </trkpt>
   <trkpt lat="-41.2897840" lon="174.7785890">
    <ele>16.0</ele>
   </trkpt>
   <trkpt lat="-41.2897850" lon="174.7786260">
    <ele>16.0</ele>
   </trkpt>
   <trkpt lat="-41.2897930" lon="174.7786600">
    <ele>16.0</ele>
   </trkpt>
   <trkpt lat="-41.2898000" lon="174.7786950">
    <ele>16.0</ele>
   </trkpt>
   <trkpt lat="-41.2898100" lon="174.7787250">
    <ele>16.0</ele>
   </trkpt>
   <trkpt lat="-41.2898210" lon="174.7787550">
    <ele>16.0</ele>
   </trkpt>
   <trkpt lat="-41.2898330" lon="174.7787830">
    <ele>16.0</ele>
   </trkpt>
   <trkpt lat="-41.2898450" lon="174.7788110">
    <ele>16.0</ele>
   </trkpt>
   <trkpt lat="-41.2898600" lon="174.7788390">
    <ele>16.0</ele>
   </trkpt>
   <trkpt lat="-41.2898740" lon="174.7788670">
    <ele>16.0</ele>
   </trkpt>
   <trkpt lat="-41.2898940" lon="174.7788920">
    <ele>16.0</ele>
   </trkpt>
   <trkpt lat="-41.2899140" lon="174.7789170">
    <ele>16.0</ele>
   </trkpt>
   <trkpt lat="-41.2899370" lon="174.7789340">
    <ele>16.0</ele>
   </trkpt>
   <trkpt lat="-41.2899600" lon="174.7789500">
    <ele>16.0</ele>
   </trkpt>
   <trkpt lat="-41.2899820" lon="174.7789600">
    <ele>16.0</ele>
   </trkpt>
   <trkpt lat="-41.2900030" lon="174.7789700">
    <ele>16.0</ele>
   </trkpt>
   <trkpt lat="-41.2900220" lon="174.7789810">
    <ele>16.0</ele>
   </trkpt>
   <trkpt lat="-41.2900410" lon="174.7789920">
    <ele>16.0</ele>
   </trkpt>
   <trkpt lat="-41.2900580" lon="174.7790060">
    <ele>16.0</ele>
   </trkpt>
   <trkpt lat="-41.2900760" lon="174.7790190">
    <ele>16.0</ele>
   </trkpt>
   <trkpt lat="-41.2900940" lon="174.7790340">
    <ele>16.0</ele>
   </trkpt>
   <trkpt lat="-41.2901120" lon="174.7790480">
    <ele>16.0</ele>
   </trkpt>
   <trkpt lat="-41.2901300" lon="174.7790620">
    <ele>16.0</ele>
   </trkpt>
   <trkpt lat="-41.2901470" lon="174.7790760">
    <ele>16.0</ele>
   </trkpt>
   <trkpt lat="-41.2901640" lon="174.7790920">
    <ele>16.0</ele>
   </trkpt>
   <trkpt lat="-41.2901800" lon="174.7791070">
    <ele>16.0</ele>
   </trkpt>
   <trkpt lat="-41.2901960" lon="174.7791230">
    <ele>16.0</ele>
   </trkpt>
   <trkpt lat="-41.2902110" lon="174.7791380">
    <ele>16.0</ele>
   </trkpt>
   <trkpt lat="-41.2902270" lon="174.7791560">
    <ele>16.0</ele>
   </trkpt>
   <trkpt lat="-41.2902420" lon="174.7791730">
    <ele>16.0</ele>
   </trkpt>
   <trkpt lat="-41.2902570" lon="174.7791930">
    <ele>16.0</ele>
   </trkpt>
   <trkpt lat="-41.2902720" lon="174.7792130">
    <ele>16.0</ele>
   </trkpt>
   <trkpt lat="-41.2902870" lon="174.7792350">
    <ele>16.0</ele>
   </trkpt>
   <trkpt lat="-41.2903020" lon="174.7792560">
    <ele>16.0</ele>
   </trkpt>
   <trkpt lat="-41.2903190" lon="174.7792780">
    <ele>16.0</ele>
   </trkpt>
   <trkpt lat="-41.2903360" lon="174.7792990">
    <ele>16.0</ele>
   </trkpt>
   <trkpt lat="-41.2903550" lon="174.7793190">
    <ele>16.0</ele>
   </trkpt>
   <trkpt lat="-41.2903740" lon="174.7793380">
    <ele>16.0</ele>
   </trkpt>
   <trkpt lat="-41.2903930" lon="174.7793550">
    <ele>16.0</ele>
   </trkpt>
   <trkpt lat="-41.2904120" lon="174.7793710">
    <ele>16.0</ele>
   </trkpt>
   <trkpt lat="-41.2904290" lon="174.7793860">
    <ele>16.0</ele>
   </trkpt>
   <trkpt lat="-41.2904460" lon="174.7794010">
    <ele>16.0</ele>
   </trkpt>
   <trkpt lat="-41.2904610" lon="174.7794130">
    <ele>16.0</ele>
   </trkpt>
   <trkpt lat="-41.2904760" lon="174.7794250">
    <ele>16.0</ele>
   </trkpt>
   <trkpt lat="-41.2904760" lon="174.7794250">
    <ele>16.0</ele>
   </trkpt>
   <trkpt lat="-41.2904760" lon="174.7794250">
    <ele>16.0</ele>
   </trkpt>
  </trkseg>
 </trk>
</gpx>
